1,Jacob,20365,Sophia,21837
2,Mason,19507,Isabella,19901
3,William,17339,Emma,18797
4,Jayden,16986,Olivia,17321
5,Noah,16854,Ava,15496
6,Michael,16789,Emily,14251
7,Ethan,16681,Abigail,13247
8,Alexander,15700,Madison,12381
9,Aiden,15492,Mia,11527
10,Daniel,15279,Chloe,10988
11,Anthony,14263,Elizabeth,10084
12,Matthew,14159,Ella,9586
13,Elijah,13960,Addison,9297
14,Joshua,13763,Natalie,8637
15,Liam,13433,Lily,8177
16,Andrew,13272,Grace,7633
17,James,13247,Samantha,7393
18,David,13222,Avery,7340
19,Benjamin,13061,Sofia,7327
20,Christopher,12995,Aubrey,7174
21,Logan,12982,Brooklyn,7164
22,Joseph,12964,Lillian,6920
23,Jackson,12395,Victoria,6888
24,Gabriel,12337,Evelyn,6707
25,Ryan,11493,Hannah,6566
26,Samuel,11340,Alexis,6521
27,John,11042,Charlotte,6427
28,Nathan,10501,Zoey,6399
29,Lucas,10395,Leah,6389
30,Christian,10310,Amelia,6368
31,Jonathan,10230,Zoe,6303
32,Caleb,10027,Hailey,6270
33,Dylan,9776,Nevaeh,6102
34,Landon,9753,Gabriella,6094
35,Isaac,9597,Layla,6079
36,Brayden,9009,Kaylee,6044
37,Gavin,9009,Alyssa,6015
38,Tyler,8834,Anna,5658
39,Luke,8701,Sarah,5555
40,Evan,8651,Allison,5465
41,Carter,8596,Savannah,5446
42,Nicholas,8589,Ashley,5398
43,Isaiah,8526,Audrey,5210
44,Owen,8329,Taylor,5188
45,Jack,8179,Brianna,5180
46,Jordan,8065,Aaliyah,5115
47,Brandon,7809,Riley,5031
48,Wyatt,7677,Camila,4968
49,Julian,7616,Khloe,4954
50,Aaron,7613,Claire,4896
51,Jeremiah,7601,Sophie,4728
52,Angel,7529,Arianna,4686
53,Cameron,7517,Harper,4674
54,Connor,7405,Peyton,4674
55,Hunter,7365,Alexa,4504
56,Adrian,7333,Makayla,4449
57,Henry,7229,Julia,4347
58,Eli,7205,Kylie,4346
59,Justin,7109,Kayla,4324
60,Austin,7026,Bella,4264
61,Charles,6977,Katherine,4186
62,Robert,6968,Lauren,4098
63,Thomas,6913,Gianna,4065
64,Zachary,6802,Maya,4016
65,Jose,6758,Sydney,3971
66,Levi,6647,Serenity,3857
67,Kevin,6560,Kimberly,3807
68,Sebastian,6543,Mackenzie,3795
69,Chase,6187,Autumn,3758
70,Ayden,6124,Jocelyn,3729
71,Jason,5840,Faith,3726
72,Ian,5616,Lucy,3700
73,Blake,5609,Jasmine,3693
74,Colton,5592,Stella,3693
75,Bentley,5573,Morgan,3669
76,Xavier,5438,Alexandra,3627
77,Dominic,5429,Trinity,3621
78,Oliver,5410,Molly,3615
79,Parker,5288,Madelyn,3602
80,Josiah,5258,Scarlett,3558
81,Adam,5204,Genesis,3510
82,Cooper,5176,Andrea,3509
83,Brody,5073,Eva,3466
84,Nathaniel,4971,Ariana,3451
85,Carson,4921,Madeline,3428
86,Jaxon,4728,Brooke,3369
87,Tristan,4724,Caroline,3369
88,Luis,4689,Bailey,3312
89,Juan,4677,Melanie,3285
90,Hayden,4592,Destiny,3264
91,Carlos,4177,Kennedy,3244
92,Nolan,4167,Maria,3216
93,Jesus,4163,Naomi,3188
94,Cole,4137,London,3163
95,Alex,4030,Payton,3147
96,Max,3953,Lydia,3083
97,Grayson,3937,Ellie,3062
98,Bryson,3933,Mariah,2985
99,Diego,3822,Aubree,2933
100,Jaden,3806,Kaitlyn,2906
101,Vincent,3795,Violet,2898
102,Easton,3761,Rylee,2873
103,Micah,3760,Lilly,2868
104,Eric,3746,Angelina,2860
105,Kayden,3736,Mya,2857
106,Jace,3728,Katelyn,2842
107,Aidan,3713,Paige,2813
108,Ryder,3705,Natalia,2800
109,Ashton,3544,Ruby,2766
110,Bryan,3518,Piper,2733
111,Riley,3457,Annabelle,2725
112,Hudson,3442,Mary,2706
113,Asher,3413,Jade,2670
114,Bryce,3357,Isabelle,2664
115,Miles,3357,Liliana,2660
116,Kaleb,3333,Rachel,2655
117,Giovanni,3320,Nicole,2654
118,Antonio,3313,Gabrielle,2621
119,Kaden,3289,Jessica,2620
120,Colin,3265,Vanessa,2619
121,Kyle,3260,Jordyn,2611
122,Brian,3239,Reagan,2608
123,Timothy,3230,Sadie,2596
124,Steven,3205,Kendall,2594
125,Sean,3182,Valeria,2539
126,Miguel,3169,Brielle,2502
127,Richard,3160,Lyla,2414
128,Ivan,3107,Isabel,2412
129,Jake,3104,Brooklynn,2409
130,Alejandro,3087,Sara,2391
131,Santiago,3070,Reese,2381
132,Joel,3052,Adriana,2319
133,Maxwell,3052,Aliyah,2297
134,Caden,3044,Jennifer,2277
135,Brady,3040,Mckenzie,2242
136,Axel,3035,Gracie,2239
137,Preston,3029,Nora,2234
138,Damian,3007,Kylee,2216
139,Elias,2989,Makenzie,2205
140,Jesse,2965,Laila,2196
141,Jaxson,2958,Izabella,2194
142,Victor,2891,Alice,2192
143,Jonah,2865,Amy,2190
144,Patrick,2864,Michelle,2177
145,Marcus,2808,Skylar,2156
146,Rylan,2759,Stephanie,2145
147,Emmanuel,2670,Juliana,2126
148,Edward,2664,Rebecca,2114
149,Leonardo,2641,Jayla,2084
150,Cayden,2570,Eleanor,2082
151,Grant,2540,Clara,2073
152,Jeremy,2521,Giselle,2036
153,Braxton,2513,Vivian,2021
154,Gage,2501,Valentina,2017
155,Jude,2478,Eliana,2011
156,Wesley,2470,Alaina,1998
157,Roman,2463,Aria,1980
158,Devin,2461,Valerie,1956
159,Mark,2426,Haley,1947
160,Camden,2408,Elena,1937
161,Kaiden,2404,Catherine,1934
162,Oscar,2376,Elise,1934
163,Malachi,2346,Lila,1920
164,Alan,2339,Megan,1911
165,George,2316,Gabriela,1908
166,Peyton,2293,Jada,1898
167,Leo,2247,Daisy,1892
168,Nicolas,2239,Penelope,1871
169,Maddox,2217,Daniela,1870
170,Kenneth,2213,Jenna,1841
171,Mateo,2202,Ashlyn,1832
172,Sawyer,2178,Delilah,1827
173,Cody,2174,Summer,1813
174,Collin,2173,Mila,1798
175,Conner,2169,Kate,1791
176,Declan,2164,Keira,1789
177,Andres,2158,Adrianna,1774
178,Lincoln,2158,Hadley,1758
179,Bradley,2157,Julianna,1737
180,Trevor,2145,Maci,1731
181,Derek,2139,Eden,1730
182,Tanner,2134,Josephine,1730
183,Silas,2111,Aurora,1724
184,Seth,2092,Melissa,1708
185,Eduardo,2082,Alana,1700
186,Paul,2073,Margaret,1699
187,Jaiden,2066,Hayden,1692
188,Jorge,2041,Quinn,1691
189,Cristian,2006,Angela,1675
190,Garrett,1941,Katie,1666
191,Travis,1939,Alivia,1665
192,Abraham,1934,Brynn,1664
193,Omar,1886,Ryleigh,1647
194,Javier,1883,Paisley,1643
195,Ezekiel,1866,Kinley,1638
196,Tucker,1839,Jordan,1634
197,Peter,1835,Aniyah,1585
198,Harrison,1828,Allie,1575
199,Damien,1827,Miranda,1568
200,Greyson,1794,Willow,1568
201,Avery,1790,Jacqueline,1559
202,Kai,1786,Melody,1557
203,Ezra,1757,Cora,1552
204,Weston,1749,Diana,1544
205,Xander,1728,Alexandria,1528
206,Jaylen,1723,Mikayla,1522
207,Corbin,1711,Danielle,1499
208,Calvin,1706,Londyn,1487
209,Fernando,1705,Addyson,1481
210,Francisco,1660,Amaya,1480
211,Jameson,1659,Hazel,1480
212,Maximus,1648,Angel,1475
213,Josue,1638,Callie,1474
214,Shane,1636,Teagan,1470
215,Chance,1631,Adalyn,1465
216,Ricardo,1629,Ximena,1464
217,Trenton,1623,Kinsley,1459
218,Cesar,1610,Shelby,1458
219,Emmett,1609,Makenna,1450
220,Israel,1609,Ariel,1436
221,Zane,1606,Jillian,1430
222,Drake,1605,Chelsea,1424
223,Jayce,1602,Harmony,1417
224,Mario,1597,Amanda,1411
225,Landen,1592,Alayna,1406
226,Spencer,1583,Sienna,1404
227,Griffin,1580,Presley,1394
228,Stephen,1576,Tessa,1391
229,Kingston,1574,Hope,1388
230,Theodore,1572,Maggie,1387
231,Manuel,1556,Leila,1376
232,Erick,1543,Genevieve,1364
233,Braylon,1532,Erin,1351
234,Raymond,1526,Esther,1350
235,Edwin,1521,Briana,1338
236,Charlie,1520,Delaney,1337
237,Myles,1508,Kathryn,1335
238,Abel,1504,Mckenna,1333
239,Johnathan,1495,Ana,1331
240,Andre,1494,Lucia,1325
241,Bennett,1491,Camille,1316
242,Alexis,1482,Cecilia,1316
243,Edgar,1467,Lola,1313
244,Troy,1457,Leilani,1303
245,Zion,1455,Ashlynn,1286
246,Jeffrey,1437,Leslie,1285
247,Shawn,1422,Kayleigh,1284
248,Hector,1413,Carly,1275
249,Lukas,1385,Juliet,1275
250,Amir,1383,Alondra,1274
251,Tyson,1380,Haylee,1274
252,Keegan,1368,Alison,1271
253,Kyler,1368,Lexi,1270
254,Donovan,1363,Kelsey,1262
255,Simon,1360,Eliza,1256
256,Graham,1356,Josie,1243
257,Clayton,1343,Marissa,1240
258,Braden,1342,Amber,1235
259,Everett,1341,Marley,1234
260,Luca,1339,Sabrina,1229
261,Emanuel,1319,Alicia,1227
262,Martin,1316,Kaydence,1219
263,Brendan,1312,Norah,1217
264,Cash,1310,Allyson,1212
265,Dante,1302,Ivy,1212
266,Zander,1302,Alina,1210
267,Jared,1299,Fiona,1210
268,Kameron,1295,Isla,1207
269,Dominick,1293,Nadia,1182
270,Lane,1293,Christina,1179
271,Ryker,1293,Emery,1172
272,Elliot,1286,Kyleigh,1172
273,Paxton,1283,Laura,1169
274,Rafael,1274,Cheyenne,1157
275,Andy,1269,Emerson,1150
276,Dalton,1267,Alexia,1149
277,Sergio,1265,Sierra,1147
278,Erik,1264,Cadence,1145
279,Gregory,1264,Luna,1144
280,Marco,1257,Daniella,1141
281,Jasper,1249,Fatima,1129
282,Johnny,1247,Cassidy,1124
283,Emiliano,1243,Bianca,1119
284,Dean,1235,Veronica,1113
285,Drew,1232,Kyla,1109
286,Judah,1226,Evangeline,1108
287,Caiden,1223,Adeline,1103
288,Skyler,1218,Karen,1103
289,Aden,1204,Mallory,1098
290,Maximiliano,1199,Rose,1096
291,Fabian,1197,Jazmine,1092
292,Zayden,1189,Jayden,1072
293,Brennan,1176,Kendra,1069
294,Anderson,1144,Dakota,1066
295,Roberto,1131,Camryn,1064
296,Quinn,1129,Macy,1063
297,Reid,1122,Abby,1062
298,Angelo,1121,Mariana,1062
299,Holden,1114,Madilyn,1057
300,Cruz,1097,Adelyn,1056
301,Derrick,1096,Gia,1056
302,Finn,1090,Jazmin,1053
303,Emilio,1089,Iris,1051
304,Grady,1089,Nina,1048
305,Elliott,1067,Georgia,1045
306,Amari,1052,Lilah,1043
307,Pedro,1048,Jayda,1026
308,Frank,1047,Breanna,1025
309,Rowan,1046,Kenzie,1023
310,Felix,1031,Phoebe,1022
311,Lorenzo,1030,Lilliana,1014
312,Dakota,1027,Malia,1009
313,Colby,1024,Athena,1008
314,Corey,1023,Kamryn,1005
315,Dawson,1012,Nyla,1000
316,Braylen,1010,Miley,991
317,Allen,1000,Heaven,987
318,Brycen,997,Audrina,984
319,Ty,994,Kiara,984
320,Jax,989,Selena,982
321,Brantley,988,Madeleine,980
322,Malik,987,Maddison,979
323,Ruben,975,Joanna,975
324,Trey,971,Lyric,975
325,Brock,963,Emilia,972
326,Dallas,958,Giuliana,972
327,Colt,952,Annabella,966
328,Joaquin,950,Adalynn,965
329,Leland,942,Fernanda,961
330,Beckett,937,Aubrie,957
331,Jett,924,Heidi,952
332,Louis,919,Kira,946
333,Gunner,908,Esmeralda,944
334,Jakob,906,Arabella,942
335,Adan,905,Kelly,942
336,Taylor,899,Miriam,942
337,Cohen,896,Elliana,939
338,Marshall,893,Kara,936
339,Arthur,892,Crystal,934
340,Marcos,891,Paris,934
341,Ronald,886,Karina,933
342,Julius,885,Raegan,930
343,Armando,880,Caitlyn,929
344,Kellen,879,Alejandra,928
345,Brooks,877,Tatum,928
346,Dillon,876,Savanna,926
347,Cade,866,Ayla,921
348,Nehemiah,866,Tiffany,918
349,Danny,862,Carmen,916
350,Devon,853,Bethany,914
351,Beau,851,Maliyah,912
352,Jayson,850,Gemma,908
353,Tristen,850,Guadalupe,908
354,Enrique,844,Karla,908
355,Desmond,843,Kailey,905
356,Randy,841,Macie,904
357,Pablo,840,Noelle,904
358,Milo,837,Ruth,901
359,Gerardo,836,Rylie,899
360,Raul,834,Lena,897
361,Romeo,834,Elaina,896
362,Titus,822,Ainsley,891
363,Julio,818,Amiyah,889
364,Kellan,817,Finley,880
365,Keaton,813,Danna,876
366,Karson,811,Parker,872
367,Reed,809,Jane,867
368,Keith,805,Emely,866
369,Braydon,801,Journey,866
370,Dustin,801,Anastasia,865
371,Scott,801,Angelica,865
372,Ali,800,Joselyn,863
373,Walter,799,Scarlet,863
374,Trent,798,Sasha,858
375,Waylon,798,Charlie,856
376,Ismael,789,Yaretzi,855
377,Donald,787,Juliette,850
378,Phillip,778,Brynlee,845
379,Iker,773,Lia,845
380,Darius,765,Angelique,838
381,Esteban,764,Katelynn,837
382,Jaime,763,Nayeli,826
383,Landyn,762,Vivienne,825
384,Dexter,752,Annie,822
385,Matteo,751,Addisyn,821
386,Colten,747,Kaelyn,821
387,Emerson,737,Tiana,820
388,Phoenix,729,Kyra,817
389,King,727,Aleah,812
390,Izaiah,725,Cali,812
391,Karter,725,Janelle,812
392,Tate,724,Imani,807
393,Jerry,722,Caitlin,803
394,Albert,721,Jayleen,802
395,August,718,Julie,798
396,Larry,715,April,792
397,Payton,715,Julissa,792
398,Saul,715,Kailyn,792
399,Jay,713,Janiyah,791
400,Rocco,708,Alessandra,790
401,Jalen,707,Jazlyn,786
402,Russell,707,Cassandra,779
403,Enzo,706,Kaylie,779
404,Kolton,703,Madelynn,778
405,Philip,696,Baylee,777
406,Quentin,696,Michaela,776
407,Leon,694,Monica,776
408,Mathew,690,Adelaide,775
409,Tony,690,Itzel,772
410,Gael,689,Brylee,771
411,Kade,688,Kaylin,770
412,Gideon,687,Madisyn,769
413,Dennis,683,Aniya,768
414,Damon,681,Elle,766
415,Darren,681,Olive,763
416,Kason,677,Dulce,761
417,Walker,675,Jaelyn,760
418,Mitchell,667,Courtney,752
419,Jimmy,665,Brittany,748
420,Alberto,661,Madalyn,738
421,Alec,658,Kamila,736
422,Rodrigo,650,Tenley,736
423,River,644,Holly,735
424,Casey,643,Jasmin,735
425,Issac,640,Kiley,735
426,Amare,639,Braelyn,734
427,Maverick,639,Talia,733
428,Brayan,637,Cynthia,731
429,Mohamed,635,Helen,730
430,Yahir,635,Carolina,728
431,Moises,632,Anya,726
432,Arturo,630,Hayley,726
433,Knox,630,Estrella,725
434,Maximilian,630,Bristol,719
435,Davis,628,Jimena,716
436,Barrett,626,Rebekah,716
437,Gustavo,624,Jamie,714
438,Curtis,623,Harley,712
439,Hugo,617,Charlee,710
440,Reece,616,Lacey,707
441,Chandler,615,Cameron,706
442,Jamari,614,Jaliyah,703
443,Abram,613,Sarai,701
444,Mauricio,610,Caylee,695
445,Solomon,608,Dayana,692
446,Archer,604,Kennedi,692
447,Kamden,604,Tatiana,689
448,Uriel,604,Serena,682
449,Bryant,602,Eloise,679
450,Porter,601,Daphne,673
451,Zackary,597,Mckinley,673
452,Ryland,595,Mikaela,673
453,Adriel,593,Celeste,668
454,Lawrence,593,Hanna,666
455,Ricky,588,Lucille,666
456,Noel,587,Nylah,652
457,Ronan,583,Skyler,652
458,Alijah,581,Camilla,648
459,Leonel,581,Lindsey,647
460,Chris,580,Lilian,646
461,Khalil,579,Sage,646
462,Zachariah,579,Danica,645
463,Maurice,578,Lillie,644
464,Atticus,577,Viviana,643
465,Brenden,577,Liana,642
466,Ibrahim,575,Melany,638
467,Lance,575,Aileen,633
468,Bruce,574,Kadence,631
469,Dane,574,Bridget,630
470,Orion,573,June,630
471,Marvin,571,Zariah,630
472,Cullen,568,Lilyana,626
473,Pierce,564,Anabelle,624
474,Kieran,562,Lexie,624
475,Braeden,561,Erica,622
476,Nikolas,561,Skye,622
477,Kobe,553,Anaya,621
478,Remington,553,Gracelyn,621
479,Finnegan,550,Alyson,620
480,Prince,550,Paola,620
481,Muhammad,545,Angie,619
482,Sam,545,Elsie,617
483,Mekhi,544,Kiera,617
484,Orlando,544,Myla,612
485,Alfredo,542,Priscilla,611
486,Jacoby,540,Aylin,609
487,Rhys,539,Lana,608
488,Eddie,538,Kassidy,606
489,Jonas,535,Natasha,606
490,Zaiden,534,Miracle,605
491,Joe,533,Nia,600
492,Kristopher,532,Ada,599
493,Ernesto,531,Kali,599
494,Nico,529,Kenley,599
495,Gary,526,Dylan,598
496,Jamison,525,Raelynn,596
497,Malcolm,524,Francesca,594
498,Warren,523,Briella,592
499,Johan,520,Emilee,591
500,Giovani,519,Amira,587
501,Gunnar,519,Arielle,587
502,Armani,518,Joy,585
503,Franklin,518,Lorelei,585
504,Ramon,518,Madyson,584
505,Byron,512,Annika,580
506,Cason,511,Jaelynn,580
507,Kane,511,Alanna,579
508,Ari,510,Nataly,578
509,Brett,510,Shayla,577
510,Deandre,507,Brenna,576
511,Finley,507,Sloane,576
512,Cyrus,505,Vera,573
513,Douglas,503,Amari,572
514,Justice,503,Lauryn,570
515,Moses,502,Abbigail,568
516,Gianni,499,Jaycee,567
517,Talon,499,Skyla,564
518,Camron,494,Whitney,563
519,Cannon,493,Johanna,562
520,Kendrick,492,Aspen,561
521,Nash,492,Jaylah,558
522,Dorian,488,Laney,557
523,Sullivan,487,Nathalie,557
524,Arjun,485,Ciara,554
525,Dominik,481,Logan,551
526,Kasen,481,Justice,549
527,Korbin,479,Marlee,549
528,Skylar,479,Leighton,548
529,Quinton,478,Brinley,547
530,Royce,478,Erika,547
531,Ahmed,477,Kayden,547
532,Roger,477,Brenda,546
533,Salvador,477,Rowan,544
534,Terry,476,Lainey,543
535,Brodie,475,Teresa,543
536,Morgan,475,Elisa,542
537,Raiden,475,Dahlia,538
538,Tobias,475,Janiya,538
539,Isaias,473,Annabel,537
540,Moshe,472,Kaliyah,537
541,Conor,471,Nancy,537
542,Frederick,471,Lizbeth,536
543,Reese,471,Aleena,535
544,Madden,470,Farrah,535
545,Braiden,468,Rosalie,534
546,Asa,464,Eve,532
547,Kelvin,464,Madilynn,532
548,Julien,463,Marilyn,532
549,Nickolas,462,Emmalyn,531
550,Wade,462,Jaylynn,530
551,Alvin,461,Anahi,529
552,Kristian,461,Sylvia,529
553,Rodney,461,Annalise,528
554,Xzavier,461,Bailee,528
555,Davion,460,Averie,527
556,Boston,456,Lea,525
557,Ezequiel,455,Samara,524
558,Nasir,455,Regina,523
559,Nelson,455,Zoie,523
560,Alonzo,454,Yareli,522
561,Jase,453,Amani,520
562,London,451,Hailee,519
563,Jermaine,447,Evelynn,516
564,Rhett,447,Arely,513
565,Mohammed,446,Haven,513
566,Roy,443,Luciana,513
567,Matias,442,Natalee,513
568,Blaine,439,Liberty,512
569,Keagan,439,Gwendolyn,511
570,Ace,438,Anika,510
571,Chad,438,Giana,509
572,Marc,437,Gloria,509
573,Trace,437,Jazlynn,508
574,Aarav,436,Virginia,507
575,Bently,435,Ryan,506
576,Rohan,435,Marisol,505
577,Aldo,434,Selah,505
578,Uriah,434,Myah,504
579,Nathanael,433,Melina,500
580,Demetrius,432,Elsa,499
581,Kamari,432,Sariah,496
582,Lawson,432,Adelynn,495
583,Layne,431,Aryanna,494
584,Carmelo,430,Kaylynn,494
585,Jamarion,429,Raelyn,492
586,Shaun,427,Amara,491
587,Ahmad,426,Helena,491
588,Terrance,426,Miah,491
589,Carl,425,Jaylee,490
590,Kale,424,Linda,489
591,Callen,421,Maeve,489
592,Jaydon,421,Raven,489
593,Micheal,421,Anne,486
594,Noe,421,Desiree,485
595,Jaxen,419,Madalynn,480
596,Lucian,418,Marie,480
597,Jaxton,415,Clarissa,479
598,Quincy,414,Elyse,479
599,Rory,413,Hallie,478
600,Javon,410,Anabella,477
601,Kendall,409,Kaia,477
602,Jeffery,408,Meredith,477
603,Kian,408,Elisabeth,476
604,Wilson,408,Danika,475
605,Guillermo,407,Alissa,474
606,Joey,407,Claudia,474
607,Harper,402,Siena,474
608,Jensen,399,Cara,473
609,Mohammad,398,Denise,473
610,Billy,395,Kimora,473
611,Jonathon,395,Zion,472
612,Dayton,394,Maleah,471
613,Jadiel,390,Marina,471
614,Willie,390,Sandra,471
615,Jadon,389,Ansley,470
616,Melvin,386,Milan,470
617,Clark,385,Dana,469
618,Francis,385,Halle,467
619,Rex,384,Saniyah,466
620,Malakai,382,Casey,465
621,Kash,381,Harlow,465
622,Terrell,381,Rosa,465
623,Ariel,379,Shiloh,464
624,Cristopher,376,Kassandra,463
625,Layton,376,Adele,461
626,Sylas,376,Charley,461
627,Gerald,372,Tori,458
628,Semaj,372,Ariella,455
629,Lewis,370,Kiana,454
630,Aron,369,Kathleen,451
631,Kody,369,Janessa,450
632,Messiah,369,Isis,449
633,Tomas,369,Aisha,447
634,Triston,369,Jaylene,447
635,Tommy,368,Raquel,447
636,Bentlee,367,Amya,446
637,Marlon,367,Joslyn,446
638,Harley,365,Karlee,446
639,Nikolai,365,Ayanna,445
640,Aidyn,364,Evie,445
641,Alessandro,364,Lylah,445
642,Isiah,364,Zara,445
643,Jagger,363,Cindy,444
644,Kylan,363,Perla,444
645,Luciano,363,Simone,444
646,Omari,363,Phoenix,443
647,Rene,363,Catalina,442
648,Sincere,363,Bria,439
649,Cory,362,Lilianna,439
650,Terrence,362,Kristina,438
651,Beckham,360,Mollie,437
652,Reginald,359,Rosemary,437
653,Urijah,359,Briley,435
654,Deacon,358,Asia,433
655,Felipe,358,Cecelia,433
656,Neil,358,Lindsay,433
657,Aydin,357,Aliya,432
658,Daxton,357,Kourtney,429
659,Jordyn,357,Kristen,429
660,Santino,357,Patricia,429
661,Tristian,357,Yasmin,429
662,Ulises,357,Elin,428
663,Will,357,Aiyana,427
664,Kayson,356,Felicity,426
665,Osvaldo,356,Isabela,426
666,Giovanny,355,Alani,424
667,Makai,355,Amiya,424
668,Raphael,355,Ember,424
669,Kole,353,Kailee,423
670,Case,352,Adrienne,422
671,Channing,352,Mariyah,422
672,Lee,351,Aliana,419
673,Tripp,351,Ally,419
674,Allan,350,Mariam,419
675,Jamal,349,Tabitha,417
676,Stanley,348,Bryanna,416
677,Alonso,347,Wendy,415
678,Soren,347,Clare,414
679,Jon,346,Noemi,414
680,Jorden,346,Karsyn,412
681,Aydan,345,Maia,412
682,Bobby,345,Sidney,412
683,Jasiah,345,Aimee,411
684,Ray,345,Greta,410
685,Ben,344,Laylah,410
686,Camren,344,Gracelynn,409
687,Davin,344,Jayde,408
688,Markus,344,Jessie,408
689,Aryan,342,Kallie,407
690,Darrell,338,Leanna,407
691,Branden,336,Irene,406
692,Hank,336,Kaleigh,406
693,Adonis,335,Lesly,404
694,Mathias,335,Paityn,403
695,Darian,333,Amelie,400
696,Marquis,333,Ellen,400
697,Jessie,332,Iliana,400
698,Raylan,330,Elaine,399
699,Vicente,330,Lillianna,399
700,Zayne,329,Rylan,398
701,Kenny,327,Taryn,398
702,Leonard,326,Beatrice,396
703,Wayne,326,Lisa,396
704,Jefferson,325,Emersyn,394
705,Kolby,325,Lailah,394
706,Harry,324,Shannon,394
707,Steve,324,Chaya,393
708,Zechariah,323,Braelynn,391
709,Adrien,322,Heather,391
710,Ayaan,322,Janae,391
711,Dax,322,Jaylin,390
712,Emery,322,Ali,388
713,Dwayne,320,Taliyah,388
714,Rashad,320,Arya,387
715,Ronnie,320,Emilie,386
716,Yusuf,320,Destinee,385
717,Samir,319,Jaida,385
718,Clay,316,Journee,385
719,Tristin,316,Cherish,384
720,Memphis,315,Elianna,384
721,Benson,314,Sawyer,384
722,Bowen,314,Emmalee,383
723,Lamar,314,Kaya,383
724,Odin,314,Charli,381
725,Tatum,314,Armani,380
726,Javion,313,Ivanna,380
727,Maxim,313,Jocelynn,380
728,Ellis,312,Reyna,380
729,Alexzander,311,Rihanna,380
730,Elisha,311,Alia,379
731,Rudy,310,Christine,379
732,Branson,309,Kaitlynn,377
733,Draven,309,Zaniyah,377
734,Rayan,309,Leyla,376
735,Rylee,308,Meghan,375
736,Zain,308,Mckayla,374
737,Brendon,307,Raina,374
738,Deshawn,307,Macey,373
739,Brennen,306,Alayah,372
740,Crosby,306,Celia,372
741,Kareem,306,Carolyn,371
742,Sterling,306,Kynlee,371
743,Jerome,305,Bryn,369
744,Kyson,305,Carlee,369
745,Winston,305,Eileen,369
746,Jairo,304,Alena,368
747,Luka,303,Carla,368
748,Niko,303,Jolie,368
749,Lennon,302,Saniya,367
750,Roland,302,Emelia,366
751,Zavier,302,Keyla,366
752,Yosef,301,Livia,365
753,Cedric,300,Amina,364
754,Kymani,300,Krystal,364
755,Vance,300,Martha,364
756,Chaim,299,Zaria,364
757,Trevon,299,Barbara,363
758,Gauge,298,Mercedes,363
759,Killian,297,Angeline,362
760,Kaeden,296,Diamond,362
761,Vincenzo,296,Renata,362
762,Teagan,295,Jenny,361
763,Abdullah,293,Paulina,361
764,Bo,293,Alisha,358
765,Hamza,293,Aviana,356
766,Kolten,293,Ayleen,356
767,Valentino,293,Jaqueline,355
768,Augustus,292,Maryam,353
769,Edison,292,Susan,353
770,Jovani,292,Giada,352
771,Matthias,292,Matilda,352
772,Darwin,291,Edith,351
773,Gavyn,291,Julianne,351
774,Jamir,291,Kaylyn,351
775,Jaylin,291,Sonia,351
776,Toby,290,Audriana,350
777,Davian,289,Emmy,350
778,Hayes,289,Haleigh,350
779,Damion,288,Leia,350
780,Rogelio,288,Tegan,350
781,Brent,287,Charleigh,349
782,Brogan,287,Frances,348
783,Landry,286,Mira,347
784,Emmitt,284,Giovanna,346
785,Junior,284,Kendal,346
786,Kamron,284,Nathaly,346
787,Bronson,283,Amirah,345
788,Misael,283,Jordynn,345
789,Van,283,Addilyn,342
790,Casen,282,Hadassah,342
791,Lionel,282,Kaitlin,342
792,Giancarlo,280,Myra,342
793,Yandel,280,Kyndall,341
794,Alfonso,279,Samiyah,341
795,Jamie,278,Corinne,340
796,Conrad,277,Lorelai,340
797,Deangelo,276,Abbie,339
798,Rolando,276,Jazmyn,339
799,Aaden,275,Kaiya,339
800,Abdiel,275,Taraji,339
801,Duncan,275,Braylee,337
802,Ishaan,274,Mae,337
803,Ronin,274,Kenya,336
804,Maximo,273,Abril,335
805,Cael,272,Pearl,335
806,Craig,272,Rayne,335
807,Tyrone,272,Haylie,334
808,Xavi,272,Alisson,333
809,Chace,271,Brisa,332
810,Dominique,271,Deborah,332
811,Ean,271,Mina,332
812,Mayson,270,Ryann,330
813,Quintin,270,America,329
814,Bradyn,269,Araceli,327
815,Zachery,269,Milania,327
816,Derick,267,Millie,326
817,Izayah,267,Blake,325
818,Westin,266,Deanna,325
819,Johnathon,265,Paula,325
820,Konner,265,Demi,324
821,Alvaro,264,Karissa,323
822,Blaze,264,Moriah,323
823,Ramiro,264,Sharon,323
824,Keenan,263,Gisselle,322
825,Lennox,263,Rachael,321
826,Marcelo,263,Aryana,320
827,Eugene,262,Chanel,320
828,Bruno,261,Kensley,319
829,Rayden,261,Natalya,319
830,Sage,261,Jemma,318
831,Eden,260,Renee,318
832,Cale,259,Hayleigh,317
833,Camryn,259,Judith,317
834,Deegan,259,Paloma,317
835,Jamar,259,Avianna,316
836,Rodolfo,258,Kenna,316
837,Seamus,258,Hana,315
838,Damarion,257,Zariyah,315
839,Leandro,257,Chana,314
840,Harold,256,Patience,314
841,Marcel,256,Alyvia,313
842,Jaeden,255,Kinsey,313
843,Jovanni,255,Salma,313
844,Cain,254,Zuri,313
845,Konnor,254,Carlie,312
846,Callum,253,Mara,312
847,Ernest,252,Saanvi,312
848,Rowen,252,Charity,310
849,Jair,251,Dixie,310
850,Justus,251,Kaylen,310
851,Rylen,251,Averi,309
852,Arnav,249,Cristina,309
853,Fisher,249,Kirsten,309
854,Gilberto,249,Lilyanna,309
855,Heath,249,Lina,309
856,Irvin,249,Larissa,308
857,Harvey,248,Marisa,308
858,Randall,248,Tianna,308
859,Frankie,246,Ingrid,307
860,Lyric,246,Princess,307
861,Amos,245,Nahla,306
862,Kamryn,245,Lilia,304
863,Theo,245,Tara,303
864,Masen,244,Aubrianna,302
865,Todd,244,Sherlyn,302
866,Alden,243,Yoselin,302
867,Gilbert,242,Adyson,301
868,Hassan,242,Cailyn,301
869,Salvatore,242,Rayna,301
870,Samson,242,Luz,300
871,Darien,241,Cheyanne,299
872,Cassius,240,Jaiden,299
873,Hezekiah,240,Maritza,299
874,Krish,240,Azaria,298
875,Mike,239,Elliot,298
876,Antoine,238,Adelina,297
877,Darnell,238,Jakayla,297
878,Jaidyn,238,Marlene,297
879,Jedidiah,238,Roselyn,297
880,Isai,237,Alma,296
881,Stefan,237,Esperanza,296
882,Makhi,236,Jacey,296
883,Remy,236,Yesenia,296
884,Camdyn,235,Ayana,295
885,Dario,235,Kiersten,295
886,Callan,234,Nova,295
887,Kyron,234,Jadyn,294
888,Leonidas,234,Kai,294
889,Fletcher,232,Avah,293
890,Reagan,232,Neveah,293
891,Sonny,232,Meadow,292
892,Deven,231,Nola,292
893,Sidney,231,River,292
894,Jerimiah,230,Tamia,292
895,Yadiel,230,Alaya,291
896,Efrain,229,Carley,291
897,Santos,229,Sloan,291
898,Brenton,227,Kailynn,290
899,Nixon,226,Sanaa,290
900,Tyrell,226,Abbey,289
901,Vaughn,226,Jaidyn,289
902,Aditya,225,Karis,289
903,Brysen,225,Diya,288
904,Elvis,224,Maliah,288
905,Freddy,223,Micah,288
906,Thaddeus,223,Rory,288
907,Zaire,223,Bentley,287
908,Demarcus,222,Britney,287
909,Gaige,222,Shania,287
910,Jaylon,222,Tia,287
911,Coleman,221,Belen,286
912,Gibson,221,Malaya,286
913,Zackery,221,Yazmin,285
914,Arlo,220,Aubri,284
915,Braylin,220,Alannah,283
916,Clinton,220,Carissa,283
917,Roderick,220,Shaniya,283
918,Turner,220,Tess,283
919,Alfred,219,Bryleigh,282
920,Bodhi,219,Jolene,282
921,Jabari,219,Karlie,282
922,Agustin,218,Leona,282
923,Leighton,218,Lilith,282
924,Arian,217,Laurel,281
925,Miller,217,Yamilet,281
926,Quinten,217,Aliza,280
927,Yehuda,216,Libby,279
928,Jakobe,215,Blakely,278
929,Legend,215,Dorothy,278
930,Mustafa,215,Lara,278
931,Lathan,214,Kaelynn,277
932,Ross,214,Regan,277
933,Blaise,213,Campbell,276
934,Enoch,213,Yaritza,276
935,Otto,213,Akira,275
936,Reuben,213,Audrianna,275
937,Benton,212,Kyndal,275
938,Brice,212,Mattie,275
939,Flynn,212,Jewel,274
940,Rey,212,Kasey,274
941,Vihaan,212,Kylah,274
942,Crew,210,Temperance,274
943,Graysen,210,Julieta,273
944,Houston,210,Kelsie,273
945,Hugh,210,Saige,273
946,Jaycob,210,Tinley,273
947,Maxton,210,Cambria,272
948,Trystan,210,Miya,272
949,Darryl,209,Ashtyn,271
950,Jean,209,Kairi,270
951,Johann,209,Dalia,269
952,Tyree,209,Juniper,269
953,Devan,208,Liv,269
954,Donte,208,Janet,268
955,Ralph,208,Aleigha,267
956,Anders,207,Analia,267
957,Bridger,207,Bree,267
958,Howard,207,Sarahi,267
959,Ignacio,207,Carleigh,266
960,Mariano,207,Malaysia,266
961,Franco,206,Pamela,266
962,Jaydan,206,Rivka,266
963,Valentin,206,Yamileth,266
964,Joziah,205,Geraldine,265
965,Brecken,204,Leigha,265
966,Eliseo,204,Marianna,265
967,Haiden,204,Riya,265
968,Maksim,204,Abrielle,264
969,Maxx,204,Annabell,264
970,Tyrese,204,Gwyneth,264
971,Zeke,204,Izabelle,264
972,Broderick,203,Samiya,264
973,Hendrix,203,Alianna,263
974,Coen,202,Caydence,263
975,Elian,202,Jaylyn,263
976,Keon,202,Joyce,263
977,Princeton,202,Blair,262
978,Cristiano,201,Esme,262
979,Damari,200,Isabell,261
980,Davon,200,Jaden,261
981,Deon,200,Kimber,261
982,Jaron,200,Sky,261
983,Corban,199,Willa,261
984,Malaki,199,Kendyl,260
985,Dimitri,198,Sariyah,260
986,Jaydin,198,Milagros,259
987,Kael,198,Stacy,258
988,Kyan,198,Amalia,257
989,Major,197,Kamille,257
990,Pierre,197,Karma,257
991,Jeramiah,196,Ann,256
992,Kingsley,196,Thalia,256
993,Kohen,196,Hattie,255
994,Cayson,195,Karly,255
995,Cortez,195,Payten,255
996,Oakley,195,Anabel,254
997,Camilo,194,Reina,252
998,Carlo,194,Scarlette,252
999,Dangelo,194,Ariah,251
1000,Kamren,194,Damaris,251
