1,Jacob,35361,Emily,26539
2,Michael,33912,Hannah,21673
3,Matthew,30415,Alexis,19234
4,Joshua,27258,Sarah,19102
5,Nicholas,25638,Samantha,19036
6,Christopher,25603,Ashley,18136
7,Andrew,23854,Madison,18053
8,Joseph,23210,Taylor,16905
9,Daniel,22689,Jessica,16348
10,Tyler,22664,Elizabeth,15341
11,Brandon,21599,Alyssa,14035
12,Ryan,21011,Lauren,13911
13,Austin,20767,Kayla,13289
14,William,20708,Brianna,12414
15,John,20346,Megan,12225
16,David,20331,Victoria,11871
17,Zachary,19981,Emma,11728
18,Anthony,19470,Abigail,11681
19,James,18551,Rachel,11624
20,Justin,18275,Olivia,11254
21,Alexander,17416,Jennifer,10613
22,Jonathan,17062,Amanda,9742
23,Dylan,15979,Sydney,9648
24,Noah,14920,Morgan,9606
25,Christian,14777,Nicole,9515
26,Robert,14539,Jasmine,9351
27,Samuel,14032,Grace,9178
28,Kyle,13771,Destiny,9172
29,Benjamin,13660,Anna,9098
30,Jordan,13051,Julia,8751
31,Thomas,12791,Haley,8202
32,Nathan,12534,Alexandra,8164
33,Cameron,12435,Kaitlyn,8157
34,Kevin,12254,Natalie,8080
35,Jose,12152,Brittany,7942
36,Hunter,11485,Katherine,7933
37,Ethan,11442,Stephanie,7691
38,Aaron,9853,Rebecca,7428
39,Eric,9379,Maria,7029
40,Jason,9362,Allison,7025
41,Caleb,9279,Amber,6840
42,Logan,9135,Savannah,6805
43,Brian,8805,Danielle,6751
44,Adam,8223,Courtney,6557
45,Cody,7863,Mary,6372
46,Juan,7799,Gabrielle,6130
47,Steven,7688,Brooke,6067
48,Connor,7597,Jordan,5730
49,Timothy,7590,Sierra,5713
50,Charles,7524,Sara,5622
51,Isaiah,7499,Kimberly,5456
52,Jack,7383,Mackenzie,5425
53,Gabriel,7369,Sophia,5422
54,Jared,7276,Hailey,5369
55,Luis,7208,Katelyn,5309
56,Sean,7205,Michelle,5303
57,Evan,6850,Vanessa,5287
58,Alex,6826,Erin,5223
59,Carlos,6663,Andrea,5069
60,Elijah,6595,Isabella,5059
61,Richard,6502,Jenna,5043
62,Nathaniel,6464,Shelby,5017
63,Patrick,6444,Chloe,4965
64,Isaac,6402,Melissa,4830
65,Seth,6303,Bailey,4809
66,Trevor,6256,Makayla,4790
67,Luke,6136,Paige,4716
68,Devin,5970,Mariah,4645
69,Mark,5606,Kaylee,4578
70,Jesus,5568,Madeline,4571
71,Ian,5451,Caroline,4472
72,Mason,5451,Kelsey,4400
73,Angel,5401,Marissa,4390
74,Bryan,5391,Breanna,4341
75,Cole,5316,Christina,4296
76,Chase,5223,Faith,4235
77,Dakota,5093,Autumn,4127
78,Garrett,5075,Kiara,4024
79,Adrian,5066,Jacqueline,3901
80,Antonio,5027,Tiffany,3888
81,Jeremy,5015,Laura,3872
82,Jesse,5003,Briana,3838
83,Jackson,4993,Alexandria,3789
84,Blake,4809,Cheyenne,3779
85,Dalton,4541,Mikayla,3734
86,Stephen,4541,Claire,3732
87,Tanner,4521,Cassandra,3728
88,Alejandro,4319,Sabrina,3650
89,Kenneth,4285,Alexa,3644
90,Lucas,4219,Angela,3631
91,Miguel,4205,Kathryn,3583
92,Spencer,4192,Katie,3529
93,Bryce,4148,Caitlin,3461
94,Paul,4017,Miranda,3433
95,Victor,4015,Kelly,3419
96,Brendan,3994,Lindsey,3416
97,Jake,3932,Isabel,3404
98,Marcus,3866,Catherine,3400
99,Tristan,3843,Cassidy,3395
100,Jeffrey,3814,Leslie,3341
101,Gavin,3658,Diana,3328
102,Travis,3608,Molly,3324
103,Edward,3593,Leah,3287
104,Bradley,3575,Zoe,3237
105,Peter,3434,Amy,3205
106,Maxwell,3338,Erica,3161
107,Jorge,3309,Gabriella,3151
108,Jeremiah,3304,Alicia,3014
109,Colton,3288,Kylie,3012
110,Shane,3246,Margaret,2958
111,Julian,3216,Jada,2917
112,Mitchell,3216,Heather,2887
113,Xavier,3190,Maya,2854
114,Derek,3188,Kristen,2845
115,Joel,3184,Veronica,2830
116,Oscar,3125,Angelica,2820
117,Shawn,3099,Jade,2788
118,Dominic,3097,Shannon,2748
119,Colin,3080,Crystal,2740
120,Taylor,3071,Mia,2737
121,Vincent,3066,Angel,2731
122,Gregory,3047,Chelsea,2725
123,George,3041,Gabriela,2705
124,Parker,3011,Caitlyn,2673
125,Devon,3000,Michaela,2657
126,Ricardo,2987,Melanie,2649
127,Riley,2970,Meghan,2578
128,Grant,2939,Brittney,2550
129,Collin,2918,Jamie,2538
130,Henry,2918,Ariana,2528
131,Wyatt,2895,Skylar,2513
132,Alec,2891,Jocelyn,2477
133,Dustin,2843,Daisy,2470
134,Francisco,2832,Audrey,2456
135,Corey,2827,Karina,2378
136,Dawson,2802,Summer,2336
137,Brett,2773,Erika,2324
138,Nicolas,2762,Riley,2312
139,Erik,2722,Adriana,2303
140,Scott,2719,Bethany,2303
141,Liam,2707,Mckenzie,2284
142,Dillon,2682,Jillian,2280
143,Omar,2670,Hope,2263
144,Raymond,2644,Hayley,2261
145,Eduardo,2630,Cynthia,2224
146,Johnathan,2519,Daniela,2193
147,Alexis,2434,Lillian,2190
148,Ivan,2418,Karen,2172
149,Diego,2416,Lydia,2171
150,Hayden,2414,Diamond,2160
151,Chandler,2395,Monica,2133
152,Sebastian,2377,Lily,2123
153,Owen,2374,Selena,2118
154,Andres,2370,Ana,2111
155,Manuel,2353,Kaitlin,2085
156,Carson,2347,Rebekah,2066
157,Clayton,2343,Arianna,2063
158,Cristian,2340,Camryn,2048
159,Kaleb,2332,Valerie,2038
160,Javier,2316,Brenda,1978
161,Max,2298,Evelyn,1964
162,Preston,2290,Isabelle,1953
163,Mario,2288,Bianca,1947
164,Alan,2248,Madelyn,1896
165,Malik,2246,Kennedy,1892
166,Aidan,2213,Mya,1885
167,Bailey,2208,Lauryn,1883
168,Wesley,2207,Hanna,1878
169,Fernando,2175,Lindsay,1848
170,Levi,2158,Kendra,1839
171,Casey,2043,Ariel,1834
172,Jalen,2037,Carly,1826
173,Edgar,2036,Desiree,1820
174,Martin,2036,Abby,1809
175,Drew,2009,Casey,1802
176,Sergio,1985,Cameron,1781
177,Roberto,1959,Esmeralda,1764
178,Gage,1955,Julie,1757
179,Carter,1943,Alejandra,1753
180,Trenton,1943,Holly,1749
181,Cesar,1933,Alondra,1725
182,Harrison,1925,Brooklyn,1689
183,Hector,1914,Kara,1687
184,Brady,1887,Sophie,1685
185,Conner,1882,Dominique,1664
186,Ronald,1871,Claudia,1658
187,Frank,1854,Rachael,1654
188,Phillip,1817,Alexia,1651
189,Trey,1798,Naomi,1643
190,Andre,1781,Shania,1639
191,Marco,1771,Ashlyn,1638
192,Donald,1747,Kathleen,1630
193,Erick,1741,Jordyn,1614
194,Josiah,1741,Karla,1609
195,Micah,1739,Sofia,1603
196,Landon,1715,Cierra,1573
197,Jonah,1710,Jasmin,1573
198,Cory,1703,Mckenna,1570
199,Darius,1703,April,1554
200,Jakob,1692,Kirsten,1533
201,Tyrese,1692,Patricia,1532
202,Jaden,1690,Alison,1527
203,Pedro,1690,Raven,1527
204,Edwin,1677,Christine,1499
205,Troy,1672,Britney,1495
206,Keith,1662,Avery,1491
207,Jonathon,1647,Allyson,1483
208,Braden,1643,Mallory,1483
209,Ruben,1637,Trinity,1481
210,Donovan,1632,Kyra,1470
211,Nolan,1623,Adrianna,1469
212,Calvin,1620,Elena,1468
213,Derrick,1613,Tatiana,1465
214,Abraham,1586,Delaney,1459
215,Chad,1584,Kristina,1453
216,Emmanuel,1583,Kylee,1453
217,Gerardo,1568,Kendall,1442
218,Andy,1565,Serena,1440
219,Griffin,1545,Nina,1437
220,Damian,1540,Jazmin,1435
221,Giovanni,1531,Giselle,1434
222,Brayden,1523,Whitney,1426
223,Chance,1510,Makenzie,1425
224,Colby,1507,Maggie,1423
225,Cade,1498,Amelia,1419
226,Johnny,1490,Nancy,1419
227,Mathew,1471,Asia,1417
228,Raul,1469,Alexus,1403
229,Rafael,1438,Kate,1400
230,Enrique,1436,Payton,1393
231,Skyler,1427,Tara,1392
232,Dante,1415,Savanna,1389
233,Armando,1413,Jazmine,1377
234,Peyton,1381,Katelynn,1363
235,Marc,1369,Peyton,1356
236,Avery,1368,Cindy,1332
237,Trent,1367,Angelina,1327
238,Zackary,1359,Joanna,1325
239,Dennis,1337,Dana,1321
240,Philip,1326,Tori,1319
241,Jaime,1322,Gianna,1306
242,Brenden,1316,Yesenia,1306
243,Marcos,1316,Guadalupe,1300
244,Allen,1315,Kiana,1293
245,Josue,1310,Katrina,1292
246,Jerry,1299,Bridget,1291
247,Douglas,1290,Priscilla,1290
248,Curtis,1269,Sandra,1287
249,Israel,1269,Natalia,1272
250,Larry,1255,Aubrey,1252
251,Gary,1252,Tessa,1248
252,Julio,1242,Alana,1246
253,Zane,1241,Kyla,1245
254,Jayden,1231,Genesis,1244
255,Leonardo,1231,Natasha,1244
256,Ty,1223,Skyler,1219
257,Elias,1219,Ciara,1218
258,Zachery,1218,Sidney,1218
259,Kameron,1205,Ava,1215
260,Alberto,1198,Julianna,1211
261,Cooper,1190,Ruby,1209
262,Louis,1142,Mercedes,1207
263,Randy,1139,Celeste,1205
264,Nickolas,1138,Kassandra,1202
265,Dominick,1134,Callie,1200
266,Tony,1133,Kristin,1194
267,Simon,1125,Juliana,1187
268,Damien,1119,Shayla,1187
269,Albert,1116,Dakota,1166
270,Brennan,1106,Tatyana,1161
271,Ricky,1098,Elise,1157
272,Jimmy,1097,Deja,1156
273,Brock,1092,Camille,1151
274,Zion,1070,Madeleine,1141
275,Danny,1069,Carmen,1139
276,Bryson,1066,Meredith,1139
277,Ashton,1065,Deanna,1132
278,Eli,1057,Rose,1132
279,Brent,1055,Alissa,1121
280,Micheal,1055,Makenna,1114
281,Miles,1053,Vivian,1114
282,Drake,1049,Lisa,1112
283,Darren,1029,Marisa,1110
284,Alfredo,1025,Kira,1106
285,Damon,1020,Cecilia,1103
286,Arturo,1016,Aaliyah,1088
287,Lance,1003,Sadie,1086
288,Caden,1002,Anne,1083
289,Fabian,999,Logan,1073
290,Carl,996,Katlyn,1071
291,Quinn,990,Tabitha,1060
292,Corbin,981,Valeria,1059
293,Jaylen,979,Meagan,1050
294,Kristopher,975,Kailey,1047
295,Tucker,971,Monique,1038
296,Joe,968,Carolyn,1037
297,Lane,968,Miriam,1036
298,Kyler,959,Imani,1035
299,Tommy,959,Carolina,1034
300,Jarrett,956,Brenna,1027
301,Keegan,956,Paola,1027
302,Ramon,954,Brandi,1023
303,Dallas,950,Gillian,1022
304,Lorenzo,946,Bryanna,1011
305,Payton,945,Anastasia,1005
306,Angelo,937,Liliana,1005
307,Pablo,937,Charlotte,1002
308,Gustavo,935,Destinee,1002
309,Jeffery,922,Gina,1001
310,Branden,918,Ashlee,991
311,Lawrence,918,Josephine,989
312,Walter,918,Esther,985
313,Myles,916,Annie,983
314,Theodore,912,Macy,983
315,Terry,905,Jayla,982
316,Kaden,898,Rosa,982
317,Morgan,897,Clarissa,975
318,Saul,891,Eva,975
319,Nikolas,885,Teresa,975
320,Arthur,874,Raquel,970
321,Rodney,868,Haylee,967
322,Quentin,865,Denise,964
323,Kobe,860,Cassie,960
324,Deandre,859,Kassidy,948
325,Russell,855,Lizbeth,944
326,Jay,854,Tiana,939
327,Craig,853,Marina,934
328,Ernesto,835,Cheyanne,931
329,Brendon,823,Krystal,929
330,Emanuel,823,Nadia,916
331,Braxton,820,Heidi,914
332,Bryant,817,Emilee,908
333,Grayson,811,Rylee,906
334,Tristen,804,Ashton,904
335,Jamal,798,Kamryn,902
336,Jace,788,Linda,900
337,Roman,786,Wendy,899
338,Ismael,785,Mariana,897
339,Eddie,783,Gracie,894
340,Oliver,782,Josie,889
341,Isiah,781,Alaina,877
342,Trevon,781,Cristina,876
343,Moises,779,Ashleigh,875
344,Jarod,778,Ruth,870
345,Jon,770,Aliyah,867
346,Emilio,769,Lacey,867
347,Salvador,769,Tia,867
348,Brody,763,Reagan,865
349,Marvin,762,Mikaela,862
350,Billy,748,Georgia,858
351,Desmond,742,Brandy,854
352,Zackery,742,Hallie,850
353,Marshall,738,Allie,845
354,Keaton,737,Baylee,844
355,Tyson,736,Hunter,844
356,Maurice,734,Helen,841
357,Kody,732,Tiara,831
358,Roger,730,Marie,824
359,Johnathon,729,Virginia,824
360,Bobby,728,Kasey,823
361,Rodrigo,723,Kaitlynn,822
362,Lukas,721,Renee,819
363,Jayson,719,Kayleigh,818
364,Conor,718,Lucy,812
365,Dean,716,Gloria,809
366,Malcolm,712,Krista,806
367,Abel,711,Kierra,797
368,Esteban,710,Nia,797
369,Malachi,706,Addison,795
370,Terrell,705,Tyler,788
371,Davis,704,Daniella,787
372,Khalil,700,Clara,785
373,Quinton,695,Ella,769
374,Skylar,695,Alisha,765
375,Ezekiel,690,Kali,763
376,Terrance,688,Talia,763
377,Kelvin,687,Ivy,759
378,Shaun,687,Jenny,758
379,Gerald,685,Julissa,757
380,Camron,683,Francesca,755
381,Reginald,682,Harley,754
382,Orlando,680,Tamara,751
383,Zachariah,675,Fatima,750
384,Frederick,671,Jessie,739
385,Willie,668,Martha,736
386,Ross,667,Cara,728
387,Felix,664,Tyra,726
388,Guillermo,664,Heaven,721
389,Justice,664,Marisol,721
390,Steve,660,Felicity,717
391,Demetrius,650,Kaylie,715
392,Ali,649,Abbey,710
393,Roy,637,Jacquelyn,709
394,Todd,628,Ellie,708
395,Kendall,626,Viviana,706
396,Chris,623,Tamia,705
397,Randall,619,Amaya,704
398,Marquis,616,Lexi,703
399,Weston,614,Susan,703
400,Rene,610,Theresa,701
401,Amir,609,Yasmine,701
402,Nelson,604,Elisabeth,693
403,Clay,603,Colleen,690
404,Santiago,600,Jaqueline,688
405,Graham,598,Eleanor,687
406,Hugo,597,Precious,687
407,Bruce,588,Sharon,684
408,Jessie,581,Lesley,682
409,Mateo,577,Carissa,681
410,Duncan,576,Carla,678
411,Franklin,573,India,677
412,Javon,571,Kelsie,677
413,Rodolfo,571,Ellen,674
414,Jaquan,567,Iris,674
415,Kristian,566,Lesly,672
416,Darian,564,Kiera,671
417,Nathanael,564,Felicia,665
418,Reece,564,Mayra,664
419,Ahmad,562,Mckayla,664
420,Byron,562,Ayanna,656
421,Noel,562,Pamela,655
422,Jarred,561,Yasmin,655
423,Reed,558,Alice,651
424,Tyrone,556,Rhiannon,651
425,Kendrick,554,Ashlynn,649
426,Melvin,551,Haleigh,649
427,Charlie,548,Kaleigh,647
428,Dane,545,Jaclyn,646
429,Darrell,545,Janet,646
430,Francis,542,Tatum,646
431,Holden,542,Bailee,641
432,Kade,542,Chelsey,638
433,Jermaine,538,Alyson,635
434,Walker,534,Noelle,635
435,Tyree,531,Eliza,631
436,Jarrod,528,Melody,627
437,Garret,527,Karissa,622
438,Camden,526,Jane,618
439,Jordon,525,Madalyn,615
440,Devan,524,Regan,611
441,Leo,523,Tayler,611
442,Solomon,520,Janelle,608
443,Jamie,519,Chasity,606
444,Alvin,515,Carley,602
445,Allan,514,Kaylin,602
446,Jerome,513,Gisselle,600
447,Kenny,513,Justine,599
448,Reid,513,Joy,596
449,Lee,510,Larissa,596
450,Damion,509,Nichole,596
451,Stanley,508,Tianna,591
452,Tyrell,508,Kiley,590
453,Issac,506,Paulina,588
454,Wayne,506,Halle,584
455,Jaylon,505,Ann,583
456,Felipe,502,Carrie,582
457,Triston,501,Nora,582
458,Reese,500,Jaden,579
459,Sam,497,Alayna,578
460,Terrence,497,Tania,577
461,Harley,495,Taryn,576
462,Wade,494,Sonia,574
463,Tate,492,Chyna,573
464,Alfonso,490,Luz,573
465,Davion,489,Paris,570
466,Neil,489,Hailee,567
467,Devonte,486,Sasha,566
468,Ronnie,486,Zoey,563
469,Warren,486,Maddison,561
470,Gilberto,485,Annika,558
471,Mauricio,485,Breana,556
472,Eugene,483,Emilie,555
473,Aiden,479,Irene,555
474,Leonard,479,Barbara,554
475,Ramiro,477,Lorena,554
476,Cedric,476,Fiona,552
477,Beau,469,Kelli,549
478,Kai,465,Alanna,544
479,Deven,464,Kaila,544
480,Sawyer,463,Ally,540
481,Leon,461,Kaley,540
482,Harry,460,Sylvia,539
483,Moses,459,Johanna,538
484,Uriel,459,Angelique,536
485,Ezra,458,Alina,534
486,Davon,457,Kailee,534
487,Adan,454,Kiersten,532
488,Noe,454,Tierra,531
489,Tomas,452,Ebony,530
490,Joey,449,Alma,529
491,Mohammed,447,Cora,529
492,Keenan,446,Essence,529
493,Deshawn,445,Arielle,527
494,Rogelio,445,Phoebe,527
495,Dale,441,Shyanne,525
496,Marlon,437,Deborah,524
497,Bennett,436,Serenity,524
498,Maximilian,433,Aimee,523
499,Jonas,431,Annabelle,521
500,Julius,431,Justice,521
501,Mohamed,431,Sage,521
502,Elliot,429,Toni,521
503,Ulises,427,Aurora,520
504,Mohammad,426,Emely,518
505,Ariel,422,Janae,516
506,Will,422,Jailene,513
507,Dorian,420,Genevieve,511
508,Gilbert,419,Devin,509
509,Quincy,419,Clare,507
510,Addison,418,Skye,507
511,Jaylin,417,Lizette,506
512,Tristin,417,Carlie,501
513,Ray,414,Elisa,497
514,Harold,413,Brooklynn,495
515,Lewis,412,Julianne,495
516,Marquise,412,Eden,494
517,Donte,411,Athena,493
518,Alonzo,410,Aileen,492
519,Dominique,409,Calista,490
520,Rudy,409,Adrienne,488
521,Kolby,407,Lilly,488
522,Ahmed,406,Frances,487
523,Braeden,406,Judith,485
524,Wilson,405,Ciera,483
525,Blaine,401,Charity,482
526,Colten,399,Micaela,482
527,Glenn,397,Marilyn,481
528,Brice,392,Angie,480
529,Efrain,392,Nicolette,479
530,Sage,392,Christian,478
531,Sterling,392,Kellie,477
532,Darryl,391,Leticia,476
533,Karl,389,Macey,474
534,Trace,389,Madisyn,474
535,Ben,387,Aspen,473
536,Ernest,387,Perla,472
537,Darien,385,Cayla,469
538,Elliott,382,Destini,469
539,Alvaro,378,Sydnee,469
540,Joaquin,377,Lena,468
541,Orion,377,Lexie,468
542,Osvaldo,375,Candace,463
543,Tylor,374,Noemi,463
544,Leonel,373,Montana,462
545,Jaxon,371,Nathalie,462
546,Nathanial,371,Robin,462
547,Gunnar,370,Elaine,461
548,Adolfo,366,Kayley,461
549,Daquan,366,Regina,461
550,Rolando,365,Carina,459
551,Dwayne,364,Kacie,458
552,Cyrus,363,Kenya,456
553,Sheldon,363,Destiney,455
554,Stefan,362,Stacy,455
555,Elvis,361,Elaina,454
556,Nigel,361,Ryan,454
557,Humberto,360,Jewel,453
558,Infant,360,Brynn,452
559,Koby,358,Shayna,452
560,River,358,Brianne,447
561,Dayton,356,Carson,447
562,Ezequiel,356,Chandler,447
563,Quintin,355,Devon,447
564,Coleman,354,Paula,446
565,Cullen,353,Sarai,446
566,Garrison,353,Laurel,444
567,Sidney,353,Simone,444
568,Antoine,351,Kaylyn,443
569,Declan,351,Salma,442
570,Cordell,343,Cristal,441
571,Nasir,343,Mollie,441
572,Ralph,343,Macie,440
573,Vicente,342,Tess,437
574,Brennen,341,Lucia,433
575,Austen,340,Tina,433
576,Alfred,338,Antonia,432
577,Pierce,338,Marlene,432
578,Braydon,337,Savanah,431
579,Everett,336,Abbie,430
580,Bret,335,Miracle,429
581,Dashawn,335,Edith,426
582,Kolton,335,Lizeth,426
583,Tariq,335,Melina,425
584,Kurt,334,Malia,423
585,Devyn,333,Anahi,422
586,Isaias,332,Micah,421
587,Toby,332,Maia,420
588,Roderick,331,Madyson,419
589,Coby,330,Corinne,418
590,Deonte,330,Helena,415
591,Jaron,328,Sienna,415
592,Tobias,328,Alisa,414
593,Kane,323,Eileen,414
594,Keyshawn,323,Isis,414
595,Jadon,321,Jayda,413
596,Kieran,319,Reyna,413
597,Keshawn,318,Celia,409
598,Clarence,317,Katelin,408
599,Dangelo,315,Nikki,407
600,Darnell,313,Maritza,406
601,Asher,312,Amari,405
602,Shannon,308,Rylie,404
603,Brad,307,Tanya,404
604,Markus,305,Kourtney,403
605,Derick,303,Esperanza,402
606,Demarcus,302,Melinda,401
607,Agustin,301,Kianna,399
608,Dillan,300,Jayden,398
609,Freddy,300,Karlee,398
610,Kareem,300,Moriah,397
611,Aron,299,Sydni,397
612,Rylan,297,Juliet,396
613,Deon,296,Robyn,396
614,Ignacio,296,Abbigail,395
615,Jaren,296,Drew,395
616,Salvatore,296,Lisette,395
617,Conrad,295,Celine,394
618,Shamar,295,Alivia,392
619,Stephan,294,Kailyn,389
620,Clifford,293,Shawna,386
621,Dandre,293,Halie,385
622,Deangelo,293,Keely,382
623,Stephon,292,Maribel,382
624,Brayan,289,Eliana,381
625,Rohan,289,Lexus,381
626,Silas,288,Jaime,380
627,Stone,288,Thalia,380
628,Jefferson,287,Bria,376
629,Rory,287,Beatriz,375
630,Mackenzie,285,Leilani,375
631,Elisha,284,Rosemary,374
632,Mike,284,Donna,373
633,August,283,Karli,372
634,Jasper,281,Kyleigh,372
635,Geoffrey,280,Ericka,371
636,Latrell,278,Leanna,371
637,Dion,277,Lyndsey,370
638,Howard,277,Mariela,370
639,Tre,276,Brielle,369
640,Darion,275,Juliette,368
641,Marcel,273,Blanca,367
642,Ulysses,272,Margarita,367
643,Earl,270,Lea,364
644,Easton,269,Meaghan,364
645,Baby,267,Mara,363
646,Barry,267,Carlee,362
647,Raphael,267,Kathy,361
648,Tevin,267,Stacey,356
649,Austyn,266,Delilah,355
650,Bernard,266,Jenifer,355
651,Jamison,266,Jesse,355
652,Frankie,265,Madelynn,354
653,Gordon,265,Sheila,353
654,Irvin,265,Aleah,351
655,Jamar,265,Alexandrea,351
656,Jovan,265,Layla,351
657,Rashad,265,Zaria,351
658,Winston,264,Infant,350
659,Donavan,262,Camila,349
660,Forrest,262,Gwendolyn,347
661,Moshe,262,Selina,347
662,Brenton,261,Jazmyn,346
663,Perry,261,Stephany,346
664,Clinton,260,Candice,345
665,Justus,257,Karlie,345
666,Lamar,256,Karly,344
667,Rigoberto,256,Desirae,343
668,Kole,255,Kaelyn,343
669,Roland,255,Maeve,343
670,Ronaldo,253,Susana,342
671,Anton,252,Dejah,341
672,Kamron,252,Sydnie,341
673,Keon,252,Hana,339
674,Maximillian,250,Casandra,338
675,Octavio,250,Araceli,337
676,Talon,250,Joyce,337
677,Dimitri,249,Damaris,336
678,Kasey,249,Christy,335
679,Leroy,249,Dorothy,335
680,Travon,249,Madisen,334
681,Fredrick,248,Quinn,334
682,Armani,247,Lyric,333
683,Nestor,247,Kallie,332
684,Romeo,247,Yvette,332
685,Jean,246,Mireya,331
686,Mitchel,246,Allyssa,330
687,Asa,245,Kelsi,330
688,Devante,245,Sandy,329
689,Kory,245,Celina,328
690,Kurtis,244,Sally,327
691,Cruz,243,Anya,326
692,Dwight,243,Christa,326
693,Heriberto,243,Katarina,326
694,Jaiden,243,Aisha,325
695,Hudson,242,Shyann,325
696,Darin,241,Daphne,324
697,Stuart,241,Kenzie,324
698,Cortez,240,Piper,324
699,Titus,240,Reilly,324
700,Tyrek,240,Kaela,323
701,Jarvis,239,Loren,323
702,Muhammad,239,Aniya,322
703,Korey,238,Caleigh,322
704,Norman,238,Eve,322
705,Santos,238,Itzel,322
706,Jamel,237,Anita,321
707,Rhett,237,Janessa,321
708,Destin,236,Katharine,321
709,Misael,235,Anissa,320
710,Alonso,233,Devyn,320
711,Estevan,233,Nikita,320
712,Zechariah,232,Rebeca,320
713,Marquez,231,Kayli,319
714,Amari,230,Jaelyn,317
715,Cornelius,230,Kasandra,317
716,Brooks,229,Raegan,317
717,Guadalupe,229,Dulce,316
718,Ibrahim,229,Marley,316
719,Reynaldo,229,Estefania,314
720,Lamont,228,Noelia,314
721,Milton,228,Tracy,314
722,Dylon,227,Arlene,313
723,Reuben,227,Alessandra,312
724,Clark,226,Lila,312
725,Gianni,226,Stella,312
726,Greyson,226,Kaylah,311
727,Tristian,226,Carli,310
728,Dallin,225,Maura,310
729,Carlton,224,Willow,310
730,Jairo,224,Shanice,309
731,Jameson,223,Darian,308
732,Kellen,223,Alize,307
733,Remington,223,Graciela,307
734,Terence,223,Diane,306
735,Kirk,221,Leila,306
736,Savion,221,Randi,306
737,Josef,220,Elissa,305
738,Tyreke,220,Maegan,304
739,Aldo,219,Estrella,303
740,Cristopher,219,Anika,302
741,Gunner,219,Carol,302
742,Antwan,218,Maranda,302
743,German,217,Nayeli,302
744,Jordi,217,Skyla,302
745,Landen,217,Dasia,301
746,Shayne,216,Gretchen,301
747,Clifton,215,Mariam,301
748,Lincoln,214,Jacklyn,300
749,Nash,214,Rocio,300
750,Chaz,213,Ayana,298
751,Hassan,213,Darby,298
752,Jordy,213,Haylie,298
753,Vernon,213,Janice,298
754,Brandan,212,Taya,298
755,Darrius,212,Cortney,296
756,Deion,212,Jeanette,295
757,Daryl,211,Rachelle,294
758,Dexter,211,Abigayle,292
759,Layne,211,Emilia,292
760,Trever,211,Norma,292
761,Denver,210,Cecelia,291
762,Draven,210,Haven,291
763,Cayden,209,Kiarra,291
764,Houston,209,Alena,290
765,Jayce,209,Christiana,290
766,Sammy,209,Karley,290
767,Anderson,208,Nataly,290
768,Tyrique,208,Chantel,289
769,Zakary,208,Shaina,289
770,Julien,207,Kaylynn,288
771,Grady,206,Annette,287
772,Heath,206,Kacey,286
773,Izaiah,206,Fernanda,285
774,Junior,206,Joselyn,285
775,Quinten,206,Aylin,284
776,Lonnie,205,Kristine,284
777,Abdullah,204,Lori,284
778,Nick,204,Bridgette,283
779,Nico,202,Brook,283
780,Glen,201,Jacey,283
781,Fred,200,Kari,283
782,Dominik,199,Yadira,283
783,Raymundo,197,Madilyn,282
784,Jaylan,196,Gabriel,281
785,Marques,196,Shea,281
786,Alexandro,195,Alex,278
787,Davin,195,Juanita,278
788,Kelly,195,Lara,278
789,Adonis,194,Sarina,278
790,Colt,194,Sonya,278
791,Dequan,194,Amani,277
792,Josh,194,Jadyn,277
793,Kevon,194,Shaniya,276
794,Turner,194,Stefanie,276
795,Ari,193,Chanel,275
796,Jett,193,Myah,275
797,Mekhi,193,Savana,275
798,Darrin,192,Tatianna,274
799,Axel,191,Yvonne,274
800,Courtney,191,Lillie,273
801,Jorden,191,Odalys,273
802,Justyn,191,Yolanda,273
803,Kent,191,Kennedi,272
804,Seamus,191,Trisha,272
805,Guy,190,Ashly,271
806,Reagan,190,Elyse,270
807,Jackie,189,Fabiola,270
808,Tracy,189,Maci,270
809,Arnold,188,Jazlyn,269
810,Emmett,188,Valentina,269
811,Luciano,188,Harmony,268
812,Maverick,188,Hayden,268
813,Raven,188,Katlynn,268
814,Rickey,188,Katlin,267
815,Don,187,Marianna,267
816,Lloyd,187,Cali,266
817,Mikel,187,Teagan,266
818,Nikhil,187,Bonnie,265
819,Efren,186,Jena,265
820,Giancarlo,186,Lilian,265
821,Keagan,186,Alexys,264
822,Keven,186,Kristy,264
823,Marcelo,186,Yessenia,264
824,Bo,185,Ansley,263
825,Hamza,185,Berenice,263
826,Neal,185,Daria,262
827,Thaddeus,184,Antoinette,261
828,Abram,183,Dalia,261
829,Aubrey,183,Princess,261
830,Raheem,183,Ryann,260
831,Brandyn,182,Alysa,259
832,Denzel,182,Chaya,259
833,Tyreek,182,Chelsie,259
834,Dario,181,Jasmyn,259
835,Dyllan,181,Keara,259
836,Ellis,180,Unique,259
837,Johan,180,Yasmeen,259
838,Juwan,180,Jaida,258
839,Keanu,180,Kalyn,258
840,Mariano,180,Leann,258
841,Raekwon,180,Catalina,257
842,Zaire,180,Dianna,257
843,Brant,179,Tiffani,257
844,Chaim,179,Zoie,257
845,Isai,179,Michele,256
846,Jabari,179,Shakira,256
847,Johnnie,179,Alycia,255
848,Shemar,179,Armani,255
849,Antony,178,Kaci,255
850,Davonte,178,Reanna,255
851,Garett,178,Violet,255
852,Gonzalo,178,Caitlynn,254
853,Hugh,178,Hillary,254
854,Benito,177,Alia,253
855,Freddie,177,Aubree,253
856,Jamari,177,Greta,253
857,Yosef,177,Joelle,253
858,Deontae,176,Ingrid,252
859,Kristofer,176,Bryana,251
860,Porter,176,Nadine,251
861,Duane,175,Giovanna,250
862,Jacoby,175,Jazmyne,250
863,Jimmie,175,Shaylee,250
864,Tahj,175,Liana,249
865,Brennon,174,Ali,248
866,Clint,174,Breanne,248
867,Deshaun,174,Jaycee,248
868,Gerard,174,Luisa,248
869,Gino,174,America,247
870,Nehemiah,174,Ayla,247
871,Reilly,174,Jana,247
872,Emiliano,173,Parker,247
873,Jaydon,173,Daija,246
874,Korbin,173,Elyssa,246
875,Madison,173,Nautica,246
876,Nathen,173,Emmalee,245
877,Paris,173,Scarlett,245
878,Dillion,172,Leanne,244
879,Khalid,172,Ashanti,243
880,Ladarius,172,Katy,243
881,Markel,172,Keri,243
882,Barrett,171,Mattie,243
883,Deondre,171,Silvia,243
884,Shelby,171,Kinsey,242
885,Tyron,171,Magdalena,242
886,Demarco,170,Blair,241
887,Elmer,170,Misty,241
888,Lester,170,Aiyana,240
889,Alessandro,169,Baby,240
890,Andreas,169,Jocelyne,240
891,Bernardo,169,Kirstin,240
892,Blaise,169,Lourdes,240
893,Dewayne,169,Miya,239
894,Dontae,169,Shianne,239
895,Tyreese,169,Yazmin,239
896,Emerson,168,Roxanne,237
897,Paxton,168,Dallas,236
898,Rahul,168,Delia,236
899,Rashawn,168,Elsa,236
900,Braedon,167,Marcella,236
901,Tyshawn,167,Rayna,236
902,Valentin,167,Kelley,235
903,Cale,166,Shauna,235
904,Donnie,165,Myra,234
905,Jeff,165,Alysha,233
906,Judah,165,Emerald,233
907,Kennedy,165,Jalyn,233
908,Keyon,165,Lia,233
909,Myron,165,Nyasia,233
910,Rick,165,Kori,232
911,Sonny,165,Mikala,232
912,Vance,165,Raina,232
913,Domenic,164,Tamera,232
914,Phoenix,164,Aniyah,231
915,Samir,164,Hazel,231
916,Fidel,162,Lacy,231
917,Jaleel,162,Shirley,231
918,Kelton,162,Dawn,230
919,Ryder,162,London,230
920,Vaughn,162,Patience,230
921,Treyvon,161,Alysia,229
922,Bradly,160,Chantal,229
923,Gene,160,Jaylene,229
924,Jaxson,159,Adeline,228
925,Xander,159,Kyara,228
926,Benny,158,Odalis,228
927,Pierre,158,Rita,228
928,Robin,158,Destany,227
929,Royce,158,Janette,227
930,Tyquan,158,Makala,227
931,Auston,157,Citlalli,226
932,Branson,157,Iliana,226
933,Darrion,157,Juana,226
934,Syed,157,Martina,226
935,Augustus,156,Abigale,225
936,Camren,156,Asha,224
937,Jaret,156,Darlene,224
938,Semaj,156,Reina,224
939,Simeon,156,Daisha,223
940,Jovani,155,Isabela,223
941,Matteo,155,Mandy,223
942,Omari,155,Samara,223
943,Samson,155,Maricela,222
944,Alek,154,Amira,221
945,Ean,154,Jodi,221
946,Jalon,154,Dayna,220
947,Trae,154,Marlee,220
948,Hans,153,Beverly,219
949,Jude,153,Kameron,219
950,Amos,152,Suzanne,219
951,Gaven,152,Rochelle,218
952,Giovanny,152,Tatyanna,218
953,Hernan,152,Journey,217
954,Prince,152,Kassie,217
955,Shea,152,Presley,217
956,Bradford,151,Ryleigh,217
957,Brycen,151,Brittani,216
958,Herbert,151,Kaycee,216
959,Genaro,150,Lissette,216
960,Jade,150,Aliya,215
961,Jovany,150,Annamarie,215
962,Karson,150,Eryn,215
963,Kerry,150,Kalie,215
964,Markell,150,Katia,215
965,Trevion,150,Sky,215
966,Ayden,149,Audra,214
967,Darrian,149,Gladys,214
968,Elvin,149,Jaiden,214
969,Jamarcus,149,Kenia,214
970,Jamil,149,Shelbi,214
971,Rey,149,Abril,213
972,Tyriq,149,Jill,213
973,Bronson,148,Shyla,213
974,Tavion,148,Vanesa,213
975,Braiden,147,Brionna,212
976,Dakotah,147,Bryn,212
977,Kadin,147,Justina,212
978,Cristobal,146,Shana,212
979,Donavon,146,Abagail,211
980,Herman,146,Breonna,211
981,Arman,145,Joanne,211
982,Eliseo,145,Keeley,211
983,Francesco,145,Annalise,210
984,Kenyon,145,Marcela,210
985,Alden,144,Shelbie,210
986,Broderick,144,Ashlie,209
987,Carlo,144,Chana,209
988,Aditya,143,Deasia,209
989,Aric,143,Starr,209
990,Jerrod,143,Charlene,208
991,Rowan,143,Izabella,207
992,Bridger,142,Janie,207
993,Darrien,142,Kendal,207
994,Kylan,142,Nya,207
995,Adrien,141,Saige,207
996,Alexandre,141,Breann,206
997,Dejuan,141,Ivana,206
998,Irving,141,Jakayla,206
999,Kayden,141,Lana,206
1000,Montana,141,Constance,205
