1,Jacob,24841,Emily,21400
2,Michael,22632,Emma,19114
3,Joshua,22317,Madison,18625
4,Ethan,20511,Isabella,18222
5,Matthew,20331,Ava,16938
6,Daniel,20059,Abigail,15627
7,Andrew,19718,Olivia,15498
8,Christopher,19678,Hannah,14544
9,Anthony,19401,Sophia,13499
10,William,18955,Samantha,12460
11,Joseph,18440,Elizabeth,12425
12,Alexander,18220,Ashley,12345
13,David,17627,Mia,12024
14,Ryan,16426,Alexis,11228
15,Noah,16330,Sarah,11148
16,James,16235,Grace,10972
17,Nicholas,15669,Natalie,10946
18,Tyler,15535,Chloe,10402
19,John,15161,Alyssa,10173
20,Logan,15144,Brianna,9363
21,Christian,14472,Ella,9206
22,Jonathan,14374,Anna,8601
23,Nathan,14273,Taylor,8557
24,Benjamin,13755,Lauren,8496
25,Samuel,13632,Hailey,8421
26,Dylan,13166,Kayla,8223
27,Brandon,12675,Victoria,7647
28,Gabriel,12534,Addison,7620
29,Elijah,12044,Jasmine,7517
30,Jose,11597,Savannah,7088
31,Angel,11596,Julia,6883
32,Aiden,11583,Jessica,6810
33,Zachary,11005,Lily,6764
34,Caleb,10994,Sydney,6514
35,Jackson,10892,Morgan,6491
36,Jack,10836,Destiny,6307
37,Kevin,10774,Katherine,6293
38,Gavin,10477,Lillian,6230
39,Isaiah,10448,Alexa,6110
40,Mason,10409,Alexandra,6098
41,Austin,10286,Kaitlyn,6072
42,Evan,10128,Kaylee,5993
43,Luke,10085,Nevaeh,5941
44,Aidan,10034,Brooke,5745
45,Justin,9966,Makayla,5647
46,Jordan,9923,Maria,5598
47,Robert,9899,Allison,5562
48,Isaac,9673,Rachel,5527
49,Jayden,9624,Angelina,5521
50,Landon,9570,Gabriella,5370
51,Thomas,9508,Jennifer,5267
52,Cameron,8850,Avery,5249
53,Connor,8669,Mackenzie,5204
54,Hunter,8570,Zoe,5152
55,Jason,8447,Sofia,5078
56,Diego,8400,Riley,5055
57,Aaron,8296,Maya,5046
58,Owen,8170,Kimberly,5006
59,Lucas,8134,Andrea,5005
60,Charles,8009,Megan,4942
61,Juan,7937,Katelyn,4884
62,Luis,7919,Faith,4862
63,Adrian,7381,Gabrielle,4838
64,Adam,6796,Trinity,4835
65,Julian,6792,Evelyn,4749
66,Bryan,6696,Kylie,4718
67,Alex,6670,Brooklyn,4714
68,Sean,6637,Leah,4650
69,Nathaniel,6624,Audrey,4647
70,Carlos,6540,Stephanie,4508
71,Jeremiah,6540,Madeline,4477
72,Brian,6506,Sara,4403
73,Hayden,6463,Jocelyn,4367
74,Jesus,6455,Nicole,4319
75,Carter,6431,Haley,4296
76,Sebastian,6281,Arianna,4286
77,Eric,6228,Paige,4265
78,Xavier,6176,Ariana,4232
79,Brayden,6154,Vanessa,4166
80,Ian,6152,Mary,4090
81,Kyle,6148,Michelle,4086
82,Wyatt,5835,Mariah,4070
83,Chase,5742,Amelia,4061
84,Cole,5638,Isabelle,4039
85,Dominic,5573,Melanie,4034
86,Tristan,5408,Claire,4013
87,Carson,5011,Isabel,4008
88,Jaden,4947,Jenna,3939
89,Miguel,4899,Caroline,3788
90,Steven,4815,Aaliyah,3743
91,Caden,4774,Valeria,3730
92,Kaden,4741,Jada,3673
93,Timothy,4701,Aubrey,3657
94,Antonio,4695,Natalia,3584
95,Henry,4666,Autumn,3579
96,Alejandro,4549,Rebecca,3560
97,Blake,4533,Jordan,3541
98,Liam,4512,Gianna,3452
99,Richard,4467,Jayla,3408
100,Devin,4445,Layla,3360
101,Riley,4392,Amanda,3356
102,Jesse,4365,Mya,3354
103,Seth,4325,Gracie,3296
104,Victor,4308,Marissa,3163
105,Cody,4100,Molly,3125
106,Brady,4082,Adriana,3095
107,Vincent,4028,Katie,3088
108,Jake,4026,Leslie,3036
109,Bryce,3972,Gabriela,3022
110,Patrick,3945,Keira,3022
111,Colin,3858,Jade,2997
112,Marcus,3804,Bailey,2977
113,Cooper,3747,Madelyn,2948
114,Preston,3716,Angela,2925
115,Kaleb,3701,Kennedy,2903
116,Parker,3666,Danielle,2897
117,Josiah,3644,Melissa,2892
118,Oscar,3601,Jacqueline,2857
119,Ayden,3595,Zoey,2850
120,Jorge,3517,Diana,2840
121,Ashton,3493,Catherine,2790
122,Alan,3473,Eva,2788
123,Joel,3453,Briana,2784
124,Jeremy,3442,Sophie,2783
125,Trevor,3328,Charlotte,2778
126,Eduardo,3316,Breanna,2763
127,Ivan,3311,Valerie,2750
128,Mark,3246,Amy,2744
129,Kenneth,3240,Naomi,2702
130,Alexis,3202,Lydia,2662
131,Omar,3105,Erin,2643
132,Cristian,3023,Daniela,2632
133,Paul,3023,Shelby,2616
134,Levi,3017,Rylee,2600
135,Colton,3000,Serenity,2597
136,Eli,2985,Amber,2586
137,Jared,2976,Ruby,2578
138,Damian,2972,Peyton,2535
139,Garrett,2965,Miranda,2499
140,Nicolas,2939,Sierra,2459
141,Edward,2868,Ashlyn,2455
142,Tanner,2867,Kate,2441
143,Braden,2856,Kathryn,2417
144,Conner,2850,Ana,2413
145,Micah,2838,Skylar,2350
146,Nolan,2838,Kylee,2339
147,Giovanni,2828,Alexandria,2329
148,Brody,2818,Kendall,2323
149,Maxwell,2792,Daisy,2294
150,Malachi,2775,Lilly,2276
151,Fernando,2758,Liliana,2269
152,George,2700,Summer,2260
153,Ricardo,2700,Lucy,2256
154,Grant,2688,Mikayla,2250
155,Francisco,2686,Jazmin,2240
156,Gage,2686,Reagan,2237
157,Peyton,2685,Sadie,2228
158,Edwin,2671,Christina,2226
159,Derek,2647,Angel,2224
160,Max,2642,Margaret,2188
161,Andres,2598,Reese,2187
162,Travis,2598,Juliana,2183
163,Javier,2590,Payton,2157
164,Stephen,2549,Alexia,2130
165,Manuel,2546,Alicia,2130
166,Emmanuel,2485,Mckenzie,2129
167,Peter,2477,Alana,2118
168,Cesar,2472,Giselle,2090
169,Shawn,2470,Genesis,2088
170,Jonah,2409,Cheyenne,2074
171,Edgar,2391,Alondra,2068
172,Dakota,2365,Laura,2060
173,Oliver,2350,Karen,2029
174,Erick,2345,Jillian,2003
175,Hector,2327,Ellie,1992
176,Bryson,2314,Mariana,1991
177,Johnathan,2306,Sienna,1986
178,Mario,2295,Jordyn,1963
179,Shane,2274,Camila,1962
180,Jeffrey,2266,Adrianna,1960
181,Collin,2221,Bella,1955
182,Abraham,2203,Jasmin,1943
183,Leonardo,2186,Bianca,1941
184,Spencer,2185,Kiara,1904
185,Brendan,2170,Kelsey,1897
186,Elias,2160,Lindsey,1886
187,Jace,2140,Elena,1872
188,Bradley,2135,Nadia,1869
189,Erik,2130,Maggie,1853
190,Wesley,2101,Dakota,1838
191,Jaylen,2075,Courtney,1833
192,Trenton,2069,Chelsea,1824
193,Josue,2051,Delaney,1815
194,Raymond,2039,Julianna,1814
195,Damien,1992,Kyra,1797
196,Sergio,1987,Sabrina,1793
197,Devon,1981,Makenzie,1779
198,Donovan,1967,Hope,1775
199,Dalton,1939,Cassidy,1770
200,Miles,1938,Caitlyn,1754
201,Martin,1936,Crystal,1742
202,Israel,1925,Ariel,1731
203,Landen,1912,Kyla,1693
204,Andy,1901,Jayden,1692
205,Andre,1871,Abby,1685
206,Marco,1864,Angelica,1667
207,Drew,1859,Annabelle,1666
208,Gregory,1833,Karla,1656
209,Roman,1814,Caitlin,1653
210,Ty,1798,Tiffany,1644
211,Avery,1792,Veronica,1623
212,Jaxon,1786,Kelly,1610
213,Cayden,1752,Ciara,1606
214,Jaiden,1736,Cadence,1598
215,Dominick,1732,Amaya,1594
216,Roberto,1728,Camryn,1581
217,Rafael,1701,Mckenna,1570
218,Grayson,1680,Elise,1566
219,Pedro,1650,Cassandra,1558
220,Calvin,1648,Erica,1548
221,Taylor,1629,Josephine,1548
222,Camden,1621,Aniyah,1547
223,Dillon,1608,Esmeralda,1537
224,Braxton,1603,Vivian,1536
225,Clayton,1594,Julissa,1530
226,Keegan,1594,Karina,1530
227,Ruben,1593,Jazmine,1528
228,Jalen,1591,Fatima,1515
229,Troy,1581,Allie,1510
230,Kayden,1569,Savanna,1501
231,Harrison,1559,Clara,1494
232,Santiago,1551,Makenna,1492
233,Dawson,1550,Alejandra,1487
234,Corey,1530,Mallory,1469
235,Leo,1500,Aliyah,1448
236,Maddox,1500,Laila,1445
237,Johnny,1455,Brooklynn,1436
238,Kai,1450,Erika,1431
239,Simon,1417,Cynthia,1420
240,Julio,1415,Brenda,1417
241,Zane,1411,Jamie,1412
242,Drake,1407,Stella,1411
243,Kaiden,1407,Bethany,1404
244,Lukas,1407,Kendra,1402
245,Aden,1404,Nora,1385
246,Frank,1400,Piper,1384
247,Sawyer,1389,Haylee,1374
248,Marcos,1386,Monica,1362
249,Ronald,1373,Alaina,1361
250,Trey,1371,Kira,1360
251,Hudson,1370,Tessa,1351
252,Asher,1369,Carly,1350
253,Scott,1363,Heaven,1344
254,Derrick,1362,Alivia,1322
255,Raul,1355,Guadalupe,1305
256,Griffin,1353,Joanna,1288
257,Ryder,1344,Carmen,1283
258,Dustin,1334,Kailey,1274
259,Rylan,1327,Allyson,1271
260,Angelo,1313,Violet,1266
261,Emanuel,1312,Paris,1265
262,Tucker,1312,Aniya,1262
263,Brock,1311,Lindsay,1248
264,Armando,1304,Cecilia,1245
265,Zion,1300,Ayla,1232
266,Kyler,1298,Kayleigh,1228
267,Gerardo,1291,Rebekah,1225
268,Payton,1291,Hanna,1223
269,Ezekiel,1289,Eleanor,1221
270,Skyler,1280,Dulce,1219
271,Fabian,1274,Alayna,1216
272,Colby,1271,Alison,1216
273,Mateo,1270,Katelynn,1216
274,Chance,1269,Georgia,1214
275,Mitchell,1253,Macy,1213
276,Keith,1250,Nina,1211
277,Tyson,1247,Kamryn,1205
278,Darius,1241,Eliana,1200
279,Jaime,1240,Carolina,1196
280,Xander,1236,Lola,1196
281,Enrique,1234,Kaylie,1195
282,Quinn,1233,Kara,1191
283,Allen,1224,Tatiana,1186
284,Joaquin,1224,Selena,1162
285,Kameron,1224,Leila,1161
286,Phillip,1219,Miriam,1152
287,Cade,1215,Jadyn,1150
288,Trent,1210,Esther,1148
289,Malik,1191,Anastasia,1147
290,Dante,1182,Anahi,1142
291,Corbin,1180,Cameron,1133
292,Pablo,1173,Ashlynn,1126
293,Jakob,1156,Izabella,1126
294,Brayan,1149,Heidi,1124
295,Theodore,1133,Josie,1124
296,Axel,1132,Jayda,1120
297,Emilio,1123,Scarlett,1116
298,Saul,1120,Julie,1110
299,Brennan,1114,Melody,1105
300,Lincoln,1109,Desiree,1102
301,Lorenzo,1109,Kiera,1093
302,Adan,1098,Paola,1088
303,Donald,1098,Callie,1085
304,Brett,1082,Jaden,1085
305,Gustavo,1080,Hayley,1076
306,Zander,1080,Camille,1072
307,Danny,1073,Emely,1068
308,Casey,1070,Emerson,1068
309,Talan,1059,Aurora,1067
310,Randy,1051,Leilani,1067
311,Myles,1050,Daniella,1066
312,Caiden,1031,Meredith,1064
313,Gael,1026,Estrella,1056
314,Dennis,1024,Joselyn,1054
315,Alberto,1015,Diamond,1050
316,Brenden,1011,Skyler,1037
317,Mathew,1010,April,1033
318,Jerry,1008,Eden,1029
319,Lance,1002,Rylie,1027
320,Louis,1001,Brittany,1025
321,Zackary,998,Marisol,1021
322,Julius,993,Meghan,1021
323,Arturo,991,Lizbeth,1018
324,Ismael,988,Yasmin,1017
325,Jimmy,988,Nancy,1015
326,Amir,986,Eliza,1014
327,Lane,985,Celeste,1013
328,Tony,984,Ryleigh,1007
329,Alec,982,Lila,1006
330,Jude,980,Shayla,1004
331,Emiliano,971,Asia,1002
332,Esteban,971,Michaela,1002
333,Braeden,966,Fiona,990
334,Alfredo,938,Annika,986
335,Nickolas,937,Ivy,985
336,Tristen,937,Sasha,982
337,Charlie,931,Madeleine,980
338,Abel,923,Lucia,976
339,Curtis,915,Heather,974
340,Ezra,910,Harmony,970
341,Philip,907,Ashlee,969
342,Shaun,904,Claudia,966
343,Leland,902,Kaitlin,957
344,Moises,896,Rose,957
345,Camron,890,Holly,955
346,Marvin,890,Lexi,955
347,Quentin,881,Helen,949
348,Luca,872,Tatum,949
349,Gary,869,Samara,946
350,Jay,867,Bridget,945
351,Dallas,863,London,942
352,Jayson,862,Presley,939
353,Albert,859,Danica,934
354,Jonas,855,Alina,932
355,Orlando,853,Wendy,930
356,Walter,850,Natasha,919
357,Easton,844,Shannon,919
358,Chris,840,Madalyn,915
359,Ali,827,Kyleigh,914
360,Nehemiah,825,Kaydence,913
361,Darren,824,Alessandra,897
362,Douglas,824,Talia,894
363,Rodrigo,823,Phoebe,890
364,Ramon,822,Sandra,890
365,Morgan,821,Ruth,889
366,Bennett,817,Genevieve,888
367,Declan,817,Sherlyn,887
368,Elliot,812,Cindy,881
369,Hugo,811,Iris,880
370,Mauricio,809,Kaelyn,879
371,Joe,808,Kathleen,877
372,Chad,799,Kristen,876
373,Silas,799,Addyson,874
374,Jonathon,798,Priscilla,874
375,Maximus,795,Emilee,860
376,Weston,793,Alissa,859
377,Arthur,792,Itzel,857
378,Ernesto,791,Johanna,857
379,Larry,791,Katrina,854
380,Cash,787,Denise,853
381,Damon,781,Nia,852
382,Keaton,781,Brenna,845
383,Nikolas,780,Alice,844
384,Dean,779,Cora,844
385,Holden,776,Perla,843
386,Yahir,775,Janiya,838
387,Elliott,773,Angie,836
388,Bryant,771,Harley,835
389,Jaxson,768,Nyla,835
390,Salvador,766,Janelle,822
391,Eddie,763,Kadence,814
392,Dane,762,Rachael,813
393,Felix,760,Ximena,812
394,Maurice,760,Dana,809
395,Kristopher,759,Nataly,809
396,Ricky,759,Nayeli,809
397,Braydon,758,Rosa,809
398,Jadon,756,Serena,808
399,Anderson,754,Annie,807
400,Braylon,753,Kiana,801
401,Chandler,753,Brynn,800
402,Uriel,751,Kaylin,798
403,Russell,740,Kristina,796
404,Davis,732,Maddison,787
405,Isiah,730,Malia,783
406,Lawrence,728,Imani,782
407,Marc,727,Kirsten,782
408,Issac,722,Marina,781
409,Justice,721,Madyson,780
410,Javon,714,Anya,777
411,Tate,710,Patricia,775
412,Reece,698,Lana,772
413,Walker,695,Casey,770
414,Cohen,691,Madisyn,768
415,Zachariah,691,Marley,766
416,Jaydon,690,Sage,766
417,Micheal,690,Kassandra,762
418,Marshall,689,Hayden,761
419,Amari,683,Lesly,761
420,Reid,683,Emilia,758
421,Nasir,681,Yesenia,758
422,Phoenix,674,Bryanna,747
423,Rowan,672,Francesca,747
424,Jameson,668,Kimora,746
425,Melvin,667,Aubree,745
426,Talon,659,Sidney,745
427,Carl,658,Haylie,742
428,Jayce,656,Kiley,742
429,Cory,652,Lauryn,741
430,Graham,649,Teagan,741
431,Jeffery,643,Skye,740
432,Reese,643,Fernanda,738
433,Kade,635,Logan,737
434,Kelvin,632,Raven,733
435,Skylar,630,Madilyn,732
436,Demetrius,628,Christine,728
437,Beau,623,Mercedes,727
438,Franklin,621,Raegan,727
439,Guillermo,620,Dayanara,726
440,Jaylin,618,Valentina,724
441,Jamari,616,Lilian,723
442,Mekhi,616,Jaelyn,722
443,Moses,614,Sarai,720
444,Brodie,613,Tania,718
445,Terry,613,Elaina,716
446,Noel,606,Taryn,716
447,Rodney,605,Lilliana,713
448,Nelson,604,Lacey,711
449,Everett,600,Viviana,708
450,Khalil,599,Gloria,701
451,Deandre,598,Linda,700
452,Noe,598,Tori,697
453,Roy,598,Hallie,695
454,Jon,595,Noelle,694
455,Roger,594,Ainsley,693
456,Nathanael,593,Kassidy,692
457,Finn,592,Anne,689
458,Felipe,591,Hailee,689
459,Jamarion,591,Ryan,689
460,Izaiah,589,Brielle,688
461,Tommy,586,America,687
462,Sam,585,Janiyah,686
463,Desmond,583,Tara,685
464,Terrance,582,Melany,684
465,Dorian,578,Jaiden,682
466,Kristian,578,Hazel,681
467,Leonel,578,Adeline,676
468,Ariel,573,Isabela,675
469,Mohamed,573,Clarissa,673
470,Reed,567,Baylee,670
471,Branden,566,Jimena,669
472,Billy,565,Alyson,668
473,Solomon,560,Britney,668
474,Grady,558,Alanna,667
475,Davion,556,Amya,666
476,Frederick,556,Jenny,666
477,Jermaine,556,Jane,665
478,Quinton,554,Tiana,663
479,Porter,553,Macie,658
480,Tobias,551,Miracle,658
481,Bruce,549,Elle,653
482,Jaylon,548,Penelope,649
483,Bobby,546,Lena,644
484,Jessie,546,Anaya,641
485,Brent,544,Anika,641
486,Triston,538,Laney,640
487,Tomas,533,Shania,639
488,Judah,530,Lillie,637
489,Quincy,530,Kaleigh,636
490,Rocco,530,Emilie,631
491,Osvaldo,529,Abbigail,630
492,Kody,525,Halle,626
493,Damion,524,Kailyn,626
494,Zachery,524,Hadley,620
495,Cruz,523,Cristina,615
496,Rene,523,Maritza,615
497,Kenny,521,Elisabeth,613
498,Conor,519,Marisa,611
499,Cristopher,519,Carla,610
500,Warren,519,Lisa,608
501,Greyson,517,Athena,607
502,Leon,515,Joy,607
503,Jamal,514,Paulina,607
504,Allan,513,Krystal,604
505,Alvin,513,Raquel,604
506,Brendon,513,Virginia,603
507,Gunnar,512,Natalee,602
508,Deshawn,510,Harper,597
509,Marlon,509,Maia,597
510,Toby,508,Marilyn,597
511,Willie,507,Helena,595
512,Wilson,507,Luna,592
513,River,505,Jaqueline,591
514,Colten,504,Kiersten,591
515,Cyrus,500,Marlene,591
516,Reginald,500,Norah,591
517,Terrell,500,Carolyn,585
518,Maximilian,498,Amari,584
519,Rogelio,497,Sylvia,581
520,Rodolfo,496,Danna,579
521,Harley,495,Lia,579
522,Byron,493,Martha,579
523,Rohan,492,Kenya,578
524,Ahmad,487,Saniya,578
525,Ulises,487,Willow,577
526,Kellen,486,Lexie,575
527,Orion,485,Kaitlynn,574
528,Kendrick,482,Ayanna,573
529,Trevon,481,Tabitha,572
530,Isaias,480,Rihanna,571
531,Johan,476,Deanna,570
532,Jamison,473,Pamela,566
533,Joey,473,Jazlyn,565
534,Will,473,Teresa,565
535,Jett,471,Whitney,564
536,Steve,470,Yazmin,561
537,Trace,470,Aileen,558
538,Emerson,469,Liberty,552
539,Kobe,469,Nathalie,550
540,Dayton,468,Kali,549
541,Malcolm,468,Justice,546
542,Johnathon,467,Ellen,545
543,Terrence,467,Quinn,545
544,Gerald,465,Yadira,543
545,Ezequiel,464,Barbara,542
546,Craig,463,Elisa,542
547,Waylon,463,Delilah,539
548,Titus,462,Alexus,538
549,Oswaldo,461,Melina,536
550,Alfonso,457,Carley,534
551,Marquis,455,Madelynn,534
552,Ben,454,Precious,534
553,Gilberto,454,Tiara,532
554,Pierce,453,Zoie,531
555,Wade,453,Cara,530
556,Francis,451,Kenzie,530
557,Tristin,451,Dayana,529
558,Alonzo,450,Jessie,529
559,Karson,450,Simone,528
560,Ray,449,Destinee,527
561,Jairo,446,Annabella,523
562,Addison,445,Janet,523
563,Kieran,445,Cierra,522
564,Jase,444,India,522
565,Ahmed,443,Jaida,521
566,Ramiro,443,Isis,519
567,Ronnie,443,Marie,518
568,Jasper,442,Regan,518
569,Kendall,442,Araceli,517
570,Emmett,439,Kasey,516
571,Rolando,438,Amira,513
572,Blaine,436,Tamia,512
573,Romeo,436,Amara,511
574,Tyrone,433,Aspen,510
575,Alvaro,432,Kristin,510
576,Gideon,431,Danika,509
577,Aydan,429,Arely,508
578,Jerome,429,Patience,508
579,Gunner,426,Judith,506
580,Landyn,426,Mckayla,505
581,Camren,424,Renee,504
582,Zackery,422,Juliet,503
583,Jamie,420,Carissa,502
584,Adolfo,419,Alisha,500
585,Alijah,418,Arielle,500
586,Devan,418,Jaidyn,496
587,Moshe,418,Kailee,496
588,Ibrahim,417,Luz,496
589,Aldo,416,Yasmine,496
590,Cedric,415,Annalise,493
591,Julien,415,Irene,493
592,Abram,414,Susan,493
593,Brycen,414,Eve,491
594,Darrell,414,Regina,489
595,Harry,414,Janessa,488
596,Brooks,412,Carlie,487
597,Darian,412,Skyla,487
598,Mohammad,412,Evangeline,485
599,Ronan,411,Reyna,485
600,Davin,404,Aubrie,484
601,Stanley,404,Tia,484
602,Vicente,404,Yoselin,484
603,Braiden,399,Damaris,483
604,Davon,398,Kierra,483
605,Neil,397,Sanaa,482
606,Keenan,394,Brisa,481
607,Deven,393,Cali,481
608,Maverick,393,Lea,481
609,Jabari,392,Sonia,481
610,Gianni,390,Haleigh,479
611,Lee,390,Daphne,478
612,Alexzander,389,Haven,478
613,Dominik,387,Jolie,477
614,Dwayne,387,Alma,473
615,Tyrese,387,Rubi,471
616,Alessandro,385,Sharon,471
617,Misael,385,Addisyn,470
618,August,384,Ingrid,470
619,Keagan,383,Jazmyn,469
620,Leonard,383,Karissa,469
621,Xzavier,383,Felicity,467
622,Matteo,381,Kennedi,467
623,Asa,380,Kayden,466
624,Randall,380,Kaylynn,464
625,Junior,378,Savanah,463
626,Aron,377,Brittney,462
627,Elisha,376,Jaylin,459
628,Ryker,376,Gwendolyn,458
629,Ari,375,Ally,456
630,Boston,374,Dominique,456
631,Rudy,373,Siena,455
632,Antoine,371,Yareli,455
633,Krish,371,Gia,454
634,Mohammed,370,Larissa,454
635,Markus,369,Noemi,454
636,Maximiliano,369,Macey,453
637,London,366,Parker,453
638,Muhammad,366,Amiyah,451
639,Bailey,365,Jaylynn,451
640,Kolton,365,Rowan,451
641,Kadin,363,Lyla,449
642,Sincere,363,Mikaela,449
643,Freddy,361,Arabella,447
644,Alonso,360,Kaya,447
645,Jefferson,359,Lyric,447
646,Damarion,358,Maeve,447
647,Jamar,358,Karlee,446
648,Javion,358,Myah,446
649,Wayne,358,Bailee,445
650,Harold,356,Edith,445
651,Quintin,356,Aria,444
652,Frankie,354,Aryanna,444
653,Eugene,352,Juliette,444
654,Kole,352,Shaniya,444
655,Todd,352,Carlee,442
656,Duncan,351,Monique,442
657,Tyrell,350,Abbie,440
658,Agustin,349,Tyra,439
659,Jaquan,349,Cheyanne,438
660,Rashad,348,Clare,438
661,Coleman,347,Mayra,437
662,Gilbert,347,Cristal,436
663,Jarrett,345,Campbell,435
664,Kamari,345,Charity,433
665,Kamron,342,Taniya,433
666,Nico,342,Maci,432
667,Efrain,341,Alena,431
668,Kolby,341,Paula,431
669,Octavio,341,Aleah,429
670,Irvin,339,Jacquelyn,429
671,Jaeden,339,Kaley,428
672,Lamar,339,Deborah,424
673,Kasey,337,Cecelia,423
674,Zechariah,337,Evelin,423
675,Lawson,336,Stacy,423
676,Milo,336,Janae,422
677,Yandel,336,Esperanza,421
678,Bradyn,333,Elyse,418
679,Jordy,332,Marianna,418
680,Lewis,331,Gisselle,416
681,Raphael,331,Tamara,416
682,Rhett,330,Angelique,415
683,Ryland,330,Mara,415
684,Sage,330,Aisha,413
685,Davian,329,Laci,412
686,Mike,329,Amani,411
687,Santino,328,Greta,411
688,Draven,327,Ashleigh,410
689,Aryan,326,Catalina,410
690,Deacon,325,Emmalee,410
691,Dashawn,324,Mariam,410
692,Clark,323,Kaylyn,409
693,Jaylan,321,Tianna,409
694,Layne,320,Kaia,408
695,Semaj,319,Krista,408
696,Armani,318,Rosemary,408
697,Brice,318,Ryann,408
698,Jovani,318,Keely,407
699,Tyree,318,Celia,406
700,Luciano,316,Ayana,405
701,Kenyon,314,Lizeth,405
702,Giovanny,313,Abbey,404
703,Humberto,313,Ansley,404
704,Ignacio,313,Lorena,404
705,Kane,311,Monserrat,404
706,Yair,311,Akeelah,403
707,Kian,309,Aliya,403
708,Nigel,309,Gina,403
709,Gavyn,308,Roselyn,402
710,Adriel,307,Giana,401
711,Clay,307,Princess,400
712,Darnell,305,Ada,399
713,Isai,305,Micah,399
714,Kareem,303,Joslyn,398
715,Omari,302,Saniyah,396
716,Santos,302,Valery,395
717,Josh,301,Theresa,394
718,Layton,301,Zaria,393
719,Anton,300,Elaine,392
720,Donte,299,Hana,391
721,Giancarlo,299,Liana,390
722,Jean,299,Giovanna,389
723,Tristian,299,Isabell,388
724,Arjun,298,Lainey,388
725,Vance,298,Aracely,387
726,Nathanial,297,Cassie,387
727,Ernest,296,Ann,386
728,Jair,296,Lucille,385
729,Malakai,296,Shyanne,385
730,Omarion,295,Tess,385
731,Justus,293,Jakayla,384
732,Brennen,292,Kayley,383
733,Roderick,292,Iliana,382
734,Demarcus,291,Dylan,380
735,Derick,290,Tyler,380
736,Aydin,289,Aiyana,379
737,Dale,289,Taliyah,379
738,Enzo,289,Jamya,378
739,Jordon,289,Lorelei,378
740,Vaughn,289,Rhiannon,378
741,Cale,288,Adrienne,377
742,Hamza,288,Amiya,374
743,Nash,288,Meagan,371
744,Mathias,285,Mila,371
745,Braedon,284,Betsy,370
746,Demarion,284,Chasity,370
747,Kylan,284,Lesley,370
748,Ross,283,Cherish,369
749,Cason,282,Jacey,369
750,Devyn,282,Tanya,369
751,Adrien,281,Chaya,368
752,Alfred,281,Leanna,368
753,Beckett,281,Charlize,365
754,Kason,281,Kaliyah,365
755,Hassan,280,Gracelyn,364
756,Jadyn,280,Anabelle,363
757,Kaeden,280,Mollie,363
758,Jan,279,Deja,362
759,Aedan,278,Gillian,362
760,Jorden,278,Salma,362
761,Garret,277,Amelie,360
762,Ralph,277,Hailie,360
763,Braylen,276,Kelsie,360
764,Dominique,275,Frances,359
765,Barrett,273,Karlie,359
766,Elvis,273,Miah,359
767,Kale,272,Adison,358
768,Atticus,270,Aimee,358
769,Darryl,270,Jaliyah,358
770,Jamir,270,Marlee,358
771,Karl,270,Aylin,357
772,Dillan,269,Thalia,357
773,Keon,269,Jaycee,356
774,Sterling,269,Kaila,356
775,Bo,267,Kianna,356
776,Ellis,267,Sydnee,356
777,Heath,267,Charlie,355
778,Paxton,267,Eileen,355
779,Darwin,266,Gretchen,355
780,Ean,266,Shakira,353
781,Jovanni,266,Emery,352
782,Remington,265,Abigayle,351
783,Roland,265,Ashly,351
784,Finnegan,264,Lilyana,351
785,Ronaldo,264,Elsa,350
786,Cannon,263,Zariah,349
787,Conrad,263,Katlyn,348
788,Jordyn,263,Rhianna,348
789,Amare,262,Libby,347
790,Rigoberto,262,Shaylee,347
791,Carmine,261,Nathalia,346
792,Cullen,260,Nathaly,346
793,Reagan,260,Jaylyn,345
794,Deangelo,259,Nyasia,344
795,Giovani,259,Jaelynn,343
796,Rylee,259,Shayna,343
797,Bruno,258,Brandy,342
798,Kamden,258,Chelsey,342
799,Korbin,256,Leticia,342
800,Messiah,256,Madalynn,342
801,Marques,255,Mariela,342
802,Nathen,255,Maribel,341
803,Sidney,255,Meadow,341
804,Matthias,254,Blanca,340
805,Shamar,254,Makena,340
806,Jovanny,253,Noelia,340
807,Malaki,253,Saige,340
808,Salvatore,252,Stephany,340
809,Soren,252,Xiomara,340
810,Adonis,251,Belinda,339
811,Donavan,251,Zion,337
812,Luka,251,Rayna,336
813,Rex,251,Sariah,336
814,Cristofer,250,Lilianna,335
815,Nick,250,Phoenix,335
816,Alden,249,Trista,335
817,Clarence,249,Kendal,333
818,Lucian,249,Tatyana,333
819,Jaron,248,Aryana,332
820,Zaire,248,Jaylee,332
821,Zavier,248,Journey,331
822,Aditya,247,Toni,331
823,Antony,247,Camilla,329
824,Augustus,247,Natalya,327
825,Keshawn,247,Corinne,326
826,Prince,247,Kallie,326
827,Antwan,246,Paisley,326
828,Coby,246,Donna,325
829,Matias,246,Janiah,325
830,Rory,246,Joyce,325
831,Konnor,245,Mattie,325
832,Samir,244,Aleena,323
833,Seamus,244,Litzy,322
834,Darien,243,Selah,322
835,Devonte,243,Galilea,321
836,Houston,243,Lara,321
837,Howard,243,Essence,320
838,Jovany,243,Frida,320
839,Reynaldo,243,Jayleen,320
840,Teagan,243,Keyla,320
841,Ace,241,Maleah,320
842,Sheldon,241,Yaretzi,320
843,Clinton,240,Annabel,318
844,Jovan,239,Breana,318
845,Karter,238,Jewel,318
846,Chaim,237,Scarlet,318
847,Deon,237,Paloma,317
848,German,237,Sarahi,317
849,Milton,237,Abril,316
850,Estevan,236,Laurel,316
851,Glenn,236,Dalia,315
852,Kael,236,Jaclyn,315
853,Maxim,236,Rebeca,315
854,Rey,236,Aliza,314
855,Bode,235,Karma,313
856,Yosef,234,Kaiya,312
857,Dangelo,233,Zara,312
858,Deshaun,233,Angeline,311
859,Koen,233,Braelyn,311
860,Marquise,233,Johana,311
861,Alexandro,232,Karli,311
862,Makai,232,Elliana,309
863,Vincenzo,232,Sheyla,309
864,Leandro,231,Carina,308
865,Quinten,231,Carrie,308
866,Savion,231,Kamila,308
867,Eddy,230,Lilah,308
868,Haden,230,Anais,306
869,Reuben,230,Cailyn,306
870,Darion,229,Elsie,306
871,Blaze,228,Kaylen,306
872,Zain,228,Maliyah,306
873,Branson,227,Montana,306
874,Haiden,227,Annette,304
875,Carmelo,226,Bria,303
876,Hezekiah,225,Taniyah,303
877,Konner,225,Ashanti,302
878,Winston,225,Desirae,302
879,Gauge,224,Iyana,302
880,Santana,224,Bethzy,301
881,Sonny,224,Brylee,301
882,Zayden,224,Kenia,301
883,Broderick,223,Kinsley,301
884,Dario,223,Susana,301
885,Keyon,223,Adyson,300
886,Nikhil,223,Alisa,300
887,Stefan,223,Cayla,300
888,Zakary,222,Kayli,300
889,Andreas,221,Julianne,299
890,Finley,220,Naima,299
891,Samson,220,Abagail,298
892,Abdullah,219,Abigale,298
893,King,218,Joselin,298
894,Tyshawn,218,Moriah,297
895,Elmer,217,Yaritza,297
896,Gannon,217,Mariyah,296
897,Garrison,217,Shea,296
898,Landin,217,Yuridia,296
899,Marcelo,217,Colleen,295
900,Fredrick,216,Magdalena,295
901,Kyan,216,Selina,295
902,Pranav,216,Yvette,295
903,Royce,216,Kinsey,294
904,Talen,216,Jaylah,293
905,Gordon,215,Katharine,293
906,Brad,214,Kathy,293
907,Van,214,Averie,292
908,Chaz,213,Kinley,292
909,Kasen,213,Myla,291
910,Colt,212,Amaris,290
911,Valentin,212,Jaylene,290
912,Yusuf,211,Tayler,290
913,Aidyn,210,Estefani,289
914,Jacoby,210,Finley,289
915,Keven,210,Kenna,289
916,Dexter,209,Maura,289
917,Gonzalo,207,Belen,288
918,Cael,206,Charlee,288
919,Jamarcus,206,Karley,288
920,Jeramiah,206,Shyla,288
921,Kadyn,206,Adamaris,287
922,Maximo,206,Alia,287
923,Guadalupe,205,Chanel,287
924,Rhys,205,Raina,286
925,Gaige,204,Adelaide,285
926,Jerimiah,204,Mira,285
927,Cornelius,203,Tayla,285
928,Franco,203,Luciana,284
929,Kingston,203,Armani,283
930,Leroy,203,Jasmyn,283
931,Sullivan,203,Tina,283
932,Austen,202,Destini,282
933,Carlo,202,Lilia,281
934,Memphis,201,Chana,280
935,Nestor,201,Halie,280
936,Treyvon,201,Kya,280
937,Cortez,200,Makaila,280
938,Jasiah,200,Bree,279
939,Travon,200,Jalyn,279
940,Arnav,199,Savana,279
941,Camryn,199,Alani,278
942,Darrius,199,Karis,278
943,Zack,199,Reina,278
944,Destin,198,Sheila,278
945,Marcel,198,Jalynn,277
946,Sammy,198,Cloe,276
947,Landan,197,Margarita,276
948,Brenton,196,Marin,276
949,Case,196,Malaya,275
950,Denzel,196,Yuliana,275
951,Gaven,196,Alize,274
952,Simeon,196,Khloe,274
953,Zayne,196,Riya,274
954,Edison,195,Rocio,274
955,Harper,195,Justine,273
956,Keyshawn,195,Maryam,273
957,Bernard,194,Mckinley,273
958,Ethen,194,Micaela,273
959,Jamel,194,Nichole,273
960,Truman,194,Tatianna,273
961,Valentino,194,Beatrice,272
962,Braulio,193,Citlali,272
963,Coen,193,Kaylah,272
964,Javen,193,Leia,272
965,Johnpaul,193,Nya,272
966,Menachem,193,Shyann,272
967,Stephan,193,Destiney,271
968,Yehuda,193,Lacie,271
969,Benny,192,Miya,271
970,Domenic,192,Akira,270
971,Perry,192,Amirah,270
972,Stone,192,Carol,269
973,Trystan,192,Brandi,268
974,Josef,191,Briley,268
975,Thaddeus,191,Lucero,268
976,Efren,190,Areli,267
977,Lamont,190,Jorja,267
978,Niko,190,Stacey,267
979,Shannon,190,Rayne,266
980,Kamren,189,Amina,265
981,Rocky,189,Dania,265
982,Shea,189,Dorothy,265
983,Bernardo,188,Hillary,265
984,Blaise,188,Flor,264
985,Imanol,188,Lina,264
986,Izayah,188,Sanai,264
987,Jaheim,188,Selene,264
988,Jaydin,188,Dahlia,263
989,Joan,188,Iyanna,263
990,Korey,188,Leyla,263
991,Austyn,187,Ericka,262
992,Earl,187,Fabiola,262
993,Mikel,187,Lorelai,262
994,Anders,186,Mireya,262
995,Dion,186,Neveah,262
996,Guy,186,Janice,260
997,Dandre,185,Joana,260
998,Immanuel,185,Luisa,260
999,Pierre,185,Mina,260
1000,Elian,184,Nicolette,260
