1,Michael,44470,Jessica,32117
2,Christopher,34800,Ashley,30278
3,Matthew,33646,Emily,24149
4,Joshua,31372,Samantha,22818
5,Tyler,30477,Sarah,22290
6,Brandon,29487,Taylor,20733
7,Jacob,29413,Brittany,18899
8,Daniel,28059,Amanda,18717
9,Nicholas,27761,Elizabeth,16779
10,Andrew,26009,Megan,16579
11,Joseph,25728,Nicole,16011
12,Zachary,25132,Kayla,15885
13,David,24868,Rachel,15486
14,James,24768,Lauren,15155
15,John,24178,Stephanie,14749
16,Ryan,24053,Hannah,14494
17,Austin,23191,Jennifer,14000
18,Anthony,21599,Alexis,13038
19,William,21488,Victoria,12690
20,Justin,20934,Danielle,12448
21,Robert,20555,Amber,12344
22,Alexander,20098,Courtney,12018
23,Jonathan,19060,Jasmine,11711
24,Kyle,18394,Rebecca,11279
25,Cody,17590,Morgan,10655
26,Kevin,17308,Alyssa,10603
27,Thomas,14904,Brianna,10517
28,Aaron,14382,Alexandra,10226
29,Jordan,14160,Kelsey,9750
30,Eric,13309,Katherine,9585
31,Benjamin,12787,Melissa,8798
32,Dylan,12526,Kimberly,8746
33,Samuel,12142,Michelle,8637
34,Steven,12087,Allison,8150
35,Christian,11985,Tiffany,8096
36,Jose,11724,Haley,7805
37,Brian,11643,Mary,7751
38,Adam,11018,Chelsea,7714
39,Timothy,10767,Christina,7670
40,Nathan,10382,Shelby,7546
41,Richard,9513,Anna,7523
42,Patrick,9332,Abigail,7240
43,Charles,9014,Sara,7218
44,Sean,8837,Heather,7034
45,Jesse,8682,Erin,6907
46,Jason,8546,Laura,6858
47,Jeremy,8227,Maria,6751
48,Mark,7486,Kaitlyn,6686
49,Stephen,7478,Andrea,6477
50,Alex,7240,Olivia,6432
51,Juan,7205,Madison,6261
52,Cameron,6836,Jordan,6257
53,Travis,6800,Marissa,6245
54,Taylor,6624,Brooke,5973
55,Jeffrey,6525,Kristen,5870
56,Dustin,6460,Natalie,5837
57,Luis,6361,Erica,5679
58,Trevor,6359,Katelyn,5670
59,Connor,6315,Vanessa,5550
60,Caleb,6157,Shannon,5507
61,Devin,6064,Miranda,5456
62,Evan,5891,Kelly,5445
63,Jared,5875,Paige,5208
64,Paul,5798,Crystal,5198
65,Kenneth,5678,Jacqueline,5184
66,Bryan,5600,Cassandra,5061
67,Hunter,5584,Gabrielle,5042
68,Gabriel,5536,Briana,5000
69,Dakota,5535,Lindsey,4987
70,Logan,5452,Katie,4979
71,Mitchell,5371,Sierra,4852
72,Carlos,5325,Julia,4841
73,Corey,5279,Alexandria,4839
74,Ian,5267,Emma,4763
75,Marcus,5257,Mariah,4751
76,Gregory,5135,Sydney,4738
77,Derek,5082,Amy,4691
78,Nathaniel,5028,Caitlin,4657
79,Jesus,4916,Kathryn,4615
80,Scott,4916,Jenna,4592
81,Blake,4876,Angela,4414
82,Garrett,4758,Savannah,4385
83,Bradley,4674,Alicia,4102
84,Edward,4522,Catherine,4102
85,Dalton,4245,Breanna,4100
86,Shawn,4243,Destiny,4088
87,Peter,4221,Jamie,3982
88,Antonio,4173,Monica,3911
89,Ethan,4165,Brittney,3876
90,Seth,4133,Erika,3583
91,Luke,4094,Whitney,3566
92,Shane,4084,Madeline,3516
93,Victor,4054,Kaitlin,3501
94,Miguel,4033,Caroline,3449
95,Lucas,4010,Alexa,3440
96,Tanner,3922,Molly,3440
97,Adrian,3814,Sabrina,3384
98,Spencer,3811,Diana,3367
99,Erik,3746,Cheyenne,3306
100,Vincent,3603,Meghan,3227
101,Dillon,3532,Leah,3205
102,Cory,3528,Mackenzie,3195
103,Isaac,3495,Grace,3173
104,Angel,3476,Christine,3163
105,Alejandro,3467,Cynthia,3159
106,Jake,3465,Margaret,3104
107,Brett,3434,Lindsay,3100
108,Joel,3366,Angelica,3076
109,Alec,3320,Michaela,3044
110,George,3317,Veronica,2941
111,Cole,3301,Bianca,2933
112,Jorge,3294,Holly,2923
113,Eduardo,3276,Kristina,2875
114,Chase,3226,Kristin,2842
115,Raymond,3141,Gabriela,2838
116,Casey,3046,Bethany,2774
117,Devon,3033,Autumn,2718
118,Wesley,3032,Casey,2691
119,Ricardo,2973,Hailey,2686
120,Francisco,2892,Melanie,2679
121,Colton,2852,Brenda,2653
122,Oscar,2844,Brandi,2635
123,Troy,2842,Lisa,2565
124,Colin,2815,Rachael,2553
125,Mason,2801,Desiree,2546
126,Keith,2785,Kendra,2534
127,Jack,2777,April,2522
128,Dominic,2769,Karen,2488
129,Chad,2730,Julie,2455
130,Brendan,2729,Kathleen,2429
131,Phillip,2675,Leslie,2396
132,Donald,2652,Dominique,2389
133,Elijah,2620,Natasha,2380
134,Johnathan,2611,Kara,2376
135,Martin,2594,Patricia,2363
136,Derrick,2574,Hayley,2361
137,Ronald,2563,Bailey,2351
138,Cristian,2542,Carly,2323
139,Xavier,2528,Cassidy,2306
140,Julian,2502,Karina,2262
141,Frank,2478,Summer,2238
142,Mario,2466,Tori,2222
143,Manuel,2464,Ana,2211
144,Alan,2433,Nancy,2192
145,Omar,2419,Ariel,2187
146,Henry,2417,Marisa,2187
147,Edgar,2393,Tara,2186
148,Andre,2380,Alejandra,2185
149,Clayton,2370,Claire,2174
150,Bryce,2341,Caitlyn,2172
151,Grant,2279,Adriana,2167
152,Collin,2277,Rebekah,2159
153,Javier,2269,Alison,2122
154,Jonathon,2198,Kaylee,2107
155,Darius,2182,Chloe,2079
156,Douglas,2161,Raven,2075
157,Levi,2103,Jocelyn,2058
158,Jeremiah,2081,Kylie,2043
159,Noah,2076,Valerie,2009
160,Sergio,2004,Gabriella,1996
161,Hector,1972,Jade,1944
162,Roberto,1969,Audrey,1929
163,Andres,1964,Katrina,1925
164,Nicolas,1954,Krystal,1889
165,Johnny,1948,Deanna,1874
166,Jackson,1934,Ariana,1873
167,Gary,1897,Dana,1806
168,Philip,1896,Mikayla,1793
169,Isaiah,1869,Meagan,1788
170,Curtis,1867,Diamond,1785
171,Drew,1856,Sandra,1770
172,Ivan,1855,Kassandra,1763
173,Brady,1847,Jasmin,1757
174,Fernando,1832,Bridget,1696
175,Edwin,1801,Monique,1690
176,Hayden,1791,Angel,1674
177,Dennis,1787,Daisy,1668
178,Cesar,1776,Chelsey,1654
179,Allen,1747,Kendall,1648
180,Zachery,1729,Ashlee,1644
181,Ruben,1724,Felicia,1631
182,Maxwell,1720,Krista,1627
183,Jalen,1698,Joanna,1623
184,Marco,1688,Khadijah,1615
185,Erick,1678,Sophia,1613
186,Randy,1644,Yesenia,1607
187,Mathew,1634,Mallory,1605
188,Brent,1631,Lydia,1602
189,Pedro,1628,Mercedes,1571
190,Tony,1626,Jazmin,1544
191,Max,1624,Jillian,1542
192,Jerry,1615,Mckenzie,1541
193,Preston,1606,Kirsten,1537
194,Riley,1587,Gina,1524
195,Calvin,1565,Jazmine,1519
196,Larry,1559,Cindy,1508
197,Wyatt,1544,Priscilla,1506
198,Craig,1507,Claudia,1503
199,Raul,1452,Makayla,1503
200,Colby,1449,Alisha,1498
201,Darren,1444,Evelyn,1452
202,Rafael,1430,Aaliyah,1451
203,Carl,1416,Kiara,1445
204,Jeffery,1416,Anne,1432
205,Ricky,1413,Cierra,1415
206,Louis,1411,Ashleigh,1414
207,Tevin,1405,Colleen,1413
208,Jaime,1394,Ciara,1401
209,Albert,1384,Lacey,1398
210,Jimmy,1373,Allyson,1395
211,Trey,1367,Tabitha,1391
212,Kristopher,1365,Denise,1390
213,Marc,1355,Abby,1372
214,Skyler,1355,Brandy,1350
215,Damian,1349,Zoe,1333
216,Chance,1347,Guadalupe,1332
217,Forrest,1343,Ellen,1321
218,Harrison,1331,Marina,1307
219,Kaleb,1329,Faith,1305
220,Julio,1316,Cristina,1285
221,Alberto,1313,Linda,1283
222,Dallas,1304,Isabella,1277
223,Sebastian,1302,Nichole,1260
224,Trenton,1298,Karla,1258
225,Armando,1292,Jaclyn,1256
226,Conner,1292,Jessie,1255
227,Alexis,1288,Rosa,1254
228,Emmanuel,1286,Amelia,1253
229,Gerardo,1286,Mayra,1245
230,Gage,1285,Meredith,1230
231,Danny,1279,Carolyn,1229
232,Zackary,1274,Hope,1225
233,Micheal,1273,Maggie,1225
234,Russell,1271,Asia,1213
235,Shaquille,1271,Naomi,1203
236,Lawrence,1267,Hanna,1186
237,Diego,1258,Clarissa,1185
238,Parker,1249,Daniela,1175
239,Dominique,1238,Carmen,1165
240,Jamal,1230,Justine,1161
241,Abraham,1223,Tessa,1158
242,Terry,1218,Tatiana,1154
243,Joe,1205,Wendy,1133
244,Rodney,1183,Katlyn,1132
245,Jonah,1178,Isabel,1131
246,Micah,1170,Maya,1130
247,Kody,1163,Tamara,1130
248,Arthur,1161,Kasey,1127
249,Landon,1155,Kiana,1117
250,Walter,1150,Alexus,1110
251,Deandre,1147,Raquel,1104
252,Todd,1141,Aubrey,1102
253,Marcos,1139,Bria,1102
254,Andy,1136,Candace,1100
255,Bobby,1136,Teresa,1098
256,Billy,1124,Tiara,1093
257,Gavin,1121,Ashlyn,1092
258,Lance,1120,Kelsie,1089
259,Avery,1116,Celeste,1080
260,Nolan,1112,Alissa,1078
261,Donovan,1108,Britney,1067
262,Jay,1101,Katelynn,1066
263,Nickolas,1079,Theresa,1064
264,Roger,1071,Kelli,1062
265,Josue,1070,Nina,1057
266,Enrique,1067,Tyler,1054
267,Randall,1063,Renee,1051
268,Trent,1060,Carolina,1047
269,Ramon,1043,Jacquelyn,1046
270,Branden,1038,Genesis,1042
271,Jon,1032,Ruby,1031
272,Morgan,1023,Cara,1025
273,Arturo,1013,Susan,1025
274,Alfredo,997,Miriam,1024
275,Terrance,991,Heidi,1015
276,Jessie,984,Carrie,1012
277,Malcolm,979,Jordyn,1008
278,Marvin,978,Janet,1007
279,Devonte,977,Brenna,1002
280,Damien,976,Ebony,994
281,Gustavo,968,Arianna,981
282,Israel,959,Jenny,981
283,Marquis,959,Gloria,979
284,Gerald,954,Toni,971
285,Jamie,954,Ashton,970
286,Giovanni,952,Cecilia,968
287,Kendall,949,Esther,958
288,Johnathon,948,Camille,954
289,Miles,948,Martha,953
290,Eddie,944,Tiana,948
291,Willie,940,Charlotte,942
292,Theodore,937,Candice,936
293,Damon,934,Aimee,923
294,Maurice,932,Madeleine,923
295,Reginald,929,Virginia,923
296,Lorenzo,928,Tia,922
297,Josiah,917,Elena,921
298,Lee,917,Savanna,921
299,Frederick,903,Marie,920
300,Salvador,896,Vivian,919
301,Demetrius,894,Selena,917
302,Eli,888,Angelina,914
303,Dominick,883,Imani,905
304,Bryant,874,Carissa,904
305,Conor,866,Cassie,895
306,Roy,861,Dakota,894
307,Zackery,861,Adrianna,887
308,Malik,854,Lillian,881
309,Devante,853,Alexia,880
310,Quinton,842,Ruth,880
311,Ross,838,Logan,879
312,Tyrone,834,Barbara,871
313,Marshall,833,Darian,869
314,Dean,832,Janelle,867
315,Carson,831,Mikaela,862
316,Tommy,831,Mia,859
317,Ernesto,817,Harley,858
318,Ty,813,Sharon,857
319,Elias,812,Sadie,851
320,Zachariah,810,Stacy,850
321,Terrence,801,Helen,849
322,Harley,789,Nikki,842
323,Dante,786,Kierra,839
324,Shaun,779,Anastasia,833
325,Zane,778,Tayler,830
326,Fabian,773,Kellie,828
327,Pablo,765,Hunter,822
328,Brock,764,Nicolette,821
329,Brennan,756,Stacey,819
330,Kelvin,749,Shayla,811
331,Bruce,747,Tierra,811
332,Darrell,746,Annie,802
333,Wayne,746,Elise,802
334,Rene,744,Liliana,799
335,Denzel,736,Robin,799
336,Terrell,734,Alana,798
337,Brenden,731,Carla,798
338,Jerome,728,Shawna,794
339,Francis,726,Rose,789
340,Drake,724,Valeria,789
341,Braden,721,Ann,785
342,Brendon,719,Shanice,782
343,Nelson,719,Callie,774
344,Quentin,718,Devin,771
345,Steve,714,Christian,770
346,Angelo,712,Eva,769
347,Myles,712,Karissa,769
348,Chandler,704,Melinda,765
349,Franklin,702,Lorena,756
350,Neil,702,Riley,755
351,Melvin,699,Kate,752
352,Tucker,694,Pamela,751
353,Clay,689,Paola,747
354,Lane,689,Chelsie,746
355,Ashton,682,Deborah,739
356,Simon,679,Brianne,733
357,Guillermo,675,Aliyah,731
358,Darian,674,Adrienne,730
359,Desmond,670,Melody,730
360,Liam,667,Elisabeth,728
361,Ronnie,667,Tina,720
362,Orlando,660,Justice,719
363,Trevon,658,Larissa,715
364,Weston,655,Sonia,711
365,Dale,650,Kylee,708
366,Mackenzie,648,Francesca,707
367,Devan,646,Marisol,707
368,Byron,645,Tanya,707
369,Leonard,645,Jane,706
370,Oliver,643,Chasity,701
371,Ismael,642,Devon,701
372,Eugene,636,Alyson,699
373,Darryl,633,Tania,697
374,Daquan,626,Sasha,694
375,Roman,624,Esmeralda,689
376,Emanuel,623,Natalia,683
377,Kendrick,623,Kenya,681
378,Leonardo,621,Breana,678
379,Esteban,619,Kira,676
380,Emilio,616,Macy,667
381,Karl,612,Regina,666
382,Geoffrey,611,Alaina,662
383,Darien,607,Donna,662
384,Stanley,607,Mckenna,662
385,Keegan,606,Brooklyn,658
386,Warren,604,Kristine,657
387,Kenny,602,Destinee,655
388,Rodolfo,599,Kali,650
389,Saul,599,Leticia,649
390,Felix,593,Josephine,648
391,Quinn,592,Lily,647
392,Ernest,591,Bryanna,646
393,Keenan,590,Randi,644
394,Graham,589,Juliana,642
395,Beau,587,Christy,637
396,Stefan,587,Tracy,635
397,Clinton,585,Meaghan,634
398,Skylar,585,Kari,633
399,Abel,584,Precious,631
400,Corbin,582,Makenzie,630
401,Moises,579,Kyla,626
402,Sterling,573,Paula,623
403,Davon,566,Skylar,621
404,Griffin,566,Serena,620
405,Ray,564,Kyra,618
406,Kyler,563,India,616
407,Jarrett,562,Maranda,616
408,Deshawn,560,Rachelle,614
409,Alvin,556,Selina,614
410,Dwayne,556,Taryn,613
411,Joey,554,Frances,607
412,Kurt,554,Carley,603
413,Glenn,553,Kaitlynn,602
414,Kameron,553,Emilee,601
415,Sam,553,Sophie,601
416,Wade,553,Tiffani,601
417,Harry,551,Ciera,599
418,Cedric,548,Arielle,598
419,Hugo,548,Abbey,597
420,Felipe,545,Irene,597
421,Leon,544,Shayna,596
422,Tylor,544,Alice,595
423,Carter,543,Celina,593
424,Davis,541,Cortney,593
425,Gilberto,541,Kourtney,593
426,Jaquan,536,Sylvia,592
427,Jermaine,534,Joy,590
428,Allan,531,Clara,588
429,Rashad,531,Kristy,586
430,Jakob,530,Alma,585
431,Reid,530,Peyton,585
432,Alfonso,528,Brittani,584
433,Jordon,526,Daniella,583
434,Lukas,526,Kailey,583
435,Elliot,525,Kaila,579
436,Dane,521,Cheyanne,576
437,Sheldon,520,Kayleigh,576
438,Rudy,519,Jaime,574
439,Cooper,518,Johanna,574
440,Harold,518,Mariana,574
441,Aidan,516,Josie,573
442,Kristian,509,Tanisha,573
443,Reed,509,Kristi,571
444,Braxton,507,Chandler,570
445,Jarred,506,Payton,568
446,Gilbert,505,Sidney,568
447,Noel,503,Elaine,567
448,Marquise,502,Maritza,567
449,Javon,500,Allie,566
450,Tyrell,500,Robyn,566
451,Nikolas,491,Anissa,563
452,Tristan,491,Carina,563
453,Demarcus,488,Michele,563
454,Owen,488,Christa,562
455,Clarence,482,Madelyn,562
456,Jarvis,482,Marlene,561
457,Rogelio,480,Jeanette,558
458,Ramiro,479,Kiera,558
459,Stephan,479,Marilyn,553
460,Elliott,477,Angelique,552
461,Ali,476,Cristal,550
462,Leo,474,Nadia,547
463,Rolando,473,Noelle,547
464,Stuart,473,Janae,545
465,Darnell,469,Haylee,543
466,Justice,469,Yvette,543
467,Alonzo,468,Katharine,542
468,Bryson,467,Micaela,540
469,Sawyer,463,Tasha,539
470,Tomas,462,Talia,537
471,Quincy,459,Trisha,537
472,Brody,456,Ericka,536
473,Deon,456,Lucy,536
474,Jarrod,454,Nora,529
475,Alfred,453,Lori,525
476,Donte,452,Elisa,523
477,Charlie,447,Haleigh,522
478,Nigel,447,Katarina,522
479,Marlon,445,Blanca,521
480,Ariel,444,Chantel,521
481,Keaton,444,Kaleigh,520
482,Deonte,443,Yvonne,520
483,Kurtis,442,Iris,519
484,Chris,441,Avery,517
485,Noe,439,Dalia,515
486,Roderick,437,Simone,512
487,Lewis,431,Margarita,511
488,Clint,425,Jada,510
489,Ralph,422,Paris,510
490,Rodrigo,422,Sofia,510
491,Tre,421,Viviana,509
492,Jayson,418,Corinne,507
493,Garret,416,Edith,507
494,Bret,414,Lyndsey,504
495,Bernard,413,Carol,502
496,Damion,413,Maribel,501
497,Barry,409,Moriah,499
498,Derick,407,Kelley,498
499,Mitchel,407,Stefanie,498
500,Nathanael,404,Desirae,497
501,Tyson,404,Shaina,497
502,Austen,403,Alanna,491
503,Blaine,403,Gianna,491
504,Kory,403,Susana,491
505,Shannon,403,Stephany,490
506,Clifford,402,Casandra,489
507,Payton,401,Itzel,489
508,Markus,396,Judith,489
509,Sidney,394,Tianna,489
510,Santiago,391,Laurel,488
511,Julius,390,Misty,488
512,Duncan,388,Emilie,486
513,Grayson,385,Kadijah,486
514,Kelly,385,Sandy,486
515,Raheem,384,Delaney,484
516,Brad,383,Charity,483
517,Efrain,383,Ivy,482
518,Earl,381,Perla,482
519,Mauricio,380,Kaley,481
520,Kirk,379,Kelsi,481
521,Dequan,377,Kiersten,481
522,Vicente,376,Tess,477
523,Howard,374,Bridgette,475
524,Baby,373,Kennedy,472
525,Darion,373,Lizbeth,472
526,Dashawn,373,Chanel,468
527,Heath,372,Dallas,467
528,Khalil,372,Yolanda,467
529,Lamar,372,Alexandrea,466
530,Dorian,370,Hallie,466
531,Perry,370,Bonnie,464
532,Stephon,370,Jill,462
533,Walker,368,Kaylin,462
534,Wilson,368,Yasmin,462
535,Ahmad,364,Kassidy,460
536,Shelby,362,Kaylyn,459
537,Dwight,361,Julianna,456
538,Humberto,361,Lena,456
539,Adan,360,Kathy,454
540,Isiah,359,Mollie,454
541,Tyree,359,Norma,452
542,Dion,357,Diane,450
543,Jaylen,357,Nia,449
544,Kareem,357,Alisa,448
545,Peyton,357,Rochelle,447
546,Carlton,356,Araceli,444
547,Dexter,356,Julianne,444
548,Daryl,354,Isabelle,443
549,Antoine,352,Dorothy,442
550,Osvaldo,352,Leanna,440
551,Gordon,347,Rocio,439
552,Moses,347,Anita,438
553,Terence,343,Breanne,438
554,Addison,342,Beatriz,437
555,Gunnar,342,Paulina,437
556,Jaron,341,Genevieve,432
557,Colten,339,Carlie,431
558,Kasey,339,Lacy,431
559,Leroy,339,Karli,425
560,Alvaro,335,Suzanne,424
561,Uriel,335,Alina,420
562,Juwan,332,Janice,420
563,Chaz,331,Sheila,419
564,Amir,330,Halie,410
565,Korey,330,Alysha,409
566,Norman,328,Hillary,408
567,Courtney,326,Kelsea,408
568,Jace,326,Charlene,407
569,Jamar,326,Keri,407
570,Shayne,326,Kaylie,405
571,Roland,324,Rosemary,402
572,Salvatore,323,Antoinette,401
573,Brice,321,Cayla,400
574,Glen,321,Fatima,400
575,Lonnie,321,Katelin,399
576,Brenton,320,Karly,398
577,Leonel,320,Sally,397
578,Darrius,318,Jacklyn,396
579,Davonte,318,Ashlie,395
580,Deion,318,Shana,395
581,Anton,317,Alex,393
582,Fredrick,317,Corina,391
583,Mohammad,317,Dawn,391
584,Freddy,315,Zhane,391
585,Travon,311,Eleanor,390
586,Brayden,310,Rhiannon,389
587,Adolfo,309,Maegan,387
588,Issac,309,Noemi,386
589,Toby,307,Dulce,384
590,Darrin,305,Ashlynn,382
591,Cade,303,Skyler,382
592,Coleman,303,Lexus,381
593,Dimitri,303,Eliza,379
594,Deven,302,Shirley,379
595,Quintin,302,Lea,378
596,Solomon,302,Connie,377
597,Cullen,301,Karlie,377
598,Jamel,301,Lucia,376
599,Kent,301,Roxanne,376
600,Dillan,300,Shelbi,376
601,Agustin,299,Joyce,374
602,Frankie,298,Sade,374
603,Holden,298,Tonya,373
604,Kristofer,298,Juanita,372
605,Coty,297,Savanah,372
606,Jean,297,Mara,370
607,Joaquin,297,Nathalie,370
608,Mohammed,296,Beverly,368
609,Reynaldo,296,Eileen,368
610,Conrad,295,Kasandra,366
611,Devonta,294,Mckayla,366
612,Neal,294,Regan,365
613,Ben,292,Giselle,362
614,Ezekiel,290,Rikki,362
615,Lloyd,290,Karlee,361
616,Mike,288,Keisha,359
617,Nathanial,286,Ryan,359
618,Everett,285,Elaina,358
619,Lamont,285,Yadira,358
620,Guadalupe,282,Heaven,357
621,Milton,282,Jesse,357
622,Aron,280,Shantel,357
623,Cortez,280,Clare,355
624,Dandre,280,Reyna,355
625,Rigoberto,280,Aisha,353
626,Tracy,279,Kacie,353
627,Vernon,277,Abbie,351
628,Kane,276,Kalyn,350
629,Cornelius,273,Shanna,350
630,Jaden,271,Katy,349
631,Nestor,271,Cameron,347
632,Houston,270,Loren,347
633,Malachi,270,Bobbie,346
634,Clark,268,Kerri,346
635,Clifton,267,Brook,345
636,Rick,266,Darlene,345
637,Arnold,265,Hailee,343
638,Marcel,265,Georgia,342
639,Hakeem,264,Kori,342
640,Ignacio,264,Angie,340
641,Ahmed,263,Rebeca,340
642,Irvin,262,Thalia,340
643,Raphael,260,Kerry,339
644,Tate,260,Annette,338
645,Brooks,259,Yasmine,336
646,Duane,259,Luz,335
647,Dusty,259,Lucero,334
648,Darin,258,Blair,332
649,Deangelo,258,Latisha,332
650,Gerard,258,Montana,331
651,Fred,255,Shauna,331
652,Jaleel,255,Mariela,330
653,Colt,253,Alayna,329
654,Forest,252,Cora,329
655,German,252,Tammy,328
656,Maximilian,252,Leanne,327
657,Reece,252,Tyra,327
658,Rickey,252,Jena,325
659,Trever,248,Tabatha,325
660,Will,248,Carli,324
661,Reuben,247,Jodi,324
662,Bennett,244,Katlin,324
663,Shaquan,244,Silvia,324
664,Winston,244,Brittni,323
665,Bradford,243,Clarisa,323
666,Gino,243,Darby,321
667,Ladarius,243,Iesha,321
668,Brennen,242,Justina,321
669,Jairo,242,Antonia,318
670,Jamison,241,Aurora,318
671,Mohamed,237,Rita,317
672,Bernardo,236,Stacie,317
673,Ezequiel,236,Beth,315
674,Herbert,235,Kala,315
675,Jimmie,235,Ali,314
676,Kerry,235,Demi,313
677,Madison,235,Ayanna,312
678,Raymundo,234,Christie,312
679,Jonas,233,Ella,312
680,Kieran,233,Janessa,311
681,Brandyn,232,Christen,310
682,Estevan,232,Bobbi,308
683,Don,231,Debra,308
684,Aubrey,230,Skye,308
685,Keon,230,Cheryl,307
686,Robin,230,Kiley,307
687,Heriberto,229,Sonya,306
688,Jameson,229,Stevie,306
689,Kade,229,Maureen,305
690,Zechariah,229,Myranda,305
691,Jovan,228,Tatyana,304
692,Thaddeus,228,Celia,303
693,Ezra,226,Cori,302
694,Antwan,225,Denisha,302
695,Jefferson,225,Octavia,302
696,Dillion,224,Eden,301
697,Rory,223,Jaqueline,301
698,Akeem,222,Madalyn,301
699,Pierce,222,Baby,299
700,Codey,221,Jennie,299
701,Loren,221,Lauryn,299
702,Darrion,220,Arlene,298
703,Sammy,220,Halle,298
704,Freddie,219,Karley,298
705,Paris,219,Reagan,298
706,Ulises,219,Maura,297
707,Arron,217,Brandie,296
708,Dylon,217,Aspen,294
709,Hassan,217,Kristian,294
710,Johnnie,216,Latasha,294
711,Cordell,215,Devan,293
712,Kaden,215,Jayme,293
713,Kolby,215,Fabiola,292
714,Moshe,215,Melina,292
715,Kai,214,Racheal,291
716,Khalid,214,Domonique,289
717,Brandan,213,Gladys,289
718,Jeff,213,Gwendolyn,289
719,Rashawn,213,Jenifer,289
720,Vaughn,213,Micah,289
721,Irving,211,Carlee,288
722,Gene,209,Destiney,288
723,Santos,209,Lesley,288
724,Cruz,208,Helena,287
725,Davion,208,Lara,287
726,Javonte,208,Leigh,287
727,Dakotah,207,Mikala,287
728,Gonzalo,207,Shea,287
729,Jasper,207,Joanne,286
730,Leslie,207,Ashly,285
731,Lester,207,Christiana,285
732,Caden,206,Janie,285
733,Kolton,206,Joselyn,285
734,Donavan,205,Sarai,285
735,Stewart,205,Shyanne,284
736,Jamarcus,203,Kristyn,282
737,Nico,203,Yazmin,282
738,Pierre,203,Brionna,281
739,Guy,202,Gretchen,281
740,Sage,202,Shelly,281
741,Zakary,201,Daphne,280
742,Grady,199,Kacey,280
743,Jackie,199,Shakira,280
744,Jamil,199,Breonna,279
745,Dana,197,Destini,279
746,Donnell,197,Brittanie,278
747,Donnie,197,Hali,277
748,Nick,197,Hollie,277
749,Shea,197,Krysta,277
750,August,196,Yessenia,277
751,Royce,196,Audra,276
752,Dayton,195,Ava,276
753,Infant,195,Ayana,276
754,Isaias,195,Betty,276
755,Jerrod,195,Dayana,276
756,Keanu,195,Elyse,276
757,Benito,193,Mandy,275
758,Bo,193,Dianna,274
759,Camron,193,Mindy,274
760,Jade,193,Ingrid,273
761,Jaylon,193,Kenia,272
762,Myron,192,Lizette,271
763,Herman,191,Kristie,269
764,Bradly,190,Maddison,269
765,Cyrus,190,Shelbie,269
766,Darrian,190,Berenice,268
767,Erich,189,Brielle,268
768,Jabari,188,Emerald,268
769,Bailey,187,Kendal,268
770,Keven,187,Kirstin,268
771,Lincoln,187,Kortney,268
772,Rhett,187,Allyssa,267
773,Codie,186,Juana,265
774,Elmer,186,Jackie,263
775,Garrison,186,Danica,262
776,Jarod,186,Essence,262
777,Tobias,186,Jalisa,262
778,Vance,186,Kianna,262
779,Deondre,185,Magdalena,262
780,Elvis,185,Maricela,262
781,Montana,185,Roxana,262
782,Reese,185,Salina,262
783,Devyn,184,Dayna,261
784,Floyd,184,Janette,261
785,Octavio,184,Jaimie,260
786,Junior,182,Jana,260
787,Gregorio,181,Lynn,260
788,Fidel,180,Trinity,260
789,Quinten,180,Gabriel,259
790,Alexandro,179,Shaniqua,259
791,Josef,179,Alesha,258
792,Aric,178,Jessika,258
793,Daulton,178,Kaela,258
794,Elisha,178,Liana,258
795,Savon,178,Joelle,256
796,Adonis,177,Terri,256
797,Dan,177,Devyn,255
798,Dewayne,177,Sage,254
799,Jamaal,177,Staci,254
800,Rico,177,Addison,253
801,Asa,176,Terra,253
802,Amos,174,Ellie,252
803,Bronson,174,Graciela,252
804,Camden,174,Zana,252
805,Rocky,174,Bryana,251
806,Dario,171,Macey,251
807,Tayler,171,Katerina,250
808,Trace,171,Tricia,250
809,Anderson,170,Stormy,249
810,Ari,170,Athena,248
811,Cristopher,170,Lacie,248
812,Jim,170,Patrice,248
813,Erin,169,Aileen,247
814,Harvey,169,Belinda,247
815,Josh,169,Celine,247
816,Tory,169,Elisha,247
817,Hugh,168,Elissa,247
818,Jessy,168,Kailyn,247
819,Shyheim,168,Phoebe,247
820,Stetson,168,Ayla,246
821,Tyron,168,Julissa,246
822,Austyn,167,Kailee,246
823,Deshaun,167,Nadine,246
824,Dondre,167,Alysia,245
825,Jacoby,167,Deja,245
826,Rex,167,Traci,245
827,Kelsey,166,Jessi,244
828,Emmett,165,Judy,244
829,Leland,165,Maira,244
830,Justyn,164,Sherry,244
831,Kadeem,164,Nataly,243
832,Kellen,164,Myra,242
833,Markell,164,Olga,242
834,Menachem,164,Adrian,241
835,Efren,163,Billie,240
836,Marquez,163,Constance,240
837,Misael,163,Kalie,240
838,Ted,163,Alycia,239
839,Unknown,163,Martina,239
840,Cecil,162,Marlena,238
841,Justus,162,Catalina,237
842,Markel,162,Christin,237
843,Rasheed,162,Lexi,237
844,Alton,161,Britany,236
845,Blair,161,Griselda,236
846,Abram,160,Ivette,236
847,Ellis,160,Marisela,236
848,Lionel,160,Kaycee,235
849,Edgardo,159,Kayley,235
850,Jayden,159,Scarlett,235
851,Jevon,159,Kaci,234
852,Khari,159,Alessandra,232
853,Dallin,158,Brea,231
854,Dawson,158,Breann,231
855,Denver,158,Cecelia,231
856,Tyquan,158,Jazmyn,231
857,Rusty,157,Irma,230
858,Benny,156,Jami,229
859,Niko,156,Kia,229
860,Sonny,156,Alysa,228
861,Trayvon,156,Austin,228
862,Alonso,154,Chantal,228
863,Davin,154,Asha,227
864,Hernan,154,Elsa,227
865,Muhammad,154,Keely,227
866,Remington,154,Tracey,227
867,Augustus,153,Kaylynn,226
868,Mikel,153,Pauline,226
869,Silas,153,Ashanti,225
870,Valentin,153,Corey,225
871,Wendell,153,Kenzie,225
872,Antony,152,Beatrice,224
873,Barrett,152,Bridgett,224
874,Clyde,152,Layla,224
875,Daron,152,Noel,224
876,Gunner,152,Alecia,223
877,Ibrahim,152,Dina,223
878,Kelby,152,Kimberlee,223
879,Kevon,152,Iliana,222
880,Talon,152,Leandra,222
881,Galen,151,Sarina,222
882,Najee,151,Janay,221
883,Jess,150,Latoya,220
884,Jody,150,Marlee,219
885,Jorden,150,Ashely,217
886,Asher,149,Bailee,217
887,Chester,149,Melisa,217
888,Demetri,149,Aja,216
889,Devontae,149,Anjelica,216
890,Lyle,149,Hana,216
891,Maximillian,149,Haylie,216
892,Auston,148,Katlynn,216
893,Coby,148,Kayli,216
894,Marques,148,Sydnee,216
895,Orion,148,Yaritza,216
896,Sherman,148,Nikole,215
897,Alexandre,147,Nohely,215
898,Bryon,147,Eboni,214
899,Ryne,147,Laken,214
900,Storm,147,Lorraine,214
901,Turner,147,Marley,214
902,Cain,146,Kimberley,213
903,Dionte,146,Mai,213
904,Kegan,146,Makenna,212
905,Aldo,145,Emilia,211
906,Andreas,145,Jamila,211
907,Isidro,145,Tiffanie,211
908,Jaylin,145,Damaris,210
909,Titus,145,Fiona,210
910,Cristobal,144,Princess,210
911,Giancarlo,144,Rylee,210
912,Dalvin,143,Macie,209
913,Edmund,143,Vanesa,209
914,Kelton,143,Marcella,208
915,Randolph,143,Dylan,207
916,Trae,143,Nikita,207
917,Brant,142,Susanna,207
918,Broderick,142,Mariam,206
919,Chadwick,142,Mattie,206
920,Chaim,142,Maxine,206
921,Darrien,142,Alena,205
922,Jerrell,142,Chaya,205
923,Kennedy,142,Jasmyn,205
924,Carlo,141,Joana,205
925,Hans,141,Tyesha,205
926,Layne,141,Carson,204
927,River,141,Lyndsay,204
928,Domenic,140,Viridiana,204
929,Julien,140,Aubree,203
930,Kendal,140,Eunice,202
931,Kenton,140,Giovanna,202
932,Tavon,140,Monika,202
933,Codi,139,Patience,202
934,Ulysses,139,Katheryn,200
935,Alek,138,Lourdes,200
936,Destin,138,Tiarra,200
937,Eliseo,138,Yasmeen,200
938,Kole,138,Aleah,199
939,Otis,138,Chantelle,199
940,Rodrick,138,Kristal,199
941,Tyrin,138,Cydney,197
942,Darwin,137,Geneva,197
943,Ervin,137,Joann,197
944,Justen,137,Lexie,197
945,Marty,137,Mariel,197
946,Shelton,137,Ricki,197
947,Kirby,136,Amie,196
948,Randal,136,Dominque,196
949,Tariq,136,Lissette,196
950,Jacques,135,Tanesha,196
951,Ryder,135,China,195
952,Dakoda,134,Denisse,195
953,Demarco,134,Shyann,195
954,Axel,133,Valentina,195
955,Greg,133,Danyelle,194
956,Tyshawn,133,Drew,194
957,Wilfredo,133,Jerrica,194
958,Ashley,132,Laurie,194
959,Cale,132,Leilani,194
960,Demonte,132,Paloma,194
961,Mikal,132,Janine,193
962,Syed,132,Leann,193
963,Sylvester,132,Lizeth,193
964,Eliezer,131,Reina,193
965,Male,131,Rhonda,193
966,Samson,131,Blake,192
967,Westley,131,Kinsey,192
968,Nicklaus,130,Kirstie,192
969,Pete,130,Leeann,192
970,Shay,130,Michael,192
971,Waylon,130,Valencia,192
972,Darrick,129,Janell,191
973,Eddy,129,Lana,191
974,Garry,129,Porsha,191
975,Armani,128,Andria,190
976,Dejuan,128,Malia,190
977,Genaro,128,Danika,189
978,Maverick,128,Elyssa,189
979,Samir,128,Janel,189
980,Schuyler,128,Jean,189
981,Demario,127,Jodie,189
982,Desean,127,London,189
983,Garett,127,Tatum,189
984,Kahlil,127,Tiera,189
985,Maximiliano,127,Adilene,188
986,Morris,127,Annamarie,188
987,Spenser,127,Caitlynn,188
988,Bryton,126,Darcy,188
989,Dontae,126,Jessenia,188
990,Jerald,126,Kathrine,188
991,Jonatan,126,Isis,187
992,Lazaro,126,Kallie,187
993,Luther,126,Marjorie,187
994,Nikko,126,Tatianna,187
995,Abdul,125,Betsy,186
996,Brannon,125,Eliana,186
997,Dominque,124,Fallon,186
998,Francesco,124,Leila,186
999,Kenyon,124,Lidia,186
1000,Mickey,124,Lynette,186
