1,Michael,41402,Jessica,27935
2,Matthew,32876,Ashley,26602
3,Christopher,32673,Emily,24380
4,Jacob,31129,Samantha,21645
5,Joshua,30717,Sarah,21376
6,Nicholas,29155,Taylor,20425
7,Tyler,29154,Hannah,17010
8,Brandon,26904,Brittany,16476
9,Daniel,26719,Amanda,16350
10,Austin,25905,Elizabeth,16185
11,Andrew,25851,Kayla,16086
12,Joseph,25345,Rachel,16044
13,John,23236,Megan,15529
14,Zachary,23129,Alexis,14330
15,Ryan,23087,Lauren,13443
16,David,23034,Stephanie,12978
17,James,22731,Courtney,12770
18,Justin,21579,Jennifer,12686
19,Anthony,20480,Nicole,12276
20,William,20158,Victoria,12251
21,Alexander,19446,Brianna,11880
22,Robert,18583,Amber,10962
23,Jonathan,18153,Morgan,10875
24,Kyle,16757,Danielle,10651
25,Kevin,15852,Jasmine,10279
26,Cody,15565,Alexandra,10160
27,Thomas,14159,Alyssa,10100
28,Christian,13809,Rebecca,9905
29,Jordan,13567,Madison,9774
30,Aaron,13288,Katherine,8985
31,Benjamin,12715,Anna,8564
32,Eric,12480,Haley,8205
33,Samuel,12432,Kelsey,8182
34,Dylan,12088,Allison,8126
35,Jose,11778,Melissa,7877
36,Brian,10987,Abigail,7821
37,Steven,10661,Kimberly,7745
38,Adam,10483,Shelby,7632
39,Nathan,10304,Olivia,7624
40,Timothy,9787,Mary,7452
41,Jason,9001,Michelle,7391
42,Richard,8784,Kaitlyn,7385
43,Patrick,8672,Sydney,7358
44,Charles,8473,Maria,6998
45,Sean,8164,Christina,6952
46,Jesse,7493,Tiffany,6935
47,Alex,7423,Chelsea,6760
48,Jeremy,7085,Sara,6693
49,Cameron,7028,Erin,6564
50,Juan,6982,Jordan,6479
51,Logan,6952,Natalie,6424
52,Mark,6886,Brooke,6374
53,Hunter,6713,Marissa,6082
54,Caleb,6654,Heather,6032
55,Connor,6616,Andrea,6009
56,Dakota,6575,Laura,6007
57,Stephen,6557,Miranda,5978
58,Devin,6187,Paige,5733
59,Luis,6172,Katelyn,5573
60,Evan,6088,Sierra,5494
61,Trevor,6007,Gabrielle,5447
62,Dustin,5921,Julia,5411
63,Jared,5882,Vanessa,5403
64,Jeffrey,5730,Kelly,5398
65,Gabriel,5712,Kristen,5398
66,Travis,5602,Destiny,5380
67,Ian,5594,Emma,5044
68,Carlos,5543,Savannah,4903
69,Taylor,5519,Erica,4893
70,Bryan,5443,Jacqueline,4791
71,Paul,5413,Mariah,4774
72,Kenneth,5224,Alexandria,4772
73,Nathaniel,5203,Shannon,4734
74,Corey,4975,Briana,4612
75,Ethan,4931,Amy,4529
76,Jesus,4908,Breanna,4528
77,Blake,4819,Katie,4477
78,Bradley,4764,Cassandra,4451
79,Mitchell,4736,Madeline,4431
80,Garrett,4711,Crystal,4391
81,Marcus,4646,Caitlin,4381
82,Luke,4628,Lindsey,4377
83,Derek,4452,Kathryn,4330
84,Gregory,4442,Jenna,4252
85,Antonio,4337,Angela,4118
86,Tanner,4320,Cheyenne,4089
87,Dalton,4190,Monica,3968
88,Edward,4142,Mackenzie,3962
89,Peter,4110,Alicia,3908
90,Victor,4095,Catherine,3858
91,Lucas,4083,Selena,3824
92,Scott,4083,Caroline,3799
93,Elijah,3978,Jamie,3769
94,Miguel,3951,Kaitlin,3602
95,Chase,3917,Sabrina,3534
96,Seth,3912,Bailey,3488
97,Adrian,3910,Grace,3471
98,Isaac,3878,Molly,3382
99,Noah,3823,Brittney,3380
100,Shawn,3821,Alexa,3359
101,Angel,3734,Angelica,3355
102,Mason,3630,Erika,3288
103,Shane,3630,Leah,3274
104,Spencer,3618,Margaret,3221
105,Colton,3586,Diana,3164
106,Brett,3567,Kylie,3152
107,Alejandro,3527,Michaela,3083
108,Jake,3507,Cassidy,3042
109,Isaiah,3473,Karina,2985
110,Jack,3445,Autumn,2980
111,Erik,3432,Hailey,2965
112,Alec,3421,Meghan,2963
113,Vincent,3319,Cynthia,2958
114,Jorge,3305,Christine,2813
115,George,3286,Whitney,2780
116,Grant,3206,Bethany,2743
117,Eduardo,3152,Melanie,2645
118,Cole,3146,Casey,2638
119,Devon,3113,Brenda,2611
120,Joel,3100,Rachael,2605
121,Tristan,3088,Veronica,2598
122,Dillon,3033,Carly,2583
123,Cory,3010,Gabriela,2577
124,Raymond,2922,Brandi,2571
125,Francisco,2886,Lindsay,2562
126,Ricardo,2871,Holly,2545
127,Cristian,2847,Kaylee,2517
128,Wyatt,2824,Bianca,2503
129,Wesley,2797,Claire,2473
130,Oscar,2727,Kristina,2437
131,Malik,2706,Kristin,2417
132,Julian,2701,Desiree,2400
133,Brendan,2691,Kendra,2372
134,Casey,2629,Ana,2359
135,Colin,2629,Hayley,2359
136,Henry,2542,Chloe,2333
137,Phillip,2511,Leslie,2311
138,Dominic,2507,Caitlyn,2300
139,Omar,2505,Kathleen,2282
140,Troy,2471,Dominique,2277
141,Collin,2468,Julie,2276
142,Keith,2457,Karen,2270
143,Johnathan,2445,Gabriella,2244
144,Chad,2433,Lisa,2237
145,Bryce,2421,Daisy,2223
146,Ronald,2398,Mikayla,2221
147,Martin,2395,Marisa,2198
148,Xavier,2394,Jocelyn,2193
149,Mario,2390,Valerie,2182
150,Manuel,2365,Patricia,2161
151,Clayton,2361,Ariel,2149
152,Edgar,2320,Kara,2148
153,Alan,2293,Summer,2124
154,Levi,2260,Natasha,2103
155,Donald,2254,April,2076
156,Javier,2247,Rebekah,2070
157,Frank,2246,Adriana,2066
158,Sergio,2244,Tara,2023
159,Derrick,2188,Nancy,2001
160,Drew,2178,Alejandra,2000
161,Jackson,2161,Tori,1991
162,Andre,2145,Alison,1952
163,Jeremiah,2054,Ariana,1949
164,Nicolas,2005,Makayla,1911
165,Roberto,2004,Mckenzie,1807
166,Jonathon,1972,Jade,1783
167,Douglas,1946,Audrey,1770
168,Ivan,1946,Sophia,1763
169,Darius,1932,Raven,1757
170,Riley,1918,Dana,1756
171,Andres,1915,Lydia,1754
172,Hayden,1895,Claudia,1750
173,Cesar,1882,Faith,1747
174,Alexis,1881,Isabella,1738
175,Hector,1877,Angel,1733
176,Fernando,1872,Zoe,1726
177,Chandler,1856,Sandra,1706
178,Maxwell,1837,Mallory,1695
179,Marco,1764,Diamond,1682
180,Philip,1757,Kirsten,1681
181,Calvin,1719,Katrina,1667
182,Preston,1714,Monique,1667
183,Curtis,1709,Kassandra,1607
184,Ruben,1697,Jasmin,1605
185,Dennis,1687,Cierra,1596
186,Edwin,1686,Joanna,1596
187,Johnny,1686,Ciara,1586
188,Brady,1679,Deanna,1586
189,Chance,1631,Krystal,1565
190,Gary,1625,Kendall,1546
191,Erick,1609,Mercedes,1544
192,Mathew,1599,Kiana,1534
193,Brent,1586,Hope,1527
194,Pedro,1585,Jazmin,1516
195,Max,1565,Brandy,1507
196,Tony,1555,Evelyn,1507
197,Allen,1550,Jillian,1503
198,Zachery,1533,Ashlee,1498
199,Trenton,1529,Cindy,1498
200,Jerry,1516,Yesenia,1495
201,Raul,1512,Bridget,1469
202,Randy,1508,Krista,1467
203,Gage,1499,Meagan,1462
204,Conner,1460,Kiara,1451
205,Rafael,1459,Deja,1420
206,Kaleb,1435,Chelsey,1408
207,Sebastian,1432,Gina,1401
208,Armando,1424,Anne,1385
209,Colby,1411,Abby,1378
210,Larry,1401,Hanna,1378
211,Jalen,1396,Felicia,1351
212,Micah,1390,Jazmine,1343
213,Carl,1381,Naomi,1314
214,Dallas,1374,Ellen,1312
215,Jonah,1370,Priscilla,1307
216,Parker,1368,Denise,1301
217,Harrison,1361,Isabel,1297
218,Louis,1360,Allyson,1291
219,Craig,1355,Asia,1290
220,Jimmy,1355,Tabitha,1290
221,Damian,1350,Alisha,1279
222,Marc,1335,Tiara,1278
223,Skyler,1335,Katlyn,1260
224,Emmanuel,1332,Colleen,1256
225,Albert,1329,Aaliyah,1255
226,Gerardo,1324,Meredith,1244
227,Jaime,1299,Maya,1240
228,Diego,1298,Katelynn,1238
229,Alberto,1293,Kennedy,1235
230,Darren,1290,Cristina,1234
231,Trey,1288,Linda,1234
232,Abraham,1287,Guadalupe,1228
233,Julio,1284,Ashlyn,1215
234,Jeffery,1273,Alexus,1214
235,Danny,1258,Brenna,1212
236,Morgan,1257,Lacey,1209
237,Ricky,1227,Amelia,1206
238,Landon,1225,Alondra,1205
239,Russell,1205,Clarissa,1201
240,Liam,1204,Ashleigh,1191
241,Avery,1195,Karla,1182
242,Gavin,1193,Carolyn,1175
243,Zackary,1192,Tatiana,1170
244,Kristopher,1186,Arianna,1158
245,Terry,1175,Kasey,1154
246,Lane,1168,Jada,1152
247,Micheal,1157,Celeste,1148
248,Lawrence,1149,Jordyn,1148
249,Marcos,1144,Jessie,1138
250,Deandre,1141,Maggie,1137
251,Khalil,1118,Cecilia,1129
252,Trent,1117,Dakota,1125
253,Giovanni,1115,Tessa,1119
254,Arthur,1111,Marina,1102
255,Andy,1105,Mia,1102
256,Rodney,1099,Jaclyn,1090
257,Lance,1094,Raquel,1074
258,Kody,1092,Tamara,1070
259,Josue,1088,Mckenna,1066
260,Joe,1077,Ruby,1053
261,Donovan,1075,Justice,1046
262,Enrique,1068,Aubrey,1044
263,Nolan,1066,Teresa,1044
264,Billy,1063,Logan,1041
265,Walter,1062,Wendy,1039
266,Jamal,1058,Imani,1034
267,Nickolas,1053,Tiana,1025
268,Ross,1047,Daniela,1022
269,Bobby,1046,Mayra,1020
270,Alfredo,1041,Tia,1014
271,Ramon,1027,Rosa,1008
272,Todd,1027,Carmen,1005
273,Josiah,1018,Savanna,1001
274,Arturo,1016,Kelsie,1000
275,Jon,1012,Alissa,999
276,Jay,1011,Camille,998
277,Bailey,1010,Charlotte,997
278,Roger,1001,Jacquelyn,997
279,Ty,985,Carolina,988
280,Lorenzo,982,Nina,988
281,Israel,974,Madeleine,987
282,Aidan,973,Renee,986
283,Damon,957,Adrianna,985
284,Theodore,956,Jenny,979
285,Damien,953,Miriam,975
286,Carter,919,Sadie,971
287,Dominique,918,Riley,969
288,Brennan,916,Candace,966
289,Marquis,913,Heidi,961
290,Gustavo,912,Justine,957
291,Branden,910,Callie,953
292,Eddie,910,Theresa,948
293,Bryant,906,Elena,947
294,Jessie,903,Lillian,942
295,Quentin,900,Nichole,937
296,Randall,898,Ashton,931
297,Carson,893,Janet,928
298,Elias,890,Annie,926
299,Gerald,890,Martha,925
300,Malcolm,888,Esther,923
301,Maurice,888,Kelli,923
302,Dominick,883,Paola,921
303,Devonte,872,Tyler,917
304,Reginald,863,Alexia,913
305,Salvador,863,Angelina,907
306,Eli,861,Ebony,907
307,Quinton,860,Virginia,905
308,Johnathon,859,Alana,900
309,Forrest,858,Cara,900
310,Demetrius,855,Carrie,896
311,Tommy,852,Gloria,896
312,Brock,851,Susan,893
313,Conor,850,Kylee,888
314,Marvin,843,Devon,887
315,Terrance,840,Sidney,883
316,Frederick,830,Kierra,878
317,Marshall,825,Vivian,866
318,Kyler,824,Valeria,865
319,Willie,824,Marie,853
320,Zackery,821,Lily,852
321,Dante,818,Ruth,852
322,Braden,817,Destinee,849
323,Trevon,811,Shayla,846
324,Ashton,808,Mikaela,838
325,Pablo,801,Helen,836
326,Drake,795,Serena,830
327,Miles,793,Toni,823
328,Jamie,792,Delaney,820
329,Ernesto,777,Carissa,818
330,Lee,774,Sharon,812
331,Zane,774,Aimee,806
332,Zachariah,772,Liliana,801
333,Dean,769,Genesis,796
334,Steve,753,Britney,792
335,Tevin,752,Elise,788
336,Roy,732,Kellie,788
337,Devante,721,Rose,787
338,Kendall,720,Aliyah,785
339,Fabian,719,Janelle,779
340,Abel,717,Bria,774
341,Tyrone,717,Brooklyn,774
342,Ismael,716,Hunter,774
343,Angelo,714,Macy,770
344,Clay,714,Carla,764
345,Saul,714,Natalia,759
346,Kelvin,712,Anastasia,757
347,Shaun,710,Kali,756
348,Tucker,709,Barbara,753
349,Brenden,705,Eva,752
350,Owen,700,Harley,752
351,Rene,699,Tierra,750
352,Francis,697,Devin,745
353,Terrell,696,Chandler,744
354,Esteban,692,Ann,743
355,Griffin,689,Cheyanne,743
356,Nelson,681,Christian,737
357,Neil,678,Tayler,737
358,Wayne,673,Cassie,727
359,Keegan,670,Makenzie,727
360,Ronnie,668,Josie,726
361,Desmond,667,Robin,726
362,Bruce,665,Francesca,725
363,Franklin,662,Karissa,721
364,Orlando,658,Kate,717
365,Melvin,656,Madelyn,716
366,Harley,652,Sasha,715
367,Terrence,652,Emilee,713
368,Roman,647,Sonia,711
369,Marquise,644,Melody,708
370,Simon,644,Juliana,706
371,Emilio,643,Marisol,704
372,Jerome,642,Selina,704
373,Myles,638,Tatyana,703
374,Graham,633,Elisabeth,701
375,Cooper,632,Bryanna,700
376,Emanuel,631,Josephine,700
377,Kameron,630,Stacey,700
378,Darrell,628,Kaitlynn,698
379,Brendon,624,Baylee,696
380,Keenan,623,Sophie,694
381,Felix,622,Nikki,692
382,Guillermo,621,Arielle,689
383,Tristen,618,Carina,689
384,Reid,614,Pamela,687
385,Quinn,605,Candice,686
386,Rodrigo,605,Skylar,685
387,Daquan,601,Stacy,683
388,Justice,600,Kira,682
389,Weston,600,Darian,680
390,Devan,599,Nadia,680
391,Byron,598,Kailey,676
392,Karl,598,Nicolette,676
393,Oliver,596,Kyra,675
394,Darian,594,Kenya,673
395,Brody,589,Alaina,665
396,Moises,585,Alyson,662
397,Kristian,583,Clara,660
398,Mackenzie,579,Deborah,659
399,Kenny,574,Lorena,658
400,Cedric,573,Esmeralda,656
401,Dale,570,Breana,655
402,Leonardo,570,Brianne,651
403,Warren,570,Regina,650
404,Sam,569,Haylee,647
405,Kendrick,566,Adrienne,646
406,Stanley,562,Larissa,645
407,Jakob,561,Julianna,640
408,Skylar,561,Payton,638
409,Davis,560,Melinda,633
410,Jarrett,559,Kaila,632
411,Deion,558,Kyla,625
412,Corbin,555,Tina,625
413,Felipe,554,Tanya,621
414,Reed,550,Cortney,620
415,Alvin,548,Precious,620
416,Denzel,547,Mariana,619
417,Javon,544,Taryn,619
418,Bryson,543,Carley,618
419,Jermaine,541,Jane,618
420,Austen,540,Gianna,616
421,Rodolfo,540,Tiffani,615
422,Allan,539,Daniella,614
423,Darryl,538,Ivy,614
424,Kurt,537,Maranda,614
425,Geoffrey,536,Shawna,612
426,Tyrell,535,Irene,608
427,Lukas,534,Kassidy,608
428,Grayson,531,Chasity,607
429,Eugene,529,Sofia,607
430,Glenn,529,Jaime,603
431,Stefan,529,India,598
432,Hugo,528,Kayleigh,598
433,Leonard,528,Chelsie,594
434,Braxton,527,Joy,592
435,Wade,527,Tianna,592
436,Jordon,525,Sylvia,589
437,Elliot,521,Peyton,588
438,Noel,521,Leticia,587
439,Tylor,521,Micaela,585
440,Beau,520,Alma,583
441,Harold,519,Johanna,582
442,Dane,517,Alice,579
443,Deshawn,517,Edith,577
444,Ali,516,Marlene,577
445,Keaton,515,Lucy,576
446,Sterling,511,Marilyn,576
447,Charlie,510,Shania,576
448,Harry,508,Ciera,575
449,Dwayne,507,Christy,574
450,Joey,507,Frances,571
451,Jaquan,504,Allie,569
452,Gilbert,502,Noelle,567
453,Leon,502,Randi,563
454,Gilberto,495,Shayna,560
455,Ray,495,Kourtney,559
456,Shaquille,494,Tracy,557
457,Alfonso,493,Celina,556
458,Jarred,493,Paula,553
459,Sheldon,493,Haleigh,552
460,Ernest,491,Abbey,549
461,Rudy,490,Kiersten,547
462,Chris,488,Elisa,546
463,Isiah,488,Nora,545
464,Nikolas,488,Simone,544
465,Ramiro,480,Avery,542
466,Clinton,476,Tania,542
467,Nathanael,476,Elaine,540
468,Rogelio,474,Kaylin,540
469,Rashad,469,Angelique,536
470,Stephan,466,Kiera,536
471,Tyson,465,Brittani,526
472,Tomas,464,Mckayla,523
473,Duncan,456,Christa,521
474,Mauricio,455,Cristal,520
475,Quincy,455,Meaghan,520
476,Damion,454,Talia,519
477,Alonzo,453,Alexandrea,518
478,Donte,453,Kristine,517
479,Peyton,453,Maritza,517
480,Brayden,450,Moriah,516
481,Walker,450,Kaleigh,515
482,Alfred,449,Viviana,515
483,Deon,448,Yvette,515
484,Ariel,447,Kristy,513
485,Jayson,446,Maribel,513
486,Leo,446,Blanca,511
487,Deonte,444,Isabelle,508
488,Marlon,443,Eliza,506
489,Rolando,441,Chantel,503
490,Davon,440,Essence,502
491,Garret,438,Perla,502
492,Sawyer,438,Robyn,502
493,Kurtis,435,Kelsi,501
494,Blaine,434,Thalia,499
495,Elliott,433,Charity,495
496,Bernard,431,Nia,495
497,Demarcus,428,Lizbeth,494
498,Santiago,427,Donna,493
499,Clarence,425,Darby,491
500,Darien,424,Iris,490
501,Tyree,424,Ericka,489
502,Ralph,413,Kari,489
503,Sidney,411,Alina,488
504,Wilson,410,Judith,486
505,Julius,409,Yasmin,486
506,Dorian,408,Emilie,482
507,Nigel,405,Kaylie,482
508,Adan,404,Alanna,481
509,Cullen,400,Shanice,481
510,Jarrod,400,Rachelle,480
511,Payton,400,Jeanette,479
512,Brad,398,Kaley,479
513,Roderick,398,Dalia,476
514,Stuart,396,Paris,474
515,Darnell,395,Michele,472
516,Cade,393,Janae,471
517,Noe,390,Julianne,468
518,Quintin,389,Sandy,467
519,Bret,388,Desirae,466
520,Jaylen,385,Katharine,465
521,Lewis,378,Hallie,464
522,Colten,377,Tasha,463
523,Jace,376,Corinne,462
524,Shannon,375,Genevieve,462
525,Efrain,374,Carol,460
526,Triston,372,Margarita,457
527,Travon,368,Cayla,456
528,Mitchel,366,Yvonne,455
529,Kory,365,Norma,454
530,Humberto,364,Tyra,454
531,Malachi,359,Carlie,453
532,Uriel,358,Lexus,450
533,Clifford,357,Dallas,447
534,Howard,357,Tanisha,447
535,Kai,357,Katarina,446
536,Kelly,357,Breanne,445
537,Keanu,356,Kristi,442
538,Stephon,355,Skyler,441
539,Barry,354,Alex,440
540,Fredrick,354,Diane,440
541,Gordon,353,Khadijah,438
542,Deven,351,Mollie,438
543,Addison,350,Antonia,437
544,Markus,350,Eleanor,437
545,Mohammad,349,Katelin,437
546,Ahmad,347,Kaylyn,436
547,Alvaro,343,Tess,435
548,Perry,342,Araceli,434
549,Tre,342,Paulina,428
550,Leroy,341,Savanah,428
551,Coleman,340,Bridgette,427
552,Amir,338,Leanna,427
553,Jaden,338,Casandra,426
554,Dexter,336,Beatriz,421
555,Dion,335,Aisha,420
556,Shelby,335,Kelley,420
557,Baby,334,Alisa,419
558,Freddy,334,Heaven,417
559,Korey,334,Yolanda,416
560,Derick,333,Trisha,415
561,Ezekiel,333,Lyndsey,413
562,Anton,332,Misty,412
563,Mike,332,Stephany,410
564,Chaz,329,Kathy,409
565,Clint,329,Jill,408
566,Carlton,328,Noemi,408
567,Vicente,324,Laurel,407
568,Solomon,323,Susana,407
569,Ben,322,Ashlynn,403
570,Earl,321,Cameron,403
571,Raheem,321,Rosemary,403
572,Issac,320,Stefanie,403
573,Brice,318,Anita,400
574,Gunnar,317,Lena,400
575,Aron,316,Madalyn,399
576,Toby,316,Reagan,399
577,Adonis,315,Reyna,398
578,Kirk,315,Regan,397
579,Salvatore,313,Hailee,396
580,Dashawn,312,Lori,396
581,Joaquin,311,Phoebe,396
582,Nathanial,311,Yasmine,396
583,Daryl,310,Sheila,395
584,Antoine,306,Bailee,394
585,Lamar,306,Yadira,392
586,Jaron,305,Sally,390
587,Moses,304,Bonnie,387
588,Dwight,303,Clare,387
589,Raekwon,303,Alysha,386
590,Darion,302,Giselle,386
591,Glen,302,Fatima,385
592,Leonel,301,Destini,384
593,Jarvis,300,Maddison,383
594,Osvaldo,300,Lucia,382
595,Brenton,299,Karli,380
596,Don,299,Karly,378
597,Holden,299,Anissa,376
598,Mohammed,299,Dorothy,376
599,Irvin,294,Kianna,376
600,Heath,293,Halie,375
601,Kareem,293,Sade,374
602,Jean,291,Shaina,374
603,Terence,289,Eileen,373
604,Tristin,288,Destiney,372
605,Ezequiel,286,Joyce,371
606,Roland,286,Kacie,370
607,Clark,285,Georgia,367
608,Kasey,285,Jesse,367
609,Frankie,284,Katlin,367
610,Darrin,282,Shana,367
611,Kade,282,Antoinette,364
612,Kolton,281,Demi,364
613,Conrad,279,Janice,362
614,Dandre,279,Karlee,362
615,Maximilian,279,Kiley,360
616,Mohamed,279,Rocio,360
617,Norman,279,Ellie,359
618,Rigoberto,279,Chanel,358
619,River,278,Nathalie,357
620,Deangelo,276,Rochelle,356
621,Courtney,275,Ryan,356
622,Reynaldo,273,Abbie,351
623,Tracy,273,Jocelyne,351
624,Lamont,272,Jacklyn,350
625,Dillan,270,Mara,350
626,Milton,270,Myranda,350
627,Agustin,269,Rhiannon,350
628,Madison,269,Skye,349
629,Darrius,268,Micah,348
630,Kaden,268,Karlie,346
631,Kahlil,268,Sarai,345
632,Cordell,267,Suzanne,345
633,Jamar,267,Lyric,344
634,Kolby,267,Itzel,343
635,Devyn,266,Kasandra,343
636,Shayne,266,Shirley,342
637,Will,266,Elaina,341
638,Kieran,265,Montana,341
639,Lonnie,265,Helena,340
640,Houston,264,Roxanne,340
641,Bennett,263,Blair,338
642,Cornelius,261,Kelsea,337
643,Adolfo,260,Shantel,337
644,Ladarius,260,Shelbi,337
645,Reece,260,Ashlie,335
646,Ezra,259,Keri,335
647,Johnnie,259,Annette,334
648,Kane,259,Keisha,333
649,Everett,258,Lea,332
650,Neal,258,Alayna,331
651,Dimitri,257,Lacy,331
652,Brooks,255,Brook,330
653,Jonas,255,Luz,329
654,Lloyd,254,Katy,328
655,Sage,254,Melina,328
656,Marcel,253,Berenice,326
657,Nestor,253,Eden,325
658,Duane,252,Jaqueline,325
659,Raphael,251,Aurora,324
660,Rickey,251,Carli,324
661,Brennen,250,Mikala,324
662,Ignacio,250,Aspen,322
663,August,249,Trinity,322
664,Clifton,249,Fabiola,321
665,Dequan,248,Jodi,321
666,Rashawn,248,Shauna,321
667,Unknown,248,Bobbie,320
668,Hakeem,247,Dawn,320
669,Anfernee,246,Celia,318
670,German,246,Iesha,318
671,Tate,246,Lizette,318
672,Coty,245,Juanita,317
673,Davonte,245,Ayanna,316
674,Fred,244,Corina,315
675,Guadalupe,244,Kerri,315
676,Infant,244,Sydnee,315
677,Devonta,243,Addison,314
678,Jairo,243,Maegan,314
679,Jameson,243,Cora,313
680,Winston,243,Daisha,313
681,Ahmed,241,Leanne,313
682,Jefferson,241,Kaelyn,312
683,Bernardo,240,Makenna,312
684,Juwan,240,Rebeca,311
685,Rhett,240,Shyanne,311
686,Jayden,239,Hillary,310
687,Jasper,238,Sonya,310
688,Isaias,237,Ella,309
689,Jaleel,237,Rylee,309
690,Jaylon,237,Angie,308
691,Vernon,237,Baby,308
692,Arnold,236,Charlene,308
693,Colt,236,Kala,308
694,Aldo,235,Jayla,307
695,Cortez,235,Halle,306
696,Santos,233,Silvia,304
697,Jovan,231,Chelsi,303
698,Arron,229,Maura,303
699,Kristofer,229,Carlee,302
700,Brandan,228,Connie,301
701,Darin,228,Dulce,301
702,Kellen,228,Jena,299
703,Cruz,227,Kaela,299
704,Jamel,227,Kori,299
705,Kent,227,Arlene,297
706,Jamison,225,Athena,296
707,Reuben,225,Christiana,296
708,Robin,225,Kerry,296
709,Dayton,224,Rita,296
710,Junior,224,Devan,295
711,Marques,224,Lexi,293
712,Quinten,224,Ali,291
713,Austyn,223,Jenifer,291
714,Dusty,223,Elissa,290
715,Pierce,223,Mariela,289
716,Alonso,222,Beverly,288
717,Layne,221,Justina,288
718,Elvis,220,Sage,288
719,Rasheed,220,Kailee,286
720,Tobias,220,Ashly,284
721,Davion,219,Tristan,284
722,Octavio,219,Graciela,283
723,Justus,218,Gretchen,283
724,Keon,218,Beth,282
725,Herbert,217,Breann,282
726,Bradford,216,Gladys,282
727,Brandyn,216,Lucero,282
728,Caden,215,Shanna,281
729,Camden,215,Chantal,280
730,Gino,215,Drew,280
731,Nick,215,Kacey,280
732,Rick,215,Kirstin,280
733,Trever,215,Shelbie,280
734,Darrion,214,Yessenia,280
735,Reese,214,Ava,279
736,Gerard,213,Breonna,279
737,Khalid,213,Macey,279
738,Elmer,212,Ayana,278
739,Estevan,212,Kristyn,277
740,Cristopher,211,Jessika,276
741,Dangelo,211,Lesley,276
742,Erin,211,Stevie,275
743,Aubrey,209,Brielle,274
744,Ulises,209,Brionna,274
745,Guy,208,Joanne,274
746,Hassan,207,Tonya,274
747,Moshe,207,Brandie,273
748,Kerry,206,Constance,273
749,Forest,205,Cori,273
750,Dakotah,204,Tammy,273
751,Elisha,204,Darlene,272
752,Heriberto,204,Scarlett,272
753,Marquez,204,Jana,271
754,Paris,204,Kalyn,270
755,Rory,204,Rikki,270
756,Silas,204,Tamera,270
757,Gunner,203,Octavia,269
758,Raymundo,203,Bobbi,267
759,Thaddeus,203,Dayna,267
760,Deondre,202,Nadine,267
761,Freddie,202,Hollie,266
762,Zechariah,200,Krysta,266
763,Dylon,199,Macie,266
764,Codey,198,Racheal,266
765,Dewayne,198,Dasia,264
766,Trayvon,197,Janessa,264
767,Grady,196,Jennie,264
768,Javonte,196,Magdalena,263
769,Antwan,194,Shakira,263
770,Jimmie,194,Judy,262
771,Montana,194,Loren,262
772,Aric,193,Tabatha,262
773,Nico,193,Lara,260
774,Zakary,193,Shea,259
775,Royce,192,Allyssa,258
776,Destin,191,Debra,258
777,Lincoln,191,Maureen,257
778,Muhammad,191,Aleah,256
779,Benito,190,Emely,256
780,Fidel,190,Cheryl,255
781,Bradly,189,Christie,255
782,Rocky,189,Aubree,254
783,Shea,187,Jayme,254
784,Dana,186,Julissa,254
785,Gonzalo,186,Kristian,254
786,Hernan,186,Nataly,254
787,Leslie,186,Devyn,253
788,Tavon,186,Juana,253
789,Broderick,185,Ashli,252
790,Bronson,185,Fiona,252
791,Sonny,185,Alessandra,251
792,Jade,184,Brittni,251
793,Jaylin,183,Mandy,251
794,Josh,183,Bryana,250
795,Loren,183,Christen,250
796,Benny,182,Kallie,250
797,Draven,182,Elyse,249
798,Jamarcus,182,Kortney,249
799,Asa,180,Liana,249
800,Donnie,180,Cecelia,248
801,Sammy,179,Janie,248
802,Dillion,178,Kaylynn,248
803,Jerrod,178,Lexie,247
804,Lester,178,Roxana,247
805,Cyrus,177,Stacie,247
806,Auston,176,Alena,246
807,Hugh,176,Kailyn,246
808,Leland,175,Dianna,245
809,Akeem,174,Janay,245
810,Coby,174,Joelle,245
811,Gene,174,Latasha,245
812,Herman,174,Eboni,244
813,Bo,173,Kenia,243
814,Emmett,173,Ashanti,242
815,Shaquan,173,Sydni,242
816,Donavan,172,Ayla,241
817,Garrison,172,Kristie,241
818,Julien,172,Lauryn,241
819,Misael,172,Denisha,240
820,Dan,171,Joselyn,240
821,Donnell,171,Shelly,240
822,Talon,171,Griselda,239
823,Spenser,170,Ingrid,239
824,Lionel,169,Mindy,239
825,Stewart,169,Yasmeen,239
826,Tyron,169,Katlynn,238
827,Clyde,168,Monika,238
828,Deshaun,168,Jackie,237
829,Efren,168,Kayli,237
830,Josef,168,Kaycee,236
831,Orion,168,Aileen,235
832,Markel,167,Alycia,235
833,Ari,166,Betty,235
834,Ellis,166,Jalisa,235
835,Niko,166,Latisha,235
836,Camron,165,Danica,234
837,Irving,165,Layla,234
838,Jabari,165,Alysia,233
839,Markell,165,Salina,233
840,Storm,165,Terra,233
841,Amos,164,Viridiana,233
842,Romello,164,Abbigail,232
843,Stone,164,Aja,232
844,Kelton,163,Kendal,232
845,Pierre,163,Audra,231
846,Tyquan,163,Celine,231
847,Jackie,162,Damaris,231
848,Jarod,162,Lacie,231
849,Montel,162,Sarina,231
850,Randolph,162,Eryn,230
851,Tayler,162,Gabriel,230
852,Vance,162,Leigh,230
853,Abram,161,Adrian,229
854,Dallin,161,Billie,229
855,Jamil,161,Emerald,229
856,Trace,161,Gwendolyn,228
857,Anderson,160,Brittanie,227
858,Kole,160,Malia,227
859,Wendell,160,Hali,226
860,Kennedy,159,Karley,226
861,Jim,158,Myra,226
862,Rex,158,Noel,226
863,Augustus,157,Daphne,225
864,Barrett,157,Miracle,225
865,Chadwick,157,Anjelica,223
866,Codie,157,Unknown,223
867,Denver,157,Elsa,222
868,Ibrahim,157,Infant,222
869,Rico,157,Mattie,222
870,Syed,157,Elisha,221
871,Tristian,157,Gillian,221
872,Dario,156,Jazmyn,221
873,Demarco,156,Kaci,220
874,Kelsey,156,Jessi,219
875,Kenton,156,Zoey,219
876,Erich,155,Maricela,218
877,Trae,155,Chaya,217
878,Devontae,154,Christin,217
879,Eliseo,154,Delia,217
880,Jeff,154,Asha,216
881,Jorden,154,Leila,216
882,Alexandro,153,Princess,216
883,Andreas,153,Kalie,215
884,Antony,153,Lorraine,215
885,Keven,153,Unique,215
886,Myron,153,Alysa,214
887,Alton,152,Iridian,214
888,Galen,152,Terri,214
889,Hans,152,Emilia,213
890,Jacoby,152,Esperanza,213
891,Stetson,152,Giovanna,213
892,Darrien,151,Laken,213
893,Floyd,150,Alecia,212
894,Jessy,150,Eunice,212
895,Ted,150,Haylie,212
896,Carlo,149,Janette,212
897,Dawson,149,Martina,212
898,Edgardo,149,Pauline,212
899,Garett,149,Kia,211
900,Jacques,149,Lynn,211
901,Jonatan,149,Stormy,211
902,Mikel,149,Jami,210
903,Bryon,148,Marley,210
904,Darrian,148,Sommer,210
905,Davin,148,Brooklynn,209
906,Dionte,148,Ivette,209
907,Domenic,148,Patience,209
908,Genaro,148,Alia,208
909,Kevon,148,Tristen,208
910,Maverick,148,Alesha,207
911,Titus,148,Alivia,207
912,Tory,148,Keanna,207
913,Cecil,147,Lilly,207
914,Cristobal,147,Britany,206
915,Justen,147,Corey,206
916,Turner,147,Kayley,206
917,Axel,145,Lana,206
918,Chester,145,Tiera,206
919,Gregorio,145,Anika,205
920,Harvey,145,Domonique,205
921,Armani,144,Iliana,205
922,Dakoda,144,Keely,205
923,Easton,144,Kristal,205
924,Jamaal,144,Maira,205
925,Justyn,144,Carson,204
926,Ervin,143,Blake,203
927,Lyle,143,Cydney,203
928,Ryder,143,Daija,203
929,Treyvon,143,Fallon,203
930,Vaughn,143,Hana,203
931,Alden,142,Jodie,203
932,Asher,142,Sherry,203
933,Menachem,142,Zhane,203
934,Najee,142,Celena,202
935,Daron,141,Katerina,202
936,Kalen,141,Lia,202
937,Aiden,140,Reina,202
938,Maximillian,140,Susanna,202
939,Rashaad,140,Sydnie,202
940,Rashaan,140,Flor,201
941,Remington,140,Patrice,201
942,Ulysses,140,Yazmin,201
943,Emerson,139,Catalina,200
944,Francesco,139,Quinn,200
945,Tyshawn,139,Isis,199
946,Armand,138,Leandra,199
947,Kelby,138,Marisela,199
948,Marcelo,138,Maryann,199
949,Blair,137,Tracey,199
950,Gideon,137,Beatrice,198
951,Kegan,137,Fernanda,198
952,Tariq,137,Mariam,198
953,Alexandre,136,Irma,197
954,Jess,136,Kinsey,197
955,Rohan,136,Lizeth,197
956,Brannon,135,Marcella,197
957,Killian,135,Marianna,197
958,Valentin,135,Melisa,197
959,Dondre,134,Salena,197
960,Dontae,134,Shyann,197
961,Jevon,134,Staci,197
962,Phoenix,134,Tatianna,197
963,Tom,134,Tiffanie,197
964,Greyson,133,Juliette,196
965,Mikal,133,Ricki,196
966,Latrell,132,Selene,196
967,Savon,132,Chantelle,195
968,Alek,131,Daja,195
969,Trevin,131,Lesly,195
970,Brennon,130,Annabelle,194
971,Bryton,130,Annika,194
972,Chaim,130,Kyleigh,194
973,Derik,130,Nayeli,194
974,Nicklaus,130,Sienna,194
975,Rakeem,130,Valentina,194
976,Rocco,130,Annamarie,193
977,Seamus,130,Ciarra,193
978,Greg,129,Jerrica,193
979,Kirby,129,Dina,192
980,Rayshawn,129,Jaimie,192
981,Shay,129,Jamila,192
982,Isai,128,Maci,192
983,Antwon,127,Belinda,191
984,Kadeem,127,Kenzie,191
985,Ron,127,Kimberlee,191
986,Rusty,127,Corrina,190
987,Abdul,126,Katheryn,190
988,Branson,126,Nikita,190
989,Ishmael,126,Yajaira,190
990,Isidro,126,Amie,189
991,Jody,126,Ashely,189
992,Ken,126,Destany,189
993,Ramsey,126,Geneva,189
994,Damarcus,125,Kathrine,189
995,Eddy,125,Luisa,189
996,Laurence,125,Tiarra,189
997,Mateo,125,Astrid,188
998,Hudson,124,Danyelle,188
999,Dejuan,123,Lourdes,188
1000,Desean,123,Mari,188
