1,Jacob,27879,Emily,25033
2,Michael,25454,Emma,21606
3,Joshua,24199,Madison,20622
4,Matthew,22873,Olivia,16105
5,Ethan,22204,Hannah,15604
6,Andrew,21699,Abigail,15424
7,Daniel,20979,Isabella,15016
8,William,20223,Ashley,14372
9,Joseph,20123,Samantha,13782
10,Christopher,19626,Elizabeth,13560
11,Anthony,19603,Alexis,13470
12,Ryan,19491,Sarah,12735
13,Nicholas,18514,Grace,12531
14,David,18385,Alyssa,12103
15,Alexander,17922,Sophia,10915
16,Tyler,17442,Lauren,9981
17,James,16460,Brianna,9800
18,John,16447,Kayla,9768
19,Dylan,14847,Natalie,9687
20,Nathan,14627,Anna,9514
21,Jonathan,14363,Jessica,9471
22,Brandon,14129,Taylor,9303
23,Samuel,14106,Chloe,8724
24,Christian,13916,Hailey,8683
25,Benjamin,13818,Ava,8644
26,Zachary,13711,Jasmine,8486
27,Logan,13140,Sydney,8364
28,Jose,12178,Victoria,8274
29,Noah,11904,Ella,8237
30,Justin,11873,Mia,7397
31,Elijah,11707,Morgan,7294
32,Gabriel,11555,Julia,7145
33,Caleb,11299,Kaitlyn,6987
34,Kevin,11217,Rachel,6914
35,Austin,10744,Katherine,6738
36,Robert,10675,Megan,6686
37,Thomas,10497,Alexandra,6622
38,Connor,10047,Destiny,6546
39,Evan,9980,Jennifer,6541
40,Aidan,9821,Allison,5872
41,Luke,9593,Savannah,5811
42,Jack,9578,Maria,5752
43,Jordan,9554,Nicole,5738
44,Angel,9511,Mackenzie,5726
45,Isaiah,9255,Haley,5724
46,Isaac,9175,Brooke,5711
47,Jason,9060,Makayla,5663
48,Jackson,8977,Trinity,5632
49,Hunter,8901,Kylie,5555
50,Cameron,8886,Kaylee,5441
51,Mason,8617,Paige,5437
52,Gavin,8608,Faith,5416
53,Aaron,8389,Lily,5400
54,Juan,8125,Zoe,5363
55,Kyle,7821,Stephanie,5181
56,Charles,7649,Jenna,5175
57,Luis,7492,Andrea,5054
58,Adam,7471,Riley,4982
59,Brian,7329,Katelyn,4950
60,Aiden,7159,Angelina,4910
61,Eric,7132,Kimberly,4843
62,Jayden,6923,Mary,4809
63,Alex,6810,Madeline,4764
64,Sean,6769,Leah,4742
65,Bryan,6731,Lillian,4732
66,Lucas,6711,Michelle,4715
67,Owen,6706,Amanda,4679
68,Nathaniel,6667,Sara,4503
69,Ian,6504,Sofia,4474
70,Jesus,6466,Rebecca,4456
71,Carlos,6255,Jordan,4445
72,Adrian,6138,Alexa,4439
73,Diego,5874,Gabrielle,4419
74,Julian,5670,Caroline,4377
75,Cole,5644,Vanessa,4347
76,Ashton,5435,Gabriella,4253
77,Jeremiah,5377,Avery,4042
78,Steven,5352,Marissa,4006
79,Timothy,5228,Ariana,3995
80,Seth,5185,Audrey,3902
81,Devin,5163,Jada,3889
82,Chase,5161,Autumn,3864
83,Jaden,5148,Maya,3766
84,Cody,5124,Evelyn,3763
85,Colin,5122,Jocelyn,3742
86,Landon,5037,Arianna,3684
87,Hayden,5019,Isabel,3636
88,Xavier,5013,Amber,3635
89,Carter,5009,Melanie,3580
90,Wyatt,4973,Diana,3554
91,Dominic,4879,Danielle,3528
92,Richard,4845,Sierra,3520
93,Antonio,4838,Leslie,3499
94,Jesse,4759,Aaliyah,3488
95,Blake,4693,Erin,3366
96,Miguel,4522,Amelia,3350
97,Sebastian,4520,Molly,3343
98,Jake,4470,Melissa,3334
99,Alejandro,4450,Claire,3333
100,Patrick,4440,Bailey,3308
101,Carson,4379,Brooklyn,3263
102,Victor,4288,Katie,3202
103,Alexis,4175,Catherine,3180
104,Caden,4157,Nevaeh,3179
105,Kaden,4136,Angela,3157
106,Riley,4109,Amy,3114
107,Brayden,4066,Isabelle,3098
108,Bryce,4024,Jacqueline,3065
109,Henry,3910,Jade,3051
110,Trevor,3896,Gabriela,3022
111,Jeremy,3863,Madelyn,3004
112,Liam,3827,Shelby,2988
113,Mark,3768,Mariah,2978
114,Garrett,3689,Gracie,2940
115,Tristan,3479,Mya,2895
116,Marcus,3475,Breanna,2894
117,Ivan,3458,Kennedy,2886
118,Jorge,3440,Daniela,2839
119,Kenneth,3422,Adriana,2829
120,Kaleb,3421,Briana,2824
121,Vincent,3420,Courtney,2762
122,Brady,3368,Kathryn,2753
123,Oscar,3345,Christina,2732
124,Joel,3233,Gianna,2726
125,Tanner,3231,Alexandria,2649
126,Eduardo,3201,Lydia,2622
127,Paul,3182,Angel,2613
128,Jared,3173,Miranda,2612
129,Edward,3149,Laura,2551
130,Collin,3107,Alicia,2515
131,Parker,3063,Ashlyn,2454
132,Alan,3062,Alexia,2448
133,Cooper,3045,Margaret,2435
134,Conner,3005,Peyton,2391
135,Colton,2951,Sophie,2388
136,Maxwell,2927,Rylee,2374
137,Dakota,2916,Kendall,2360
138,Nicolas,2871,Kelly,2357
139,Cristian,2855,Ana,2346
140,Stephen,2848,Summer,2333
141,Grant,2815,Kylee,2295
142,Josiah,2794,Natalia,2292
143,Peter,2787,Daisy,2270
144,Ricardo,2781,Reagan,2269
145,Gage,2752,Naomi,2267
146,George,2735,Lindsey,2254
147,Francisco,2727,Kate,2218
148,Jeffrey,2723,Kelsey,2198
149,Omar,2723,Sabrina,2188
150,Brendan,2719,Cheyenne,2185
151,Spencer,2661,Mckenzie,2184
152,Preston,2645,Jillian,2179
153,Braden,2620,Alondra,2178
154,Levi,2598,Skylar,2174
155,Fernando,2576,Karen,2165
156,Derek,2543,Mikayla,2158
157,Cesar,2536,Paris,2150
158,Javier,2535,Ruby,2119
159,Damian,2526,Payton,2077
160,Eli,2520,Addison,2054
161,Nolan,2488,Caitlin,2049
162,Micah,2487,Kyla,2038
163,Peyton,2483,Crystal,2034
164,Max,2481,Juliana,2031
165,Shane,2476,Caitlyn,2030
166,Travis,2458,Abby,2023
167,Dalton,2452,Layla,2012
168,Manuel,2410,Cassidy,2007
169,Shawn,2408,Delaney,2002
170,Andres,2392,Charlotte,1993
171,Edgar,2385,Mariana,1991
172,Erik,2364,Bianca,1986
173,Edwin,2353,Cassandra,1973
174,Emmanuel,2346,Valeria,1957
175,Devon,2327,Tiffany,1955
176,Bradley,2307,Angelica,1938
177,Jonah,2295,Carly,1925
178,Mario,2260,Alana,1912
179,Malachi,2245,Hope,1911
180,Erick,2231,Valerie,1904
181,Ty,2198,Jasmin,1886
182,Ayden,2183,Giselle,1884
183,Johnathan,2177,Erica,1874
184,Wesley,2107,Genesis,1858
185,Colby,2065,Jazmin,1857
186,Donovan,2054,Jordyn,1833
187,Trenton,2054,Kiara,1828
188,Raymond,2053,Mallory,1828
189,Giovanni,2032,Ellie,1817
190,Jalen,2022,Aubrey,1815
191,Marco,2010,Serenity,1781
192,Hector,2002,Erika,1771
193,Abraham,1986,Veronica,1767
194,Gregory,1968,Chelsea,1752
195,Leonardo,1961,Karla,1749
196,Damien,1955,Sadie,1748
197,Dillon,1951,Karina,1734
198,Clayton,1921,Eva,1727
199,Andre,1916,Jamie,1725
200,Bryson,1913,Julianna,1682
201,Sergio,1913,Brenda,1659
202,Roberto,1875,Mckenna,1656
203,Martin,1858,Lucy,1637
204,Jaylen,1791,Celeste,1635
205,Andy,1785,Maggie,1630
206,Dawson,1763,Alejandra,1629
207,Elias,1759,Bethany,1629
208,Josue,1746,Zoey,1622
209,Harrison,1729,Amaya,1619
210,Brody,1725,Adrianna,1616
211,Corey,1673,Esmeralda,1613
212,Drew,1666,Lilly,1613
213,Mitchell,1647,Makenzie,1604
214,Scott,1640,Elena,1584
215,Israel,1633,Nadia,1584
216,Taylor,1613,Jayla,1561
217,Dominick,1605,Meghan,1557
218,Ruben,1601,Cadence,1552
219,Calvin,1594,Ariel,1544
220,Braxton,1581,Kyra,1542
221,Miles,1581,Aliyah,1527
222,Brett,1565,Cynthia,1520
223,Dustin,1551,Liliana,1517
224,Rafael,1544,Camryn,1514
225,Avery,1521,Monica,1512
226,Pedro,1517,Elise,1510
227,Troy,1501,Makenna,1463
228,Oliver,1490,Kailey,1438
229,Jace,1487,Alison,1432
230,Frank,1465,Hanna,1426
231,Zane,1455,Vivian,1424
232,Ronald,1451,Lizbeth,1422
233,Camden,1446,Macy,1415
234,Skyler,1423,Desiree,1394
235,Jakob,1416,Rebekah,1384
236,Gerardo,1414,Jayden,1383
237,Trey,1405,Haylee,1368
238,Payton,1396,Allyson,1367
239,Roman,1395,Carmen,1363
240,Armando,1386,Brittany,1355
241,Griffin,1385,Lindsay,1354
242,Raul,1381,Josephine,1337
243,Malik,1376,Nina,1324
244,Marcos,1369,Heather,1303
245,Brock,1349,Jazmine,1298
246,Alec,1333,Asia,1297
247,Kai,1324,Hayley,1297
248,Derrick,1323,Jaden,1283
249,Phillip,1323,Kara,1283
250,Chance,1320,Laila,1282
251,Johnny,1315,Joanna,1278
252,Keith,1313,Cameron,1277
253,Cade,1309,Camille,1276
254,Simon,1306,Carolina,1269
255,Allen,1295,Katelynn,1268
256,Enrique,1295,Shannon,1255
257,Keegan,1292,Keira,1244
258,Trent,1280,Reese,1241
259,Xander,1273,Selena,1241
260,Jaiden,1272,Bella,1240
261,Casey,1270,Julie,1239
262,Drake,1267,Aniya,1231
263,Donald,1249,Diamond,1223
264,Cayden,1241,Kristen,1220
265,Leo,1239,Raven,1218
266,Fabian,1224,Piper,1214
267,Jaxon,1224,Guadalupe,1213
268,Julio,1222,Heaven,1210
269,Angelo,1216,Alaina,1207
270,Corbin,1212,Claudia,1202
271,Dante,1209,Kendra,1199
272,Grayson,1196,Fatima,1198
273,Jaime,1194,Savanna,1197
274,Kyler,1175,Miriam,1195
275,Lance,1161,Kira,1184
276,Kameron,1153,Tessa,1183
277,Emanuel,1148,April,1179
278,Brenden,1145,Dakota,1179
279,Zander,1140,Cecilia,1177
280,Jimmy,1133,Sandra,1175
281,Landen,1131,Katrina,1171
282,Chandler,1130,Michaela,1167
283,Alberto,1124,Ashlee,1163
284,Tyson,1116,Clara,1163
285,Darius,1115,Kayleigh,1161
286,Adan,1113,Anastasia,1156
287,Tucker,1107,Ashlynn,1155
288,Zackary,1105,Camila,1153
289,Saul,1103,Nancy,1146
290,Gustavo,1101,Tatiana,1127
291,Mathew,1092,Stella,1123
292,Santiago,1088,Jadyn,1120
293,Jerry,1086,Holly,1118
294,Lukas,1080,Allie,1105
295,Lorenzo,1075,Aniyah,1101
296,Myles,1075,Kaitlin,1101
297,Emilio,1070,Esther,1100
298,Nickolas,1069,Kirsten,1089
299,Lane,1067,Kamryn,1076
300,Brennan,1061,Annabelle,1067
301,Nikolas,1060,Eleanor,1063
302,Louis,1050,Serena,1063
303,Pablo,1045,Alayna,1062
304,Danny,1038,Natasha,1059
305,Aden,1034,Cindy,1053
306,Quinn,1034,Nora,1043
307,Philip,1017,Wendy,1039
308,Arturo,1014,Kaylie,1038
309,Morgan,1009,Bridget,1035
310,Dennis,1007,Skyler,1032
311,Kaiden,1007,Julissa,1018
312,Zion,1007,Melody,1018
313,Theodore,1005,Emilee,1015
314,Damon,992,Eliana,1013
315,Ezekiel,985,Emely,1006
316,Randy,977,Kathleen,1001
317,Kayden,973,Patricia,997
318,Bryant,972,Rylie,994
319,Jayson,963,Lexi,993
320,Mateo,961,Eliza,991
321,Tony,957,Aurora,989
322,Curtis,949,Ciara,980
323,Yahir,947,Tara,977
324,Braeden,941,Josie,975
325,Axel,938,Kristina,972
326,Gary,925,Daniella,971
327,Jonathon,923,Annika,970
328,Alfredo,921,Fiona,970
329,Hudson,915,Jayda,967
330,Quentin,912,Brenna,966
331,Tristen,912,Alivia,962
332,Ismael,905,Madeleine,959
333,Larry,898,Alissa,955
334,Marc,897,Talia,955
335,Asher,894,Marisa,953
336,Brayan,891,Meredith,953
337,Darren,891,Mercedes,952
338,Albert,865,Yasmin,950
339,Camron,859,Yesenia,950
340,Amir,843,Eden,941
341,Ryder,832,Leilani,936
342,Salvador,830,Paola,934
343,Chad,828,Heidi,933
344,Mekhi,825,Kassandra,929
345,Ramon,824,Callie,925
346,Jay,820,Brooklynn,920
347,Joe,819,Priscilla,920
348,Cory,818,Shayla,919
349,Ernesto,818,Cierra,914
350,Charlie,812,Britney,911
351,Esteban,810,Ruth,905
352,Douglas,799,Logan,900
353,Marvin,797,Denise,893
354,Keaton,794,Leila,893
355,Arthur,792,Rose,890
356,Abel,791,Nia,889
357,Dallas,788,Marina,886
358,Ricky,783,Sage,880
359,Moises,781,Brynn,879
360,Orlando,779,Itzel,878
361,Eddie,772,Perla,877
362,Lawrence,768,Harley,876
363,Russell,768,Kiana,871
364,Emiliano,767,Helen,861
365,Walter,766,Samara,856
366,Hugo,759,Georgia,854
367,Jude,755,Clarissa,852
368,Mauricio,755,Sasha,850
369,Carl,752,Christine,844
370,Gael,750,Rachael,844
371,Holden,747,Janiya,843
372,Dean,746,Tori,842
373,Rylan,746,Kiley,840
374,Davis,743,Sidney,836
375,Kristopher,743,Tamia,833
376,Marshall,741,Iris,831
377,Ezra,729,Kaydence,830
378,Maddox,728,Angie,829
379,Ali,725,Kiera,827
380,Walker,722,Kyleigh,818
381,Weston,722,Anahi,817
382,Julius,713,Casey,817
383,Isiah,712,Annie,813
384,Maurice,712,Tatum,813
385,Joaquin,711,Shania,812
386,Kade,701,Ivy,803
387,Rodrigo,700,Halle,801
388,Tate,700,Imani,801
389,Reese,698,Lauryn,798
390,Micheal,695,Kadence,797
391,Reece,695,Bryanna,790
392,Felix,691,Hailee,790
393,Tommy,686,Nayeli,790
394,Luca,685,Alina,789
395,Chris,674,Izabella,779
396,Issac,666,Marisol,775
397,Elliot,665,Ximena,770
398,Shaun,660,Anne,765
399,Caiden,657,Ainsley,764
400,Terry,655,Skye,760
401,Justice,651,Madalyn,758
402,Beau,649,Alice,756
403,Javon,647,Kassidy,756
404,Bennett,646,Genevieve,754
405,Brent,645,Phoebe,751
406,Guillermo,639,Liberty,748
407,Amari,638,Lesly,747
408,Kody,637,Madisyn,746
409,Jon,635,Teresa,746
410,Osvaldo,634,Nyla,745
411,Jaylin,632,Ryleigh,743
412,Kelvin,631,Joselyn,741
413,Roger,630,Lucia,741
414,Braydon,629,Paulina,737
415,Deandre,625,Maritza,735
416,Kobe,625,Rosa,734
417,Jeffery,623,Ashleigh,731
418,Khalil,620,Carolyn,729
419,Zachariah,620,Linda,727
420,Easton,619,Regan,726
421,Branden,618,Taryn,725
422,Zachery,618,Gloria,723
423,Graham,616,Amya,717
424,Jamari,614,Lacey,714
425,Jadon,613,Alexus,713
426,Jaylon,613,Francesca,711
427,Maximus,613,Dayanara,709
428,Toby,612,Lisa,709
429,Silas,611,Dana,704
430,Declan,606,Jaiden,704
431,Melvin,606,Krystal,703
432,Rodney,602,Tiana,702
433,Bailey,599,Viviana,702
434,Davion,596,Elisabeth,700
435,Dorian,594,Ryan,700
436,Demetrius,593,Kaylin,699
437,Nathanael,593,Cora,698
438,Sam,593,Hallie,698
439,Sawyer,592,Cristina,697
440,Noe,591,Virginia,697
441,Felipe,589,Amari,696
442,Reid,589,Isabela,694
443,Allan,588,Raquel,688
444,Jamal,588,Tabitha,688
445,Uriel,587,Noelle,686
446,Marquis,583,Jenny,685
447,Frederick,581,Alisha,684
448,Omarion,581,Larissa,682
449,Bobby,573,Malia,681
450,Rene,573,Whitney,676
451,Trevon,573,Deanna,674
452,Noel,572,Janet,672
453,Conor,571,Kaitlynn,669
454,Jessie,571,Madyson,663
455,Nelson,571,Kiersten,660
456,Jonas,568,Alyson,658
457,Elliott,566,Elaina,658
458,Billy,565,Emilie,658
459,Brendon,563,Jane,657
460,Jermaine,561,Dulce,650
461,Harley,558,Nataly,644
462,Jaxson,554,Monique,643
463,Gerald,552,Kaleigh,641
464,Damion,549,Jimena,640
465,Wilson,547,Lana,640
466,Desmond,542,Tania,636
467,Roy,542,Ayanna,634
468,Quincy,538,Anya,631
469,Dane,537,Emilia,630
470,Skylar,536,Carla,629
471,Leonel,535,Carissa,625
472,Terrance,535,Alanna,623
473,Bruce,532,Sarai,623
474,Rogelio,532,Macie,621
475,Quinton,529,Renee,620
476,Rowan,529,Dylan,619
477,Solomon,528,Simone,616
478,Nasir,524,India,615
479,Craig,523,Anika,614
480,Rohan,522,Joy,614
481,Kenny,519,America,612
482,Tomas,515,Valentina,611
483,Reed,514,Miracle,610
484,Kristian,512,Jessie,607
485,Terrell,511,Marlene,605
486,Ahmad,508,Marie,601
487,Joey,508,Brielle,600
488,Kanye,508,Athena,599
489,Franklin,507,Brittney,599
490,Amarion,505,Lila,599
491,Reginald,502,Raegan,597
492,Jaydon,499,Elle,596
493,Kolby,497,Haleigh,596
494,Jaquan,495,Elisa,593
495,Triston,492,Ellen,592
496,Moses,491,Justice,592
497,Willie,491,Martha,592
498,Rodolfo,490,Fernanda,591
499,Kadin,489,Baylee,590
500,Tobias,489,Laci,588
501,Zackery,488,Dominique,587
502,Devan,487,Carlie,586
503,Isaias,485,Johanna,585
504,Kendall,485,Madilyn,584
505,Mohamed,484,Jaelyn,575
506,Steve,484,Tia,575
507,Dayton,483,Yasmine,572
508,Johnathon,481,Cara,570
509,Byron,480,Alessandra,568
510,Alvin,479,Aileen,567
511,Deven,479,Anaya,567
512,Pierce,478,Carley,567
513,Kellen,475,Kendal,565
514,Maximilian,474,Maddison,564
515,Cyrus,473,Jaqueline,556
516,Jameson,465,Marley,556
517,Jarrett,464,Lola,555
518,Kendrick,463,Abbigail,553
519,Wade,463,Kaley,553
520,Leon,462,Kristin,553
521,Marlon,460,Lena,553
522,Jayce,459,Destinee,549
523,Alfonso,458,Teagan,548
524,Francis,456,Janessa,544
525,Ahmed,454,Litzy,543
526,Rolando,453,Lilian,541
527,Will,452,Pamela,540
528,Ben,451,Scarlett,538
529,Warren,451,Kailee,536
530,Trace,447,Trista,535
531,Harry,446,Kierra,534
532,Ramiro,445,Ashanti,532
533,Malcolm,444,Kailyn,532
534,Jamie,443,Isis,531
535,Everett,440,Mckayla,531
536,Todd,440,Lexie,530
537,Gilberto,439,Haylie,529
538,Rocco,439,Judith,529
539,Izaiah,438,Irene,528
540,Ronnie,438,Kaya,528
541,Jamarion,437,Kali,527
542,Addison,430,Laney,527
543,Adolfo,426,Janelle,526
544,Kieran,425,Krista,526
545,Grady,424,Karissa,523
546,Deshawn,422,Susan,523
547,Alonzo,421,Madelynn,520
548,Darian,421,Araceli,519
549,River,420,Willow,518
550,Orion,418,Aspen,516
551,Ariel,416,Katlyn,515
552,Phoenix,416,Sharon,515
553,Jerome,414,Zoie,515
554,Lincoln,413,Sonia,514
555,Stanley,413,Gillian,513
556,Lee,412,Maci,512
557,Rudy,411,Mikaela,512
558,Darrell,410,Precious,512
559,Judah,410,Sylvia,512
560,Gilbert,408,Helena,511
561,Cruz,406,Maia,511
562,Tyrone,406,Cristal,510
563,Tristin,404,Yadira,510
564,Vicente,404,Cheyanne,507
565,Ezequiel,403,Presley,507
566,Blaine,402,Abbey,505
567,Duncan,402,Charity,505
568,Quintin,401,Kaelyn,502
569,Finn,399,Tamara,502
570,Omari,399,Janiyah,501
571,Randall,399,Abbie,500
572,Titus,397,Lillie,498
573,Johan,395,Marilyn,497
574,Gunnar,394,Thalia,494
575,Jamison,392,Harmony,492
576,Colten,391,Gina,491
577,Jasper,391,Tyler,491
578,Ray,391,Janae,490
579,Leonard,385,Kasey,487
580,Nehemiah,385,Sherlyn,487
581,Cedric,384,Arely,484
582,Clay,383,Hayden,483
583,Eugene,382,Karlee,482
584,Keenan,382,Violet,482
585,Efrain,380,Mariela,481
586,Cristopher,379,Melany,481
587,Ibrahim,379,Skyla,481
588,Kyan,379,Adeline,479
589,Abram,377,Daphne,477
590,Alvaro,374,Norah,476
591,Ulises,374,Gwendolyn,475
592,Davin,373,Deja,474
593,Tyrese,371,Gisselle,474
594,Anderson,370,Ally,473
595,Ernest,367,Delilah,473
596,Reagan,366,Meagan,473
597,Gunner,364,Amani,468
598,Wayne,363,Shaniya,468
599,Elisha,359,Jaida,467
600,Maximiliano,359,Lorena,467
601,Tyrell,359,Luz,467
602,Romeo,356,Mayra,465
603,Jett,354,Angelique,461
604,Jordon,354,Noemi,461
605,Karson,354,Macey,458
606,Terrence,354,Estrella,457
607,Dale,353,Amara,456
608,Jair,353,Alma,452
609,Moshe,353,Sienna,452
610,Aldo,352,Lesley,451
611,Camren,350,Eve,450
612,Harold,350,Roselyn,449
613,Jairo,350,Rubi,448
614,Ross,350,Saniya,448
615,Mohammed,349,Lia,447
616,Tyree,349,Karlie,445
617,Brodie,347,Lea,445
618,Jabari,346,Jacquelyn,443
619,Kareem,345,Bailee,442
620,Jase,344,Ingrid,442
621,Davon,343,Jolie,440
622,Emmett,341,Nathalie,438
623,Mohammad,340,Rhiannon,438
624,Mike,338,Charlize,436
625,Neil,338,Lizeth,435
626,Brennen,336,Dayana,434
627,Gianni,336,Melina,434
628,Julien,336,Reyna,433
629,Porter,336,Tiara,433
630,Antoine,335,Carlee,432
631,Kole,335,Kenya,432
632,Lewis,334,Stacy,431
633,Alijah,333,Kaila,430
634,Brooks,332,Tanya,430
635,Keshawn,332,Julianne,429
636,Markus,332,Kennedi,429
637,Coleman,331,Kelsie,428
638,Jamar,330,Deborah,427
639,Kolton,328,Frances,427
640,Aron,326,Mara,427
641,Dominik,326,Danna,426
642,Freddy,324,Arielle,425
643,Ronan,322,Barbara,425
644,Aryan,321,Kenzie,425
645,Alexzander,320,Regina,424
646,Layne,320,Tess,424
647,Brice,318,Emmalee,423
648,Donte,318,Jamya,423
649,Dashawn,316,Penelope,423
650,Junior,316,Juliet,422
651,Misael,316,Amira,419
652,Cohen,315,Clare,419
653,Agustin,314,Jazlyn,419
654,Octavio,313,Paula,419
655,Dominique,311,Jazmyn,418
656,Devyn,310,Kaylynn,418
657,Greyson,310,Brandy,417
658,Jaron,310,Aisha,415
659,Jefferson,310,Lilliana,415
660,Sage,310,Aimee,414
661,Brycen,309,Parker,414
662,Josh,308,Elaine,413
663,Zechariah,308,Ansley,412
664,Irvin,307,Cassie,412
665,Salvatore,307,Jaylin,412
666,Aydan,306,Ashton,411
667,Dillan,306,Haven,411
668,Kamron,306,London,411
669,Ignacio,304,Brandi,410
670,Raphael,304,Kayley,410
671,Braiden,303,Theresa,410
672,Asa,301,Justine,409
673,August,301,Zaria,409
674,Garret,301,Jaclyn,407
675,Sterling,300,Alena,406
676,Alessandro,299,Celia,406
677,Alonso,297,Juliette,406
678,Ari,297,Sanaa,406
679,Giancarlo,297,Taliyah,406
680,Glenn,296,Sydnee,405
681,Muhammad,296,Hazel,404
682,Jaeden,295,Mariam,404
683,Draven,294,Edith,403
684,Dwayne,294,Ann,402
685,Humberto,294,Aria,402
686,Jean,294,Giovanna,401
687,Nathanial,293,Quinn,401
688,Waylon,290,Aiyana,398
689,Rigoberto,288,Kaylyn,396
690,Damarion,287,Marianna,396
691,Heath,287,Hana,393
692,Gideon,286,Hadley,392
693,Keagan,286,Shyanne,391
694,Nico,282,Karli,390
695,Karl,281,Annette,389
696,Elvis,280,Aleah,388
697,Darryl,277,Cecelia,386
698,Jaylan,277,Taniya,385
699,Coby,276,Kaia,384
700,Kane,276,Savanah,383
701,Matteo,276,Alisa,382
702,Isai,275,Colleen,382
703,Reynaldo,275,Monserrat,382
704,Derick,273,Tyra,382
705,Braylon,272,Yazmin,382
706,Javion,272,Kya,381
707,Kasey,272,Felicity,379
708,Darnell,271,Greta,379
709,Korbin,271,Rowan,379
710,Cullen,270,Maeve,378
711,Keon,270,Tatyana,377
712,Ralph,270,Tianna,375
713,Braedon,269,Rosemary,374
714,Oswaldo,269,Ayla,372
715,Rhett,269,Jaidyn,372
716,Xzavier,268,Damaris,371
717,Alfred,267,Lyric,371
718,Emerson,267,Aracely,370
719,Sidney,267,Breana,370
720,Gaven,265,Hailie,370
721,Roderick,265,Liana,370
722,Kian,264,Ryann,370
723,Rashad,264,Adrienne,369
724,Rory,264,Luna,369
725,Lawson,263,Elyse,368
726,Clark,262,Chasity,367
727,Lamar,262,Annabella,366
728,Armani,261,Aubree,366
729,Marquise,261,Frida,366
730,Alexandro,260,Ayana,364
731,Clinton,258,Carina,363
732,Donavan,258,Kaliyah,361
733,Hamza,258,Amiya,360
734,Alden,257,Saige,360
735,Justus,257,Lara,359
736,Sincere,256,Rebeca,359
737,Conrad,254,Eileen,358
738,Semaj,254,Maura,358
739,Garrison,253,Chelsey,356
740,Jaheim,253,Laurel,355
741,Mathias,252,Nya,355
742,Yair,252,Kayden,354
743,Frankie,251,Hunter,353
744,Arjun,250,Leticia,353
745,Clarence,250,Princess,353
746,Darien,250,Annalise,351
747,Konner,249,Corinne,351
748,Denzel,248,Tina,351
749,Gavyn,248,Esperanza,350
750,Dangelo,247,Stephany,350
751,Jovan,247,Brisa,349
752,Aditya,246,Chaya,349
753,Gordon,246,Gia,348
754,Anton,244,Cali,346
755,Milton,244,Toni,346
756,Luciano,243,Yareli,346
757,Jovani,242,Leanna,345
758,Keyshawn,242,Joyce,344
759,Ronaldo,240,Micah,344
760,Santino,239,Jakayla,343
761,Sheldon,239,Aliya,342
762,Antony,238,Jaylynn,342
763,Bernard,238,Devin,341
764,Estevan,238,Karly,341
765,Talon,238,Catalina,340
766,Malakai,236,Maribel,339
767,Maverick,236,Meadow,339
768,Milo,236,Abigayle,337
769,Nathen,236,Jewel,337
770,Nigel,236,Nichole,337
771,Pranav,236,Jaylene,335
772,Roland,236,Keely,335
773,Santos,236,Evelin,334
774,Adrien,235,Shaylee,334
775,Howard,235,Kayli,333
776,Jan,235,Aliza,332
777,Demarcus,234,Aryanna,332
778,Barrett,233,Lizette,332
779,Cale,233,Mollie,332
780,Rylee,233,Rayna,332
781,Seamus,233,Cayla,331
782,Adonis,232,Donna,331
783,Devonte,232,Antonia,329
784,Vance,231,Shea,329
785,Kurt,230,Kianna,328
786,Ryker,230,Myah,326
787,Vaughn,230,Yvette,324
788,Bruno,229,Joslyn,323
789,Tristian,229,Katharine,323
790,Bradyn,228,Laisha,323
791,Kylan,228,Mattie,323
792,Marques,228,Shyann,323
793,Prince,228,Jaliyah,322
794,Cash,227,Tayler,321
795,Fredrick,227,Lainey,320
796,Jorden,227,Kenna,319
797,Stefan,227,Campbell,318
798,Baby,226,Raina,318
799,Dexter,226,Celine,317
800,Enzo,225,Sandy,317
801,Kale,225,Shayna,317
802,Jadyn,224,Jacey,315
803,Adriel,223,Sheila,315
804,Hassan,223,Iliana,313
805,Kamari,223,Kimora,312
806,Keyon,223,Magdalena,312
807,Matthias,223,Hillary,311
808,Perry,223,Taniyah,311
809,Cason,222,Yoselin,311
810,Samir,222,Carrie,310
811,Dandre,221,Micaela,310
812,Davian,221,Salma,309
813,Leroy,221,Elsa,308
814,Remington,221,Essence,308
815,Deon,220,Jenifer,308
816,Ean,220,Amiyah,307
817,Jaidyn,220,Candace,307
818,Blaze,219,Ebony,307
819,Darwin,217,Jalyn,307
820,Demarion,217,Marlee,305
821,Kelton,217,Christian,304
822,Daquan,216,Alysa,302
823,Jacoby,216,Amaris,301
824,Sammy,216,Halie,301
825,Clifford,215,Libby,301
826,German,215,Madalynn,301
827,Houston,215,Alia,300
828,Quinten,215,Dalia,300
829,Winston,215,Ciera,298
830,Zain,215,Makena,297
831,Dylon,214,Galilea,296
832,Reuben,214,Stacey,296
833,Cannon,213,Xiomara,296
834,Chaim,213,Desirae,295
835,Giovanny,213,Destiney,295
836,Brad,212,Marin,295
837,Ellis,212,Reina,295
838,Marcel,212,Ada,294
839,Sonny,212,Abril,293
840,Yosef,212,Moriah,293
841,Augustus,211,Patience,293
842,Kaeden,211,Amelie,292
843,Konnor,211,Ashly,292
844,Jakobe,210,Jasmyn,292
845,Landyn,210,Joana,291
846,Zakary,210,Mandy,291
847,Dion,209,Susana,291
848,Geoffrey,209,Devon,290
849,Luka,209,Annabel,289
850,Norman,209,Carol,289
851,Simeon,209,Dorothy,289
852,Braulio,208,Paloma,289
853,Dario,208,Giana,288
854,Elmer,208,Shreya,288
855,Nick,208,Graciela,287
856,Soren,208,Katarina,287
857,Elian,207,Nicolette,287
858,Madison,207,Areli,286
859,Gonzalo,206,Aubrie,286
860,Kenyon,206,Isabell,286
861,Stephan,205,Nikki,285
862,Bo,204,Rocio,285
863,Darion,204,Blanca,284
864,Nikhil,204,Iyanna,284
865,Andon,203,Janice,284
866,Gannon,203,Karley,284
867,Jordy,202,Lucille,284
868,Jovany,202,Ali,282
869,London,202,Calista,282
870,Jaren,201,Fabiola,282
871,Keanu,201,Kaiya,282
872,Mikel,201,Kathy,282
873,Shannon,201,Diya,281
874,Tariq,201,Katelin,281
875,Maximillian,200,Lacie,281
876,Shamar,199,Madisen,281
877,Brenton,198,Yuliana,281
878,Aydin,197,Felicia,280
879,Bernardo,197,Phoenix,280
880,Deangelo,197,Elissa,279
881,Koby,197,Kaylah,279
882,Nestor,197,Abigale,278
883,Paxton,197,Aryana,277
884,Blaise,196,Belen,276
885,Domenic,196,Mina,276
886,Ethen,196,Gretchen,275
887,Guadalupe,196,Harper,274
888,Dwight,195,Lina,274
889,Heriberto,195,Treasure,274
890,Jaydin,195,Aleena,273
891,Jovanni,195,Elyssa,273
892,Matias,195,Lacy,273
893,Shea,195,Saniyah,273
894,Arnav,194,Sarahi,273
895,Franco,194,Iyana,272
896,Maxim,194,Savana,271
897,Haden,193,Addyson,270
898,Maximo,193,Diane,270
899,Abdullah,192,Jaycee,270
900,Deacon,192,Amina,269
901,Arnold,191,Devyn,269
902,Savion,191,Noelia,269
903,Gino,189,Anissa,268
904,Isaak,189,Emerson,268
905,Ryland,189,Kasandra,268
906,Teagan,189,Mira,268
907,Thaddeus,189,Reilly,268
908,Travon,189,Anita,266
909,Boston,188,Keyla,266
910,Dallin,188,Maleah,266
911,Stephon,188,Rhea,266
912,Turner,188,Bryn,265
913,Jamir,187,Camilla,265
914,Jovanny,187,Jaylyn,265
915,Carmelo,186,Karis,265
916,Eddy,186,Natalee,265
917,Antwan,185,Sally,265
918,Chaz,185,Aylin,264
919,Cortez,185,Chanel,263
920,Josef,185,Gracelyn,263
921,Kamden,185,Kenia,263
922,Lamont,185,Alize,262
923,Hugh,184,Brianne,262
924,Zack,184,Chana,261
925,Irving,183,Jaylee,261
926,Kennedy,183,Destini,260
927,Malaki,183,Lyndsey,260
928,Marcelo,183,Maliyah,260
929,Stone,183,Journey,259
930,Jamel,182,Margarita,259
931,Jordyn,182,Abagail,258
932,Rex,182,Beatriz,258
933,Darrius,181,Christiana,258
934,Keven,181,Kelli,258
935,Koda,181,Nathaly,258
936,Tyshawn,181,Joelle,257
937,Atticus,180,Jackeline,256
938,Deshaun,180,Jailyn,256
939,Javen,180,Kallie,256
940,Rhys,180,Lilia,256
941,Shayne,180,Nyasia,256
942,Vincenzo,180,Astrid,255
943,Zavier,180,Jaime,255
944,Benny,179,Maren,255
945,Earl,178,Maryam,255
946,Jaleel,178,Miah,255
947,Kamren,178,Mireya,255
948,Branson,177,Bria,254
949,Carlo,177,Jayleen,254
950,Kevon,177,Livia,254
951,Korey,177,Tracy,254
952,Layton,177,Janiah,253
953,Sullivan,177,Melisa,253
954,Marquez,176,Robin,253
955,Samson,176,Sydnie,253
956,Cael,175,Ashtyn,251
957,Elvin,175,Gwyneth,251
958,Haiden,175,Citlali,250
959,Niko,175,Jaylen,250
960,Truman,175,Jana,249
961,Fletcher,174,Jazmyne,249
962,Tayshaun,174,Robyn,249
963,Barry,173,Tamya,249
964,Cornelius,173,Taya,249
965,Dimitri,173,Anabel,248
966,Raymundo,173,Kourtney,248
967,Yusuf,173,Lorelei,248
968,Zaid,173,Riya,248
969,Zaire,173,Zariah,248
970,Andreas,172,Delia,247
971,Efren,172,Sydni,247
972,Jayvon,172,Lexus,246
973,Kerry,172,Angeles,245
974,Tre,172,Arlene,244
975,Trenten,172,Dania,244
976,Trever,172,Dasia,244
977,Darin,171,Dianna,243
978,Jeramiah,171,Ericka,243
979,Rishi,171,Kaci,243
980,Immanuel,170,Roxana,243
981,Jarvis,170,Kalyn,242
982,Kason,170,Yaritza,242
983,Rey,170,Alex,241
984,Broderick,169,Averie,241
985,Darrin,169,Carli,241
986,Trevion,169,Christa,241
987,Guy,168,Drew,240
988,Jarod,168,Selina,240
989,Reilly,168,Shirley,240
990,Cordell,167,Katy,239
991,Nash,167,Yessenia,239
992,Trevin,167,Jalynn,238
993,Cristofer,166,Makaila,238
994,Destin,166,Montana,238
995,Eliezer,166,Samira,238
996,Fisher,166,Carson,236
997,Menachem,166,Casandra,236
998,Rahul,166,Darlene,236
999,Amos,165,Estefania,236
1000,Fidel,165,Heidy,236
