1,Jacob,21169,Isabella,22298
2,Ethan,19843,Emma,17892
3,Michael,18935,Olivia,17433
4,Alexander,18227,Sophia,16941
5,William,17914,Ava,15867
6,Joshua,17644,Emily,15345
7,Daniel,17538,Madison,15235
8,Jayden,17286,Abigail,14387
9,Noah,17244,Chloe,11906
10,Christopher,16346,Mia,11423
11,Anthony,16306,Elizabeth,11029
12,Aiden,16017,Addison,10659
13,Matthew,15984,Alexis,9928
14,David,15433,Samantha,9658
15,Joseph,14914,Ella,9650
16,Andrew,14858,Natalie,9406
17,Logan,14455,Grace,8313
18,James,14206,Lily,8096
19,Benjamin,13111,Alyssa,7962
20,Ryan,13106,Ashley,7813
21,Elijah,12825,Sarah,7776
22,Gabriel,12825,Taylor,7582
23,Christian,12641,Hannah,7568
24,Samuel,12146,Brianna,7351
25,Nathan,12119,Hailey,7314
26,Jackson,12115,Kaylee,7211
27,John,12114,Lillian,6856
28,Tyler,11540,Anna,6800
29,Jonathan,11371,Leah,6788
30,Dylan,11355,Allison,6581
31,Caleb,10990,Victoria,6359
32,Nicholas,10849,Avery,6298
33,Gavin,10737,Gabriella,6144
34,Mason,10683,Nevaeh,6104
35,Evan,10275,Kayla,5838
36,Landon,10159,Sofia,5690
37,Angel,9846,Brooklyn,5664
38,Brandon,9841,Riley,5633
39,Lucas,9607,Savannah,5594
40,Isaac,9551,Evelyn,5583
41,Isaiah,9238,Aubrey,5406
42,Jack,9020,Peyton,5311
43,Jose,8810,Alexa,5307
44,Kevin,8770,Makayla,5264
45,Jordan,8651,Layla,5204
46,Justin,8623,Lauren,5199
47,Luke,8616,Zoe,5146
48,Brayden,8595,Sydney,5056
49,Liam,8563,Audrey,5007
50,Carter,8167,Julia,4991
51,Owen,8139,Jasmine,4877
52,Connor,8098,Arianna,4836
53,Zachary,8078,Claire,4824
54,Aaron,7969,Brooke,4797
55,Robert,7826,Amelia,4695
56,Hunter,7739,Morgan,4610
57,Thomas,7719,Destiny,4605
58,Cameron,7632,Bella,4532
59,Adrian,7631,Madelyn,4496
60,Wyatt,7402,Katherine,4428
61,Chase,7386,Maya,4390
62,Julian,7380,Kylie,4385
63,Charles,7283,Aaliyah,4369
64,Austin,7282,Madeline,4300
65,Jeremiah,7219,Sophie,4263
66,Jason,6918,Kimberly,4222
67,Juan,6281,Kaitlyn,4202
68,Xavier,6207,Charlotte,4187
69,Luis,6136,Alexandra,4161
70,Sebastian,5989,Maria,4134
71,Henry,5894,Jocelyn,4112
72,Aidan,5808,Valeria,4088
73,Ian,5803,Andrea,4060
74,Adam,5670,Trinity,4021
75,Nathaniel,5424,Zoey,3993
76,Diego,5414,Gianna,3936
77,Brody,5389,Mackenzie,3901
78,Jesus,5384,Jessica,3796
79,Carlos,5375,Faith,3759
80,Tristan,5347,Camila,3733
81,Dominic,5325,Autumn,3710
82,Cole,5275,Ariana,3689
83,Alex,5168,Genesis,3668
84,Cooper,5072,Payton,3643
85,Levi,5013,Bailey,3638
86,Josiah,5008,Angelina,3633
87,Carson,4997,Caroline,3623
88,Ayden,4994,Mariah,3595
89,Blake,4947,Rachel,3582
90,Eli,4910,Katelyn,3570
91,Hayden,4863,Vanessa,3517
92,Bryan,4853,Molly,3506
93,Colton,4767,Melanie,3485
94,Brian,4652,Serenity,3476
95,Eric,4639,Khloe,3454
96,Parker,4624,Gabrielle,3419
97,Sean,4335,Paige,3409
98,Oliver,4286,Mya,3406
99,Kyle,4174,Eva,3393
100,Miguel,4169,Isabelle,3306
101,Jaden,4165,Lucy,3177
102,Kaden,4061,Mary,3160
103,Caden,4021,Natalia,3109
104,Max,3955,Michelle,3077
105,Antonio,3909,Megan,3055
106,Steven,3824,Sara,3041
107,Riley,3785,Naomi,3033
108,Kaleb,3782,Ruby,3017
109,Timothy,3757,Jennifer,2986
110,Brady,3741,Isabel,2982
111,Bryce,3708,Sadie,2970
112,Jesse,3675,Stephanie,2919
113,Colin,3655,Jada,2896
114,Richard,3606,Gracie,2864
115,Joel,3559,Kennedy,2862
116,Ashton,3558,Rylee,2829
117,Victor,3542,Lilly,2828
118,Micah,3540,Lydia,2823
119,Vincent,3492,Nicole,2768
120,Preston,3462,Liliana,2650
121,Alejandro,3439,Jenna,2634
122,Nolan,3436,London,2628
123,Marcus,3406,Haley,2618
124,Jaxon,3391,Jordyn,2587
125,Devin,3383,Adriana,2568
126,Jake,3381,Stella,2558
127,Damian,3345,Reagan,2539
128,Eduardo,3335,Jayla,2537
129,Patrick,3248,Jade,2489
130,Santiago,3125,Amy,2482
131,Oscar,3114,Hayden,2474
132,Maxwell,3079,Rebecca,2465
133,Giovanni,3069,Kendall,2414
134,Collin,3057,Giselle,2402
135,Cody,2998,Laila,2377
136,Ivan,2989,Daniela,2363
137,Edward,2982,Melissa,2334
138,Kayden,2962,Valerie,2317
139,Seth,2941,Gabriela,2293
140,Jeremy,2940,Violet,2260
141,Gage,2885,Keira,2259
142,Alan,2843,Angela,2258
143,Cayden,2748,Katie,2246
144,Emmanuel,2736,Ellie,2234
145,Grant,2727,Reese,2234
146,Ryder,2719,Ashlyn,2191
147,Jonah,2715,Piper,2190
148,Peyton,2709,Kylee,2177
149,Trevor,2662,Marley,2170
150,Hudson,2649,Jordan,2094
151,Bryson,2608,Daisy,2073
152,Kenneth,2607,Briana,2071
153,Mark,2573,Juliana,2071
154,Omar,2548,Lyla,2069
155,Jorge,2514,Mckenzie,2061
156,Conner,2497,Annabelle,2056
157,Nicolas,2488,Jillian,2038
158,Elias,2483,Aliyah,1988
159,Tanner,2453,Kate,1985
160,Paul,2424,Leslie,1981
161,Miles,2402,Izabella,1970
162,Cristian,2399,Jacqueline,1967
163,George,2380,Brooklynn,1965
164,Leonardo,2366,Vivian,1964
165,Asher,2350,Amanda,1955
166,Malachi,2346,Diana,1943
167,Jace,2342,Lila,1934
168,Kaiden,2303,Shelby,1934
169,Derek,2302,Danielle,1932
170,Ricardo,2302,Scarlett,1920
171,Jaiden,2266,Adrianna,1913
172,Grayson,2257,Harper,1903
173,Andres,2255,Alana,1902
174,Braxton,2237,Makenzie,1896
175,Jaylen,2233,Summer,1895
176,Wesley,2208,Catherine,1889
177,Travis,2196,Angel,1880
178,Shane,2129,Alivia,1829
179,Fernando,2125,Mikayla,1828
180,Abraham,2105,Aniyah,1824
181,Maddox,2102,Ana,1822
182,Jude,2091,Miranda,1812
183,Francisco,2083,Marissa,1795
184,Garrett,2058,Amber,1768
185,Braden,2031,Cheyenne,1768
186,Alexis,2019,Skylar,1766
187,Javier,2017,Jayden,1765
188,Lincoln,2011,Margaret,1763
189,Damien,2010,Miley,1733
190,Peter,2008,Julianna,1703
191,Erick,2003,Delilah,1700
192,Edwin,1976,Malia,1699
193,Josue,1975,Eliana,1698
194,Camden,1959,Erin,1692
195,Manuel,1953,Elena,1682
196,Bradley,1951,Sierra,1672
197,Rylan,1950,Sienna,1671
198,Mario,1938,Nora,1669
199,Cesar,1919,Clara,1647
200,Stephen,1917,Alexandria,1640
201,Edgar,1908,Josephine,1625
202,Sawyer,1896,Amaya,1596
203,Jaxson,1863,Valentina,1583
204,Hector,1843,Breanna,1579
205,Johnathan,1839,Ariel,1570
206,Roman,1836,Eden,1568
207,Trenton,1832,Tessa,1568
208,Landen,1831,Alicia,1560
209,Shawn,1806,Jazmin,1542
210,Leo,1799,Elise,1525
211,Israel,1776,Haylee,1521
212,Brendan,1761,Kelsey,1521
213,Kai,1756,Kathryn,1516
214,Jared,1754,Sabrina,1509
215,Donovan,1739,Carly,1507
216,Jeffrey,1718,Mckenna,1505
217,Braylon,1692,Aurora,1487
218,Spencer,1692,Eleanor,1486
219,Andy,1658,Mariana,1478
220,Andre,1646,Alexia,1472
221,Raymond,1642,Christina,1469
222,Ty,1640,Lola,1463
223,Avery,1631,Jazmine,1456
224,Tucker,1612,Addyson,1455
225,Ezekiel,1611,Cadence,1455
226,Kingston,1609,Melody,1449
227,Sergio,1605,Alondra,1447
228,Keegan,1597,Alison,1446
229,Mateo,1593,Kayleigh,1445
230,Drake,1586,Karen,1433
231,Calvin,1576,Chelsea,1429
232,Griffin,1557,Hope,1429
233,Erik,1553,Maggie,1425
234,Martin,1524,Laura,1408
235,Zane,1517,Allie,1405
236,Chance,1515,Bianca,1396
237,Tyson,1490,Jayda,1396
238,Troy,1487,Kendra,1390
239,Dalton,1476,Leila,1389
240,Zion,1471,Kara,1388
241,Harrison,1464,Delaney,1387
242,Brennan,1463,Ryleigh,1384
243,Marco,1463,Makenna,1369
244,Lukas,1448,Cassidy,1356
245,Xander,1444,Brielle,1345
246,Dominick,1438,Nadia,1345
247,Gregory,1424,Camryn,1344
248,Roberto,1416,Callie,1323
249,Maximus,1395,Alina,1320
250,Cash,1388,Allyson,1316
251,Dakota,1384,Alaina,1315
252,Silas,1374,Penelope,1296
253,Aden,1371,Harmony,1294
254,Easton,1368,Kaydence,1286
255,Malik,1357,Abby,1279
256,Johnny,1344,Caitlyn,1279
257,Ezra,1343,Alice,1275
258,Rafael,1343,Fernanda,1274
259,Quinn,1339,Lexi,1251
260,Skyler,1333,Sasha,1251
261,Simon,1332,Kelly,1250
262,Graham,1328,Esther,1247
263,Caiden,1327,Kyla,1246
264,Axel,1319,Caylee,1244
265,Myles,1302,Leilani,1242
266,Emanuel,1289,Cecilia,1233
267,Kyler,1285,Caitlin,1216
268,Weston,1280,Ashlynn,1213
269,Pedro,1276,Mallory,1210
270,Emiliano,1275,Presley,1207
271,Aaden,1267,Heaven,1206
272,Drew,1263,Alejandra,1199
273,Clayton,1261,Kyra,1198
274,Charlie,1255,Fatima,1197
275,Kameron,1253,Teagan,1194
276,Theodore,1239,Dakota,1193
277,Devon,1231,Alayna,1186
278,Corbin,1224,Eliza,1182
279,Amir,1213,Veronica,1171
280,Marcos,1212,Tiffany,1168
281,Luca,1198,Maddison,1163
282,Ruben,1197,Jasmin,1160
283,Fabian,1173,Crystal,1159
284,Colby,1152,Kiara,1157
285,Dawson,1152,Macy,1157
286,Angelo,1148,Aubree,1156
287,Zander,1146,Camille,1154
288,Anderson,1142,Genevieve,1151
289,Grady,1140,Nina,1149
290,Dante,1138,Madilyn,1144
291,Frank,1138,Kamryn,1132
292,Dillon,1130,Angelica,1124
293,Corey,1124,Hazel,1124
294,Adan,1123,Karina,1120
295,Joaquin,1117,Heidi,1117
296,Derrick,1115,Kira,1116
297,Elliot,1110,Maliyah,1116
298,Taylor,1093,Karla,1115
299,Amari,1086,Esmeralda,1112
300,Brock,1085,Guadalupe,1112
301,Armando,1084,Joanna,1106
302,Trent,1074,Carmen,1105
303,Dean,1060,Cora,1098
304,Tristen,1060,Aniya,1084
305,Julio,1059,Lucia,1083
306,Lane,1052,Miriam,1069
307,Enrique,1049,Jamie,1062
308,Bennett,1047,Daniella,1061
309,Declan,1046,Courtney,1060
310,Allen,1032,Josie,1056
311,Braydon,1031,Kyleigh,1054
312,Emilio,1027,Fiona,1051
313,Trey,1020,Ximena,1051
314,Julius,1017,Willow,1049
315,Raul,1015,Emely,1042
316,Dustin,1006,Iris,1035
317,Jameson,1005,Katelynn,1029
318,Danny,1002,Paisley,1023
319,Gael,1002,Juliet,1022
320,Everett,997,Ivy,1019
321,Gerardo,993,Emerson,1017
322,Randy,993,Phoebe,1016
323,Judah,992,Selena,1016
324,Jakob,987,Luna,1014
325,Cade,986,Cassandra,1012
326,Cohen,984,Anastasia,1011
327,Paxton,979,Lindsey,1007
328,Payton,970,Savanna,1005
329,Keith,965,Madeleine,1000
330,Abel,964,Kailey,998
331,Jaime,961,Analia,996
332,Rowan,956,Kaelyn,996
333,Emmett,955,Angie,994
334,Holden,955,Janiyah,994
335,Darius,954,Georgia,982
336,Lorenzo,954,Joselyn,980
337,Jasper,945,Madalyn,975
338,Dallas,933,Emery,974
339,Felix,927,Monica,972
340,Phillip,926,Rylie,970
341,Ronald,924,Bethany,963
342,Finn,919,Kiera,961
343,Scott,916,Norah,959
344,Jayson,909,Brynn,949
345,Pablo,909,Isla,945
346,Cruz,905,Dulce,943
347,Greyson,903,Erica,942
348,Reid,903,Jaelyn,940
349,Elliott,895,Julissa,936
350,Leland,893,Rose,935
351,Brenden,891,Kaylie,927
352,Brayan,887,Adeline,922
353,Louis,883,Julie,919
354,Ryker,882,April,913
355,Jayce,871,Ruth,912
356,Saul,866,Audrina,907
357,Ismael,863,Cameron,907
358,Chris,860,Madisyn,899
359,Mitchell,855,Kiley,894
360,Nehemiah,853,Tatiana,894
361,Jalen,847,Cynthia,892
362,Donald,838,Anya,889
363,Dennis,837,Ciara,888
364,Gustavo,837,Rebekah,888
365,Zackary,833,Hadley,887
366,Casey,828,Lilah,884
367,Phoenix,824,Talia,880
368,Jimmy,822,Michaela,875
369,Colt,820,Londyn,870
370,Jerry,818,Lia,868
371,Ali,817,Nayeli,865
372,Dane,817,Kaylin,864
373,Braeden,816,Lilliana,864
374,Rodrigo,812,Madelynn,862
375,Arthur,811,Adalyn,861
376,Jonas,811,Erika,861
377,Quentin,807,Raegan,861
378,Tony,804,Baylee,860
379,Keaton,801,Danica,860
380,Mathew,799,Annie,857
381,Arturo,797,Holly,857
382,Esteban,797,Paola,853
383,Walter,789,Lizbeth,835
384,Desmond,788,Jazlyn,833
385,Rocco,785,Janiya,832
386,Mauricio,784,Jane,831
387,Jett,782,Carolina,828
388,Larry,782,Helen,826
389,Alberto,780,Rihanna,824
390,Moises,780,Danna,816
391,Brett,766,Serena,813
392,Curtis,766,Jimena,805
393,Darren,765,Nyla,801
394,Philip,764,Shayla,800
395,Colten,757,Tatum,794
396,Landyn,752,Ayla,793
397,Beau,751,Sage,791
398,Zayden,745,Marlee,790
399,Gunner,744,Emilia,789
400,Izaiah,742,Itzel,789
401,Byron,738,Sarai,786
402,Marshall,735,Kadence,784
403,Uriel,733,Natasha,783
404,Jamari,732,Madyson,781
405,Albert,730,Janelle,780
406,Alec,729,Brenda,779
407,Hugo,722,Lyric,779
408,Orlando,718,Adelyn,778
409,Romeo,718,Kimora,778
410,Kade,717,Paris,775
411,Jay,715,Imani,774
412,Braylen,714,Priscilla,771
413,Beckett,713,Ainsley,770
414,Bryant,712,Macie,770
415,Marvin,706,Estrella,768
416,Ricky,699,Annika,767
417,Ramon,695,Lena,767
418,Jaydon,690,Amiyah,766
419,Reed,687,Nataly,761
420,Kobe,685,Harley,760
421,Yahir,685,Dayana,759
422,Alfredo,682,Skyler,758
423,Issac,682,Hayley,756
424,Salvador,682,Bridget,753
425,Jax,675,Brylee,751
426,Eddie,674,Lillie,750
427,Davis,665,Melany,745
428,Justice,665,Athena,742
429,Zachariah,656,Evangeline,742
430,Reece,654,Kinsley,742
431,Kellen,653,Noelle,742
432,August,650,Lacey,739
433,Mohamed,649,Viviana,735
434,Russell,644,Addisyn,732
435,Kristopher,643,Cali,730
436,Titus,643,Lilian,728
437,Emerson,639,Aubrie,725
438,Lance,639,Emilee,720
439,Maurice,637,Juliette,718
440,Talon,636,Hanna,717
441,Tate,636,Desiree,715
442,Lawrence,635,Kayden,715
443,Nikolas,632,Elle,709
444,Jacoby,629,Brenna,707
445,Leon,626,Kassidy,706
446,Mekhi,622,Lana,706
447,Nickolas,620,Kailyn,705
448,River,618,Arabella,704
449,Karson,617,Kenzie,700
450,Milo,617,Denise,692
451,Camron,615,Jadyn,690
452,Gary,611,Alissa,688
453,Joe,605,Kinley,688
454,Nasir,601,Aileen,684
455,Matteo,600,Logan,684
456,Solomon,598,Melina,681
457,Brycen,596,Abbigail,675
458,Davion,594,Miracle,675
459,Warren,594,Celeste,674
460,Morgan,592,Annabella,673
461,King,591,Anahi,670
462,Walker,589,Brittany,670
463,Douglas,588,Mila,667
464,Ernesto,587,Elaina,666
465,Maximiliano,587,Francesca,666
466,Bruce,586,Nancy,665
467,Nathanael,584,Lauryn,664
468,Kolton,582,Cara,663
469,Jaylin,581,Kennedi,663
470,Alijah,580,Danika,659
471,Sam,580,Anaya,657
472,Chandler,579,Alessandra,656
473,Leonel,578,Marisol,656
474,Porter,577,Alanna,652
475,Pierce,575,Asia,652
476,Maximilian,574,Johanna,652
477,Johan,573,Daphne,649
478,Reese,573,Amira,645
479,Kelvin,572,Yasmin,644
480,Waylon,569,Alyson,642
481,Isaias,568,Claudia,642
482,Ahmad,567,Yaretzi,642
483,Kason,564,Nia,636
484,Braiden,563,Meredith,635
485,Cullen,562,Braelyn,634
486,Terrance,562,Amari,632
487,Deandre,560,Jaylynn,631
488,Brooks,558,Quinn,630
489,Jamarion,557,Nathalie,629
490,Noel,555,Jaliyah,627
491,Abram,554,Isabela,623
492,Brodie,554,Rosa,623
493,Javon,553,Skye,623
494,Khalil,553,Meghan,621
495,Rodney,553,Gloria,616
496,Shaun,551,Rowan,616
497,Roger,548,Diamond,615
498,Skylar,547,Journey,612
499,Cory,542,Lexie,607
500,Jonathon,541,Zariah,603
501,Micheal,540,Kali,602
502,Moses,540,Mikaela,601
503,Jadon,535,Parker,600
504,Kane,535,Wendy,599
505,Tobias,535,Lesly,598
506,Guillermo,533,Saniyah,596
507,Kristian,529,Whitney,595
508,Melvin,529,Samara,594
509,Chad,528,Aria,592
510,Kieran,528,Yareli,591
511,Adriel,525,Hailee,590
512,Conor,524,Kristina,590
513,Dorian,524,Aylin,589
514,Bentley,522,Kaylynn,589
515,Keagan,522,Kamila,588
516,Cristopher,521,Elliana,587
517,Kale,521,Joy,586
518,Damon,520,Sandra,585
519,Carl,519,Liberty,584
520,London,519,Amya,583
521,Cyrus,518,Aleah,582
522,Dayton,517,Lilyana,582
523,Orion,517,Jaida,580
524,Ari,516,Perla,580
525,Nelson,516,Finley,576
526,Quincy,515,Natalee,576
527,Quinton,515,Lindsay,575
528,Chace,511,Dana,574
529,Yandel,511,Casey,570
530,Franklin,510,Sidney,570
531,Trace,504,Vivienne,569
532,Julien,500,Cindy,567
533,Kamari,500,Kristen,566
534,Rohan,500,Anika,564
535,Isiah,497,Patricia,564
536,Kendrick,493,Hallie,562
537,Boston,491,Laney,561
538,Frederick,491,Myla,559
539,Cason,488,Skyla,559
540,Dominik,488,Jaden,558
541,Wilson,487,Anne,557
542,Gianni,486,Kiana,557
543,Dexter,484,Jaelynn,556
544,Finnegan,484,Janessa,556
545,Gideon,484,Madalynn,556
546,Demetrius,482,Saniya,556
547,Maverick,482,Sherlyn,556
548,Noe,482,Sylvia,555
549,Gunnar,480,Elisabeth,554
550,Jamison,480,Heather,553
551,Terry,480,Camilla,552
552,Asa,478,Jayleen,552
553,Jeffery,478,Linda,551
554,Triston,478,Tori,551
555,Armani,477,Justice,550
556,Ariel,475,Madilynn,550
557,Felipe,472,Halle,549
558,Roy,472,Arielle,548
559,Allan,471,Dylan,546
560,Marc,471,America,543
561,Aldo,470,Anabelle,543
562,Ronan,470,Kathleen,542
563,Jermaine,469,Shannon,542
564,Tommy,468,Gemma,541
565,Alvin,467,Jaiden,540
566,Ezequiel,466,Bailee,539
567,Ibrahim,465,Haven,538
568,Karter,465,Lucille,536
569,Ryland,465,Marie,536
570,Barrett,464,Adelaide,535
571,Brendon,464,Ada,534
572,Harley,463,Gracelyn,533
573,Madden,461,Helena,533
574,Tomas,461,Kassandra,532
575,Jessie,460,Kaitlin,531
576,Bobby,457,Aryanna,530
577,Will,457,Taryn,529
578,Rhys,456,Brisa,527
579,Terrence,456,Ryan,527
580,Brennen,454,Amani,523
581,Giovani,453,Gwendolyn,522
582,Remington,452,Eve,521
583,Terrell,451,Aleena,519
584,Nico,450,Liana,519
585,Xzavier,449,Marilyn,519
586,Ahmed,446,Amara,516
587,Jefferson,444,Haleigh,514
588,Jon,444,Olive,512
589,Branden,443,Aspen,510
590,Tristin,443,Maia,510
591,Billy,442,Kaia,508
592,Kamden,441,Maeve,508
593,Enzo,440,Maleah,508
594,Kendall,434,Myah,508
595,Uriah,434,Gia,507
596,Kian,433,Shiloh,506
597,Kole,433,Lorelei,504
598,Kody,432,Kaliyah,503
599,Malcolm,432,Tiana,503
600,Moshe,431,Yesenia,502
601,Muhammad,430,Catalina,501
602,Reginald,429,Giana,501
603,Memphis,428,Cheyanne,499
604,Omari,428,Clarissa,499
605,Ulises,427,Zoie,499
606,Javion,425,Deanna,498
607,Lucian,425,Scarlet,497
608,Atticus,422,Aiyana,495
609,Mohammad,420,Isis,494
610,Ace,418,Marina,494
611,Steve,415,Alisson,493
612,Alonzo,411,Bryanna,493
613,Jamal,410,Jaylee,491
614,Rene,410,Rachael,491
615,Marquis,409,Charlie,490
616,Joey,407,Virginia,490
617,Rashad,405,Christine,489
618,Urijah,403,Jaylin,489
619,Kenny,402,Allisson,487
620,Wade,402,Simone,486
621,Kasen,400,Briley,485
622,Kellan,400,Amiya,484
623,Raphael,400,Destinee,484
624,Willie,400,Jaycee,483
625,Cannon,399,Ashlee,482
626,Aydan,398,Siena,481
627,Bradyn,398,Irene,480
628,Brent,398,Abril,478
629,Malakai,398,Kaleigh,478
630,Gerald,396,Kenya,478
631,Jase,396,Julianne,477
632,Neil,396,Raven,476
633,Toby,396,Elisa,471
634,Jaeden,395,Paulina,470
635,Johnathon,394,Adrienne,469
636,Davin,393,Ayanna,469
637,Jaylon,393,Kaitlynn,469
638,Zachery,393,Carlee,464
639,Jadiel,392,Jaidyn,464
640,Mohammed,392,Raquel,464
641,Markus,391,Sariah,464
642,Blaine,390,Arely,461
643,Lawson,390,Tabitha,461
644,Ben,388,Barbara,457
645,Aydin,384,Haylie,457
646,Harry,384,Annalise,456
647,Aron,383,Mercedes,456
648,Jairo,383,Nylah,456
649,Alfonso,382,Kailee,454
650,Draven,382,Kirsten,454
651,Teagan,382,Krystal,454
652,Marlon,380,Teresa,453
653,Sullivan,380,Elyse,452
654,Alessandro,379,Taliyah,452
655,Luciano,379,Aliya,451
656,Layne,378,Jaylene,451
657,Amare,377,Maci,450
658,Lee,374,Ansley,449
659,Alonso,373,Kenley,447
660,Rhett,373,Dahlia,445
661,Kolby,371,Jazlynn,441
662,Damion,369,Mariam,441
663,Giovanny,369,June,440
664,Messiah,369,Carla,439
665,Darian,368,Martha,437
666,Ronnie,367,Mckayla,437
667,Cale,366,Bristol,436
668,Craig,366,Gisselle,436
669,Jamie,366,Amelie,434
670,Ray,365,Jakayla,434
671,Raiden,363,Jolie,434
672,Tripp,362,Adalynn,433
673,Semaj,361,Jaslene,432
674,Makai,360,Joslyn,432
675,Trevon,360,Lea,431
676,Nash,359,Leighton,431
677,Stanley,359,Karlee,429
678,Francis,358,Mariyah,429
679,Jerome,358,Paityn,429
680,Giancarlo,357,Luciana,427
681,Archer,355,Brynlee,426
682,Heath,355,Carolyn,426
683,Layton,355,Elsa,426
684,Tyrone,355,Kaya,426
685,Vicente,354,Elsie,425
686,Deven,353,Maritza,425
687,Santino,353,Kaylen,424
688,Deacon,352,Sonia,424
689,Osvaldo,352,Tara,424
690,Rogelio,352,Noemi,423
691,Deshawn,351,Cherish,422
692,Prince,351,Jessie,421
693,Dwayne,346,Lisa,420
694,Jovani,346,Mollie,419
695,Tristian,346,Selah,419
696,Adrien,345,Greta,417
697,Alexzander,345,Miah,417
698,Camren,345,Lainey,416
699,Rolando,345,Adyson,415
700,Sincere,344,Jaqueline,415
701,Gavyn,342,Ellen,414
702,Zechariah,342,Reyna,414
703,Cedric,340,Kaylyn,413
704,Elisha,340,Macey,412
705,Knox,340,Marisa,411
706,Jorden,339,Paloma,411
707,Hamza,338,Giuliana,410
708,Clark,336,Evie,406
709,Davian,335,Jenny,406
710,Ramiro,334,Carlie,405
711,Zackery,334,Clare,405
712,Jordyn,333,Regina,405
713,Junior,333,Annabel,404
714,Matias,332,Cristina,404
715,Kaeden,331,Leanna,404
716,Kylan,331,Rosemary,404
717,Finley,330,Averie,402
718,Damarion,329,Emilie,402
719,Gilberto,329,Iliana,402
720,Ellis,327,Phoenix,402
721,Gauge,327,Tania,402
722,Kash,326,Alena,401
723,Lewis,325,Cailyn,401
724,Quintin,325,Chaya,401
725,Rudy,325,Regan,400
726,Aidyn,324,Amina,399
727,Leonard,323,Carley,399
728,Frankie,321,Janae,399
729,Konner,321,Tamia,399
730,Jamir,320,Jaylah,397
731,Arjun,319,Campbell,396
732,Soren,319,Charlee,396
733,Valentin,319,Sanaa,396
734,Duncan,318,Zaniyah,394
735,Maxim,318,Zion,394
736,Darrell,317,Cecelia,393
737,Harper,316,Emmalee,393
738,Jasiah,315,Jazmyn,393
739,Samir,315,Lilianna,391
740,Darwin,314,Marlene,391
741,Kareem,314,Leyla,389
742,Daxton,312,Britney,386
743,Eugene,312,Aisha,385
744,Korbin,312,Angelique,385
745,Keenan,310,Kallie,384
746,Conrad,309,Patience,383
747,Randall,308,Yazmin,380
748,Franco,307,Luz,379
749,Brice,306,Natalya,379
750,Yosef,306,Kenna,377
751,Misael,305,Susan,377
752,Killian,304,Alani,376
753,Roland,304,Celia,376
754,Wayne,304,Corinne,376
755,Rex,303,Mara,376
756,Rodolfo,303,Moriah,376
757,Jamar,302,Karma,375
758,Rory,302,Larissa,375
759,Davon,300,Malaya,375
760,Sage,299,Matilda,375
761,Aryan,298,Alisha,374
762,Jagger,298,Araceli,374
763,Matthias,298,Giada,374
764,Valentino,298,Mckinley,374
765,Aditya,297,Aryana,373
766,Jovanni,297,Elaine,371
767,Nikolai,297,Abbie,370
768,Yusuf,297,Judith,370
769,Zaiden,297,Alia,368
770,Alvaro,296,Armani,368
771,Dominique,296,Shaniya,367
772,Zayne,296,Zara,367
773,Donte,295,Milagros,366
774,Van,295,Renee,366
775,Zain,295,Sharon,366
776,Vance,293,Kiersten,365
777,Emery,292,Precious,365
778,Adonis,291,Lailah,364
779,Irvin,291,Anabella,363
780,Lamar,291,Lorelai,363
781,Luka,291,Brinley,362
782,Bo,289,Paula,362
783,Camryn,289,Kendal,361
784,Devan,289,Aliza,360
785,Freddy,289,Ayana,360
786,Justus,289,Felicity,360
787,Mathias,288,Milan,360
788,Maximo,287,Salma,360
789,Efrain,286,Yoselin,360
790,Marley,286,Keyla,359
791,Darnell,284,Kierra,359
792,Dax,284,Azul,358
793,Dillan,282,Kaiya,358
794,Antoine,281,Zaria,358
795,Augustus,280,Ryann,356
796,Jair,280,Libby,355
797,Jaydin,280,Maliah,355
798,Rayan,279,Frances,354
799,Rylee,279,Giovanna,354
800,Tyree,279,Ingrid,354
801,Agustin,278,Monserrat,354
802,Gilbert,278,Chanel,353
803,Kymani,278,Jamya,353
804,Tyrell,278,Janet,353
805,Hassan,277,Kasey,353
806,Coleman,276,Shyla,351
807,Jadyn,276,Dayanara,349
808,Seamus,276,Mira,349
809,Ean,275,Shyanne,349
810,Gaige,275,Ally,348
811,Deangelo,273,Alma,348
812,Jaidyn,273,Marianna,348
813,Niko,273,Chana,347
814,Ronin,273,Katrina,347
815,Branson,272,Deborah,346
816,Aarav,270,Eileen,346
817,Cael,270,Micah,346
818,Chaim,270,Nathaly,346
819,Isai,270,Ireland,345
820,Vaughn,270,Aimee,344
821,Winston,270,Akira,344
822,Blaze,269,Yaritza,344
823,Demarcus,267,Yuliana,344
824,Jeramiah,267,Amirah,342
825,Talan,266,Isabell,341
826,Ayaan,265,Lylah,341
827,Harold,265,Stacy,341
828,Alfred,262,Tess,341
829,Derick,262,Leia,340
830,Aedan,261,Belinda,339
831,Carmelo,261,Jayde,337
832,Deon,260,Rosalie,337
833,Mike,260,Calleigh,335
834,Abdullah,259,Hana,335
835,Jensen,259,India,335
836,Yair,259,Karissa,335
837,Izayah,258,Raina,335
838,Kadyn,258,Shania,334
839,Ignacio,257,Kourtney,333
840,Kadin,257,Angeline,332
841,Fisher,256,Edith,331
842,Kamron,256,Jacey,331
843,Cristofer,254,Janice,331
844,Marcelo,254,Pamela,331
845,Santos,254,Saige,331
846,Sidney,254,Adelynn,330
847,Beckham,253,Raelynn,330
848,Broderick,253,Laylah,328
849,Sylas,253,Beatrice,327
850,Ernest,251,Marely,327
851,Kael,251,Mayra,327
852,Yadiel,251,Mylee,327
853,Jaxton,250,Tianna,327
854,Case,249,Carissa,326
855,Elvis,249,Jaylyn,326
856,Jaydan,249,Kelsie,326
857,Kayson,249,Rubi,325
858,Nigel,249,Taniyah,325
859,Tyrese,249,Aracely,324
860,Sonny,248,Ariella,324
861,Elian,247,Mina,323
862,Zavier,246,Rylan,323
863,Bruno,245,Alyvia,322
864,Devyn,244,Livia,321
865,Nikhil,244,Lillianna,320
866,Alden,242,Meadow,320
867,Bridger,242,Millie,320
868,Ishaan,242,Hayleigh,319
869,Jaxen,242,Bria,318
870,Kolten,242,Yadira,318
871,Addison,241,Elianna,317
872,Arnav,241,Emelia,316
873,Hezekiah,241,Charity,315
874,Jabari,241,Jocelynn,315
875,Samson,241,Carina,314
876,Callum,240,Damaris,314
877,Leandro,240,Rayna,314
878,Dilan,239,Taraji,314
879,Keon,239,Belen,312
880,Malaki,239,Cristal,312
881,Reuben,239,Evelin,312
882,Adolfo,238,Ember,310
883,Krish,238,Payten,310
884,Lyric,238,Sloane,310
885,Quinten,238,Demi,309
886,Zaire,238,Diya,309
887,Keshawn,237,Jaylen,309
888,Darien,236,Maryjane,309
889,Darryl,235,Rayne,309
890,Todd,235,Abbey,307
891,Dangelo,234,Alexus,307
892,Marcel,234,Karsyn,307
893,Bronson,233,Jordin,306
894,Ethen,233,Marlie,306
895,Salvatore,233,Mattie,306
896,Brenton,232,Taniya,306
897,Eden,231,Vera,306
898,Rey,231,Destiney,303
899,Sterling,231,Myra,303
900,Abdiel,229,Evelynn,302
901,Camilo,229,Savanah,302
902,Dario,229,Harlow,301
903,Humberto,229,Jacquelyn,301
904,Roderick,229,Princess,301
905,Casen,228,Shaylee,301
906,Demarion,228,Alaya,300
907,Pranav,228,Caydence,300
908,Cortez,227,Tamara,300
909,Kyson,227,Xiomara,298
910,Ross,227,Abagail,297
911,Brogan,226,Charlize,297
912,Dashawn,226,Sarahi,297
913,Antwan,225,Aliana,296
914,Clinton,225,Eloise,296
915,Haiden,225,Janiah,296
916,Jarrett,225,Lilia,296
917,Jordon,225,Emmy,295
918,Marquise,225,Hadassah,294
919,Rigoberto,225,Averi,293
920,Braedon,224,Yamilet,293
921,Dale,224,Kylah,292
922,Jaquan,224,Karly,290
923,Jovan,224,Unique,290
924,Trystan,224,Avah,289
925,Elmer,223,Caleigh,289
926,Kenyon,223,Raelyn,289
927,Westin,223,Roselyn,289
928,Yael,223,Kayley,288
929,Damari,222,Ann,287
930,Octavio,222,Dixie,287
931,Fletcher,221,Frida,287
932,Jayvion,221,Joyce,287
933,Zack,221,Lara,287
934,Konnor,220,Rory,287
935,Slade,220,Yasmine,287
936,Vincenzo,220,Jewel,286
937,Bailey,219,Kamari,286
938,Houston,218,Keely,286
939,Isaak,218,Alisa,285
940,Landin,218,Lorena,285
941,Royce,218,Ali,283
942,Jaron,216,Cayla,283
943,Koen,216,Aiyanna,282
944,German,215,Rebeca,282
945,Howard,215,Taya,282
946,Kamryn,215,Theresa,282
947,Yehuda,214,Ashleigh,281
948,Clay,213,Makena,281
949,Reynaldo,213,Maribel,281
950,Jamarcus,212,Maryam,281
951,Keyon,212,Tia,281
952,Makhi,212,Lina,280
953,Dereon,211,Neveah,280
954,Hayes,211,Nola,280
955,Lennon,211,River,280
956,Reagan,211,Azaria,279
957,Garrison,210,Cassie,279
958,Jean,210,Charley,279
959,Maxx,210,Ashly,278
960,Nathen,210,Dominique,278
961,Ralph,210,Esperanza,278
962,Carsen,209,Kaelynn,278
963,Jakobe,209,Kamya,278
964,Jovanny,209,Lizeth,278
965,Kasey,208,Sanai,276
966,Karl,207,Ivanna,275
967,Savion,207,Miya,275
968,Blaise,206,Thalia,275
969,Carlo,206,Abigale,274
970,Jaycob,206,Leona,274
971,Juelz,206,Riya,274
972,Remy,206,Ayleen,273
973,Anton,205,Dalia,273
974,Geovanni,205,Deja,273
975,Josh,205,Devyn,273
976,Jamel,204,Jaslyn,273
977,Mack,204,Mariela,272
978,Eliezer,203,Marleigh,272
979,Jerimiah,203,Reina,272
980,Kalel,203,Kayleen,271
981,Maddux,203,Heidy,270
982,Denzel,202,Magdalena,270
983,Odin,202,Karley,269
984,Stefan,202,Nyasia,269
985,Deegan,201,Pearl,269
986,Leonidas,201,Stephany,269
987,Cain,200,Azariah,268
988,Zaid,200,Karlie,268
989,Amos,199,Reece,268
990,Antony,199,Tanya,268
991,Chaz,199,Tiara,268
992,Hugh,199,Alannah,267
993,Menachem,199,Karli,266
994,Zavion,199,Kloe,266
995,Cassius,198,Samiyah,266
996,Stone,198,Sydnee,266
997,Fredrick,197,Valery,266
998,Immanuel,197,Bree,265
999,Nick,197,Cambria,265
1000,Trevin,197,Gretchen,265
