1,Jacob,29630,Emily,25688
2,Michael,27118,Emma,22704
3,Joshua,25091,Madison,20197
4,Matthew,23996,Hannah,17634
5,Andrew,22150,Olivia,16146
6,Joseph,21361,Abigail,15925
7,Ethan,21356,Alexis,14866
8,Daniel,21038,Ashley,14513
9,Christopher,20746,Elizabeth,14102
10,Anthony,20144,Samantha,13865
11,William,19989,Isabella,13775
12,Nicholas,19691,Sarah,13760
13,Ryan,19571,Grace,12776
14,David,18612,Alyssa,12747
15,Tyler,18179,Lauren,11048
16,Alexander,17707,Kayla,10952
17,John,17225,Brianna,10583
18,James,16891,Jessica,10448
19,Dylan,15698,Taylor,10308
20,Zachary,15539,Sophia,9684
21,Brandon,15239,Anna,9443
22,Jonathan,14985,Victoria,9243
23,Samuel,14662,Natalie,9149
24,Benjamin,14073,Chloe,9079
25,Christian,13898,Sydney,8910
26,Nathan,13659,Hailey,8793
27,Justin,13651,Jasmine,8061
28,Logan,13185,Rachel,7981
29,Gabriel,12517,Morgan,7926
30,Jose,12392,Megan,7799
31,Noah,11834,Jennifer,7564
32,Kevin,11729,Kaitlyn,7546
33,Austin,11687,Julia,7434
34,Caleb,11638,Haley,7196
35,Robert,11393,Katherine,7125
36,Thomas,10932,Mia,7081
37,Elijah,10658,Destiny,6973
38,Jordan,10328,Alexandra,6544
39,Aidan,10062,Ava,6280
40,Cameron,9962,Nicole,6229
41,Hunter,9900,Savannah,6153
42,Jason,9819,Maria,6088
43,Connor,9669,Brooke,5967
44,Evan,9443,Ella,5902
45,Jack,9317,Mackenzie,5864
46,Luke,9299,Allison,5850
47,Angel,9155,Paige,5756
48,Isaac,8935,Jordan,5650
49,Isaiah,8893,Stephanie,5602
50,Aaron,8865,Faith,5593
51,Gavin,8762,Makayla,5580
52,Jackson,8712,Kylie,5558
53,Kyle,8650,Kaylee,5450
54,Mason,7895,Jenna,5351
55,Juan,7827,Amanda,5339
56,Eric,7785,Trinity,5126
57,Charles,7693,Zoe,5085
58,Adam,7683,Katelyn,5052
59,Brian,7670,Mary,5016
60,Luis,7580,Andrea,4978
61,Sean,7101,Madeline,4974
62,Alex,6792,Michelle,4868
63,Nathaniel,6665,Rebecca,4858
64,Bryan,6617,Kimberly,4824
65,Ian,6466,Sara,4759
66,Carlos,6218,Gabrielle,4599
67,Jesus,6159,Alexa,4596
68,Adrian,6110,Caroline,4585
69,Cole,5899,Lily,4434
70,Steven,5856,Vanessa,4353
71,Lucas,5754,Angelina,4270
72,Owen,5700,Riley,4242
73,Aiden,5684,Sierra,4239
74,Devin,5645,Amber,4121
75,Jayden,5545,Autumn,4055
76,Timothy,5479,Lillian,4029
77,Julian,5409,Gabriella,4020
78,Cody,5397,Audrey,3997
79,Blake,5274,Jada,3986
80,Seth,5255,Erin,3924
81,Dominic,5217,Leah,3922
82,Jaden,5182,Danielle,3863
83,Diego,5118,Isabel,3851
84,Hayden,5101,Maya,3849
85,Xavier,5063,Ariana,3831
86,Richard,5053,Arianna,3795
87,Chase,5013,Jocelyn,3717
88,Colin,4876,Evelyn,3700
89,Carson,4860,Avery,3687
90,Jeremiah,4852,Aaliyah,3672
91,Patrick,4789,Leslie,3638
92,Antonio,4716,Claire,3570
93,Sebastian,4646,Melanie,3547
94,Jesse,4599,Shelby,3535
95,Miguel,4589,Marissa,3513
96,Victor,4434,Melissa,3501
97,Landon,4410,Sofia,3486
98,Jake,4402,Bailey,3465
99,Trevor,4385,Molly,3403
100,Alejandro,4317,Jacqueline,3399
101,Ashton,4215,Jade,3392
102,Carter,4171,Gabriela,3361
103,Bryce,4127,Courtney,3347
104,Riley,4076,Angela,3319
105,Mark,4028,Breanna,3270
106,Garrett,3979,Catherine,3231
107,Jared,3942,Katie,3192
108,Jeremy,3889,Diana,3149
109,Wyatt,3699,Christina,3111
110,Brayden,3672,Isabelle,3110
111,Kenneth,3642,Amelia,3093
112,Tristan,3634,Daniela,3075
113,Caden,3629,Mariah,3073
114,Liam,3565,Briana,3057
115,Jorge,3483,Madelyn,2984
116,Henry,3467,Mya,2952
117,Vincent,3418,Kathryn,2945
118,Kaleb,3401,Brooklyn,2924
119,Marcus,3391,Angel,2887
120,Tanner,3390,Amy,2879
121,Kaden,3336,Adriana,2839
122,Oscar,3299,Kennedy,2774
123,Paul,3250,Alexandria,2750
124,Joel,3244,Laura,2740
125,Parker,3185,Kelly,2735
126,Dakota,3157,Gracie,2723
127,Stephen,3141,Lydia,2631
128,Ivan,3137,Margaret,2623
129,Eduardo,3118,Ana,2592
130,Edward,3108,Kelsey,2569
131,Alan,3097,Alicia,2541
132,Maxwell,3086,Lindsey,2541
133,Collin,3005,Alexia,2495
134,Nicolas,3002,Cheyenne,2474
135,Colton,2951,Jillian,2425
136,Gage,2938,Daisy,2410
137,Grant,2916,Sabrina,2395
138,George,2910,Mikayla,2393
139,Spencer,2906,Ashlyn,2368
140,Jeffrey,2883,Cassandra,2334
141,Brendan,2866,Karen,2331
142,Brady,2865,Caitlin,2311
143,Dalton,2857,Gianna,2311
144,Shane,2812,Skylar,2305
145,Cristian,2803,Nevaeh,2299
146,Peter,2803,Lizbeth,2275
147,Francisco,2767,Tiffany,2257
148,Ricardo,2762,Natalia,2256
149,Derek,2753,Mckenzie,2251
150,Alexis,2721,Cassidy,2234
151,Omar,2702,Sophie,2231
152,Josiah,2682,Summer,2211
153,Conner,2677,Angelica,2209
154,Preston,2639,Kylee,2197
155,Jalen,2620,Jordyn,2189
156,Shawn,2574,Kendall,2183
157,Fernando,2551,Juliana,2129
158,Erik,2550,Miranda,2117
159,Travis,2541,Erica,2091
160,Devon,2525,Caitlyn,2079
161,Javier,2502,Bianca,2054
162,Max,2459,Kate,2054
163,Damian,2453,Abby,2048
164,Jonah,2431,Naomi,2048
165,Bradley,2393,Kyla,2023
166,Cooper,2368,Crystal,2018
167,Mario,2358,Rylee,2018
168,Cesar,2357,Alondra,1999
169,Braden,2354,Karina,1976
170,Levi,2347,Jamie,1924
171,Andres,2327,Valerie,1911
172,Edgar,2319,Hope,1897
173,Micah,2285,Kiara,1874
174,Manuel,2246,Hayley,1865
175,Nolan,2216,Delaney,1855
176,Donovan,2210,Chelsea,1838
177,Giovanni,2201,Veronica,1834
178,Johnathan,2192,Erika,1816
179,Trenton,2181,Karla,1778
180,Colby,2170,Giselle,1771
181,Edwin,2167,Amaya,1769
182,Emmanuel,2130,Charlotte,1763
183,Clayton,2128,Carly,1762
184,Wesley,2122,Aubrey,1757
185,Gregory,2106,Valeria,1736
186,Erick,2094,Julianna,1734
187,Raymond,2047,Ellie,1728
188,Dillon,2009,Maggie,1718
189,Hector,1997,Sadie,1706
190,Sergio,1985,Addison,1704
191,Eli,1975,Ruby,1704
192,Marco,1959,Peyton,1700
193,Ty,1936,Mckenna,1695
194,Malachi,1918,Meghan,1695
195,Abraham,1894,Layla,1687
196,Mitchell,1890,Jazmin,1674
197,Damien,1889,Alejandra,1667
198,Corey,1887,Cynthia,1662
199,Martin,1887,Jasmin,1661
200,Roberto,1873,Jayla,1661
201,Ayden,1829,Reagan,1657
202,Taylor,1828,Esmeralda,1652
203,Jaylen,1814,Alana,1620
204,Dawson,1805,Payton,1619
205,Dominick,1779,Bethany,1618
206,Scott,1770,Heather,1617
207,Dustin,1768,Monica,1613
208,Peyton,1768,Nadia,1580
209,Andre,1752,Brittany,1579
210,Elias,1711,Makenzie,1578
211,Leonardo,1706,Adrianna,1553
212,Harrison,1697,Ariel,1548
213,Josue,1674,Hanna,1547
214,Bryson,1658,Eva,1516
215,Ruben,1655,Desiree,1505
216,Andy,1629,Haylee,1504
217,Brett,1614,Rebekah,1501
218,Jakob,1604,Genesis,1493
219,Avery,1595,Macy,1483
220,Zane,1590,Lucy,1472
221,Cade,1576,Zoey,1469
222,Drew,1573,Elena,1464
223,Calvin,1563,Kyra,1459
224,Pedro,1558,Vivian,1453
225,Griffin,1535,Makenna,1451
226,Alec,1525,Jaden,1448
227,Trey,1516,Shannon,1447
228,Miles,1511,Brenda,1442
229,Malik,1505,Kristen,1437
230,Frank,1499,Mallory,1428
231,Skyler,1486,Raven,1427
232,Brody,1462,Elise,1419
233,Phillip,1454,Serenity,1414
234,Xander,1424,Alison,1413
235,Simon,1420,Diamond,1400
236,Rafael,1410,Aliyah,1392
237,Ronald,1403,Michaela,1378
238,Raul,1400,Asia,1369
239,Gerardo,1399,Kara,1357
240,Chance,1391,Nina,1356
241,Trent,1379,Fatima,1354
242,Marcos,1378,Julie,1352
243,Brock,1377,Jayden,1347
244,Derrick,1377,Liliana,1346
245,Oliver,1374,Kailey,1331
246,Israel,1367,Guadalupe,1329
247,Johnny,1365,Savanna,1318
248,Enrique,1355,Jazmine,1313
249,Jace,1328,Allyson,1306
250,Allen,1316,Laila,1306
251,Keith,1313,Claudia,1303
252,Dante,1311,Joanna,1302
253,Donald,1307,Mariana,1297
254,Camden,1294,Carmen,1289
255,Darius,1289,Serena,1276
256,Troy,1284,Camille,1275
257,Armando,1277,Katelynn,1272
258,Yahir,1274,Josephine,1257
259,Keegan,1271,Kendra,1235
260,Chandler,1270,Lindsay,1229
261,Payton,1268,Holly,1225
262,Jaime,1261,Carolina,1215
263,Casey,1253,Heaven,1192
264,Kai,1216,Kaitlin,1191
265,Kobe,1212,Lilly,1188
266,Brenden,1184,Sandra,1180
267,Gustavo,1170,Jadyn,1179
268,Zackary,1169,Selena,1179
269,Lance,1167,Nancy,1177
270,Angelo,1158,Anastasia,1174
271,Julio,1157,Cecilia,1162
272,Fabian,1147,Cindy,1160
273,Drake,1130,Paris,1158
274,Lane,1129,Katrina,1142
275,Myles,1127,Tatiana,1135
276,Alberto,1126,Skyler,1132
277,Brennan,1126,Alaina,1126
278,Jimmy,1126,April,1118
279,Mathew,1124,Kirsten,1116
280,Corbin,1112,Tessa,1113
281,Kameron,1110,Perla,1108
282,Dennis,1107,Miriam,1103
283,Louis,1103,Kathleen,1096
284,Jaxon,1098,Annika,1089
285,Leo,1095,Wendy,1087
286,Jerry,1086,Esther,1084
287,Kyler,1086,Kira,1084
288,Danny,1082,Priscilla,1078
289,Philip,1073,Cierra,1076
290,Quinn,1072,Kayleigh,1071
291,Saul,1072,Brynn,1067
292,Jonathon,1069,Alissa,1062
293,Emanuel,1047,Annabelle,1062
294,Roman,1043,Clara,1054
295,Tucker,1040,Cameron,1041
296,Tyson,1039,Brenna,1036
297,Grayson,1024,Tori,1035
298,Damon,1022,Celeste,1034
299,Pablo,1021,Camila,1033
300,Cayden,1013,Kristina,1033
301,Braxton,1004,Bridget,1028
302,Tony,999,Yesenia,1026
303,Arturo,986,Melody,1022
304,Landen,979,Emilee,1020
305,Bryant,977,Josie,1017
306,Darren,977,Kassandra,1016
307,Douglas,976,Patricia,1012
308,Jaiden,973,Eleanor,1005
309,Theodore,964,Camryn,998
310,Lorenzo,963,Shayla,998
311,Lukas,961,Reese,996
312,Zander,957,Harley,993
313,Emilio,956,Casey,987
314,Albert,952,Ashlynn,979
315,Larry,950,Heidi,978
316,Camron,943,Aniya,976
317,Randy,935,Allie,972
318,Alfredo,932,Bella,972
319,Santiago,928,Bryanna,972
320,Cory,924,Natasha,970
321,Marc,919,Rachael,970
322,Aden,917,Daniella,968
323,Ezekiel,911,Britney,967
324,Gary,911,Madeleine,963
325,Nickolas,911,Ashanti,962
326,Curtis,905,Denise,956
327,Joe,898,Shania,955
328,Jayson,894,Imani,954
329,Zion,878,Paola,952
330,Braeden,876,Sidney,951
331,Mateo,875,Kiana,949
332,Ismael,871,Mercedes,948
333,Marvin,864,Marisa,945
334,Chad,860,Eliza,943
335,Ernesto,853,Christine,941
336,Salvador,853,Tara,925
337,Tristen,850,Annie,919
338,Esteban,842,Halle,919
339,Quentin,835,Callie,917
340,Amir,819,Dakota,916
341,Lawrence,817,Alayna,910
342,Ramon,814,Eden,904
343,Russell,811,Piper,902
344,Jay,810,Leila,893
345,Ali,809,Nia,891
346,Axel,807,Eliana,890
347,Brayan,805,Alivia,888
348,Marshall,799,Kaylie,888
349,Ricky,799,Ruth,888
350,Moises,797,Aniyah,885
351,Arthur,795,Fiona,885
352,Nikolas,795,Logan,884
353,Kristopher,784,Leilani,882
354,Carl,775,Yasmin,872
355,Walter,774,Talia,870
356,Micheal,770,Julissa,866
357,Bailey,760,Emely,855
358,Maurice,757,Ashleigh,852
359,Reece,757,Rose,851
360,Abel,755,Hailee,850
361,Morgan,748,Kiley,850
362,Rodrigo,736,Ayanna,847
363,Keaton,735,Meredith,840
364,Isiah,734,Lesly,839
365,Hugo,727,Cristina,835
366,Kayden,725,Lauryn,834
367,Kaiden,711,Nora,830
368,Reese,709,Sasha,827
369,Charlie,708,Jayda,826
370,Davis,704,Alexus,813
371,Maximus,704,Lacey,812
372,Jadon,702,Lisa,811
373,Orlando,702,Aurora,810
374,Jeffery,697,Georgia,810
375,Jon,692,Rylie,810
376,Felix,690,Clarissa,807
377,Kade,690,Madalyn,807
378,Mekhi,688,Angie,803
379,Rodney,688,Dana,800
380,Zachariah,688,Stella,797
381,Shaun,687,Anne,796
382,Brent,685,Ashlee,793
383,Dean,685,Ciara,791
384,Dallas,684,Tatum,788
385,Mauricio,684,Genevieve,787
386,Zachery,681,Kyleigh,787
387,Chris,678,Iris,786
388,Julius,678,Lexi,786
389,Eddie,671,Rosa,786
390,Tommy,670,Amari,784
391,Hudson,669,Marisol,784
392,Terry,667,Helen,783
393,Justice,665,Izabella,779
394,Roger,664,Haleigh,770
395,Branden,662,Raquel,770
396,Graham,662,Alina,768
397,Jamal,654,Kassidy,768
398,Issac,653,Kamryn,762
399,Ezra,650,Brittney,758
400,Conor,648,Tiana,758
401,Melvin,647,Tabitha,755
402,Quinton,645,Marina,752
403,Kelvin,644,Noelle,750
404,Tate,644,Brooklynn,748
405,Deandre,641,Ivy,748
406,Jaylin,637,Viviana,748
407,Weston,636,Sage,747
408,Skylar,632,Virginia,742
409,Adan,629,India,741
410,Jessie,627,Linda,741
411,Asher,626,Hallie,739
412,Kody,625,Krystal,736
413,Walker,625,Madisyn,728
414,Allan,624,Skye,727
415,Holden,619,Anahi,726
416,Jarrett,616,Jaiden,726
417,Tyrese,615,Paulina,725
418,Amari,613,Kristin,716
419,Beau,612,Tania,716
420,Harley,612,Deanna,714
421,Declan,611,Francesca,714
422,Elliot,611,Gloria,712
423,Nelson,611,Jenny,709
424,Craig,606,Elisabeth,708
425,Rylan,603,Amya,706
426,Jaylon,601,Malia,705
427,Billy,600,Jane,704
428,Guillermo,595,Madyson,703
429,Bennett,594,Teresa,703
430,Brendon,591,Carolyn,700
431,Emiliano,590,Alice,699
432,Frederick,587,Nayeli,697
433,Nasir,581,Cora,695
434,Toby,581,Baylee,694
435,Uriel,580,Itzel,694
436,Sam,578,Phoebe,688
437,Dane,574,Ainsley,686
438,Kristian,573,Laci,686
439,Jermaine,572,Alisha,684
440,Sawyer,570,Kaitlynn,680
441,Zackery,570,Krista,679
442,Roy,569,Kaylin,677
443,Jude,563,Kiera,676
444,Rene,563,Alyson,675
445,Felipe,562,Whitney,675
446,Steve,562,Dominique,673
447,Javon,561,Pamela,673
448,Dorian,560,Regan,669
449,Silas,560,Ellen,668
450,Trevon,560,Kaleigh,667
451,Bobby,559,Justice,665
452,Joaquin,559,Renee,665
453,Willie,557,Taryn,662
454,Desmond,556,Emilie,660
455,Demetrius,554,Karissa,660
456,Jaheim,552,Samara,656
457,Terrance,552,Monique,654
458,Reid,550,Tamia,654
459,Quincy,548,Valentina,654
460,Khalil,546,Elaina,650
461,Osvaldo,546,Carla,648
462,Luca,544,Carissa,647
463,Jonas,543,Cheyanne,642
464,Kolby,543,Sarai,642
465,Ahmad,542,Gina,641
466,Franklin,539,Gillian,638
467,Tomas,537,Macie,637
468,Nathanael,536,Jaqueline,636
469,Marquis,534,Mckayla,636
470,Noe,534,Destinee,634
471,Johnathon,533,Ashton,631
472,Damion,531,Martha,629
473,Reginald,531,Abbey,625
474,Gerald,529,Joselyn,625
475,Jaydon,527,Lucia,625
476,Kendrick,527,Cadence,620
477,Kenny,526,Jessie,618
478,Blaine,519,Nyla,615
479,Clay,519,Ryleigh,615
480,Devan,519,Yasmine,615
481,Jamari,519,Anika,612
482,Terrell,516,Tia,612
483,Noel,514,Isabela,610
484,Pierce,512,Janelle,606
485,Bruce,509,Kiersten,602
486,Cyrus,509,Miracle,599
487,Malcolm,507,Ryan,598
488,Adolfo,505,Anya,596
489,Rogelio,505,Hailie,594
490,Easton,504,Dulce,591
491,Byron,502,Meagan,589
492,Warren,500,Alanna,587
493,Moses,499,Kailee,584
494,Solomon,496,Joy,583
495,Trace,496,Kaley,578
496,Joey,494,Liberty,578
497,Leon,494,Fernanda,576
498,Kendall,493,Tamara,575
499,Rodolfo,493,Dylan,572
500,Gilberto,491,Lana,572
501,Tobias,491,Marie,569
502,Dayton,486,Cara,568
503,Maximilian,486,Susan,568
504,Rohan,486,Katlyn,566
505,Davion,484,Trista,566
506,Jair,480,Deja,565
507,Mohamed,480,Janet,564
508,Deven,478,Lena,564
509,Reed,478,Ximena,564
510,Elliott,477,America,563
511,Caiden,471,Gisselle,563
512,Alvin,469,Maddison,560
513,Wilson,468,Marlene,559
514,Braydon,467,Emilia,557
515,Jasper,466,Abbigail,555
516,Todd,466,Precious,553
517,Deshawn,465,Elisa,550
518,Francis,465,Larissa,550
519,Kadin,461,Johanna,545
520,Marlon,461,Jimena,542
521,Alfonso,455,Helena,541
522,Triston,455,Mayra,541
523,Darian,448,Sharon,539
524,Harry,447,Athena,538
525,Leonel,447,Carley,537
526,Gael,443,Abbie,536
527,Randall,443,Nataly,536
528,Omarion,440,Willow,536
529,Terrence,440,Charity,534
530,Ben,439,Estrella,533
531,Jaxson,437,Jacquelyn,533
532,Octavio,437,Kasey,531
533,Alonzo,436,Madilyn,530
534,Tristin,435,Kierra,529
535,Will,433,Jaelyn,528
536,Jayce,431,Aileen,526
537,Kieran,429,Araceli,525
538,Addison,428,Angelique,521
539,Ahmed,428,Anaya,519
540,Ramiro,427,Kaya,519
541,Cedric,425,Madelynn,515
542,Izaiah,425,Raegan,515
543,Duncan,421,Simone,515
544,Ronnie,419,Julianne,514
545,Tyrone,413,Marilyn,514
546,Jerome,411,Mikaela,513
547,Alvaro,410,Cassie,509
548,Jamie,410,Janiya,506
549,Lincoln,410,Sydnee,506
550,Dale,408,Sylvia,502
551,Tyrell,408,Maci,501
552,Rolando,405,Eve,499
553,Stanley,405,Kailyn,499
554,Tyree,405,Sonia,498
555,Amarion,404,Ann,497
556,Jameson,403,Elle,497
557,Lee,403,Lilian,497
558,Wade,403,Carlie,495
559,Leonard,401,Laney,495
560,Brennen,400,Macey,495
561,Darrell,400,Maritza,495
562,Orion,399,Aspen,494
563,Phoenix,398,Janae,494
564,Jordon,396,Kali,494
565,Mohammad,395,Maia,494
566,Coby,394,Tess,494
567,Ezequiel,392,Theresa,493
568,Aldo,390,Reyna,492
569,Johan,388,Lila,491
570,River,388,Hayden,490
571,Ariel,387,Lorena,490
572,Everett,387,Lexie,488
573,Kellen,387,Kaila,487
574,Rudy,385,Marley,486
575,Eugene,383,Aracely,482
576,Neil,383,Melany,482
577,Efrain,382,Aimee,481
578,Isaias,382,Luz,478
579,Keenan,382,Arielle,475
580,Wayne,382,Kenya,475
581,Jaquan,380,Rhiannon,475
582,Maddox,378,Irene,473
583,Ross,377,Nathalie,473
584,Davin,375,Haylie,469
585,Jamison,375,Harmony,468
586,Cristopher,373,Jazlyn,468
587,Gunnar,373,Violet,468
588,Maximiliano,370,Isis,467
589,Coleman,368,Jaclyn,466
590,Davon,368,Janessa,465
591,Vicente,367,Justine,464
592,Grady,364,Brielle,463
593,Jairo,364,Haven,461
594,Colten,363,Daphne,460
595,Donte,362,Kelsie,460
596,Gilbert,361,Alessandra,459
597,Cruz,359,Gwendolyn,458
598,Ernest,359,Arely,457
599,Moshe,359,Tyler,456
600,Nehemiah,355,Brandy,454
601,Camren,351,Yadira,454
602,Sage,351,Juliet,452
603,Keshawn,349,Lesley,451
604,Mohammed,349,Tanya,451
605,Dominik,345,Tiara,451
606,Freddy,344,Brandi,449
607,Quintin,344,Frances,449
608,Titus,344,Zoie,449
609,Dwayne,343,Melina,441
610,Garret,343,Jaida,439
611,Harold,343,Delilah,438
612,Ibrahim,341,Bailee,437
613,Anderson,340,Kaelyn,437
614,Brice,339,Lola,436
615,Kolton,339,Tianna,436
616,Elisha,337,Mariela,435
617,Karson,336,Noemi,435
618,Ray,336,Kaia,434
619,Layne,335,Colleen,432
620,Jabari,334,Keira,432
621,Jett,334,Shyanne,432
622,Omari,332,Barbara,431
623,Koby,329,Thalia,431
624,Dominique,328,Felicity,430
625,Humberto,328,Skyla,429
626,Kamron,327,Teagan,429
627,Nathanial,327,Yazmin,428
628,Darien,326,Judith,427
629,Rowan,326,Elaine,426
630,Devyn,325,Regina,425
631,Gunner,325,Aisha,424
632,Sterling,325,Lillie,422
633,Irvin,323,Rebeca,422
634,Jaron,323,Adrienne,421
635,Keagan,323,Deborah,421
636,Keon,323,Savanah,419
637,Kole,323,Alma,418
638,Julien,322,Clare,417
639,Romeo,322,Aubree,415
640,Lewis,321,Mara,415
641,Mike,321,Sienna,415
642,Ulises,320,Kennedi,414
643,Antoine,318,Karlee,413
644,Jamarion,317,Maeve,413
645,Rory,316,Jaylin,411
646,Porter,314,Mollie,410
647,Agustin,311,Zaria,410
648,Junior,310,Frida,409
649,Judah,306,Halie,409
650,Muhammad,306,Kaylyn,408
651,Ryder,305,Mariam,407
652,Aron,304,Amara,406
653,August,304,Celia,406
654,Gianni,302,Tatyana,406
655,Asa,301,Cristal,405
656,Markus,301,Laurel,404
657,Alijah,300,Presley,404
658,Elmer,300,Adeline,403
659,Ralph,300,Jamya,403
660,Dashawn,299,Aria,402
661,Finn,299,Kenzie,402
662,Jaeden,299,Carina,401
663,Karl,299,Alena,400
664,Rocco,299,Rosemary,400
665,Ari,298,Stacy,400
666,Giancarlo,298,Lia,397
667,Kareem,298,Shaniya,397
668,Dillan,297,Lea,396
669,Alonso,296,Esperanza,395
670,Glenn,296,Quinn,394
671,Rashad,296,Taliyah,394
672,Darnell,291,Ally,393
673,Devonte,291,Emmalee,393
674,Greyson,290,Dayana,392
675,Alexzander,289,Hana,392
676,Brodie,288,Corinne,391
677,Emmett,287,Edith,389
678,Garrison,286,Lyric,389
679,Gideon,286,Eileen,388
680,Keyshawn,285,Carlee,385
681,Sidney,285,Hazel,385
682,Cullen,284,Stephany,385
683,Ignacio,284,Jazmyn,384
684,Gannon,283,Taniya,384
685,Estevan,282,Ansley,383
686,Gaven,282,Princess,383
687,Jamar,282,Chelsey,380
688,Rhett,282,Felicia,380
689,Darryl,281,Breana,379
690,Draven,280,Tina,378
691,Marquise,280,Jolie,377
692,Zechariah,280,Kayley,377
693,Santos,277,Leticia,377
694,Elvis,275,Salma,377
695,Kane,275,Greta,376
696,Alfred,274,Karlie,376
697,Stefan,274,Katharine,375
698,Josh,273,Nya,375
699,Rigoberto,272,Alisa,374
700,Derick,271,Amira,374
701,Salvatore,270,Ingrid,374
702,Xzavier,269,Hadley,373
703,Armani,268,Juliette,373
704,Brooks,268,Kendal,372
705,Jean,267,Tyra,372
706,Donavan,266,Micah,371
707,German,266,Ayana,369
708,Nigel,265,Blanca,369
709,Emerson,264,Amani,368
710,Alessandro,263,Annabella,368
711,Conrad,263,Keely,368
712,Abram,262,Penelope,367
713,Kenyon,261,Dayanara,365
714,Misael,261,Leanna,365
715,Gavyn,260,Lizeth,362
716,Clarence,259,Myah,361
717,Yair,259,Annalise,357
718,Howard,258,Paula,356
719,Sincere,258,Giovanna,355
720,Giovanny,256,Jalyn,355
721,Deon,255,Janiyah,355
722,Heath,255,Tayler,354
723,Aditya,254,Toni,354
724,Daquan,254,Jenifer,353
725,Blaze,252,Mattie,353
726,Clinton,252,Brisa,352
727,Alden,251,Cayla,351
728,Anton,251,Chasity,351
729,Raphael,251,Jewel,351
730,Jaylan,249,Abigayle,350
731,Jefferson,249,Liana,350
732,Maverick,249,Aiyana,349
733,Antony,248,Elsa,349
734,Roland,248,Elyse,349
735,Seamus,248,Kaylynn,349
736,Hamza,246,Lara,349
737,Baby,245,Antonia,345
738,Kurt,244,Aryanna,345
739,Talon,244,Carrie,345
740,Aydan,243,Joyce,345
741,Isai,243,Anissa,344
742,Matteo,243,Evelin,343
743,Milton,243,Lisbeth,343
744,Vance,241,Micaela,343
745,Aryan,240,Candace,341
746,Jorden,240,Cecelia,341
747,Oswaldo,240,Shakira,337
748,Roderick,240,Nichole,336
749,Adrien,239,Ebony,333
750,Demarcus,239,Essence,333
751,Zakary,239,Kayli,333
752,Nico,238,Dalia,331
753,Cale,237,Annette,330
754,Lamar,237,Gia,330
755,Geoffrey,236,Marianna,329
756,Ronaldo,236,Stacey,329
757,Gordon,235,Catalina,328
758,Braiden,234,Joana,327
759,Jarod,234,Shaylee,327
760,Jacoby,233,Meadow,326
761,Darion,232,Scarlett,326
762,Ronan,232,Taniyah,326
763,Darin,231,Lilliana,325
764,Keyon,231,Alize,324
765,Jovan,230,Devon,324
766,Reuben,230,Emerson,324
767,Semaj,230,Hunter,324
768,Sheldon,230,Karli,324
769,Sonny,230,Aliya,323
770,Jagger,229,Donna,323
771,Haden,228,Chaya,321
772,Arjun,227,Yvette,321
773,Marcel,227,Desirae,320
774,Pranav,226,Jakayla,320
775,Brycen,225,Kaliyah,320
776,Justus,225,Kelli,320
777,Keven,225,Aleah,319
778,Korbin,225,Shea,318
779,Korey,225,Cali,317
780,Tariq,225,Joslyn,317
781,Travon,225,Gretchen,316
782,Bruno,224,Maura,316
783,Dandre,224,Shayna,315
784,Guadalupe,224,Iliana,314
785,Jovani,224,London,314
786,Quinten,224,Shreya,314
787,Shamar,223,Sydni,314
788,Cornelius,222,Ericka,313
789,Konner,222,Jaylynn,313
790,Bernard,220,Noelia,313
791,Chaz,220,Ryann,313
792,Clark,220,Samira,313
793,Dallin,220,Shirley,313
794,Leroy,220,Devin,312
795,Milo,220,Ayla,311
796,Domenic,219,Kenia,311
797,Jordy,219,Abigale,310
798,Norman,219,Parker,310
799,Vaughn,219,Sanaa,310
800,Alexandro,217,Celine,309
801,Samir,217,Danna,309
802,Blaise,216,Galilea,309
803,Ean,216,Kaylah,308
804,Javion,216,Casandra,307
805,Maximillian,216,Kathy,307
806,Sammy,216,Shyann,307
807,Brad,215,Kaiya,306
808,Braedon,215,Raina,306
809,Damarion,215,Moriah,305
810,Frankie,215,Lacie,304
811,Jahir,215,Montana,304
812,Lawson,215,Nikki,304
813,Reynaldo,215,Nyah,304
814,Stephan,215,Yuliana,304
815,Irving,214,Amiya,303
816,Jakobe,214,Karly,303
817,Jovany,214,Kianna,303
818,Lamont,214,Norah,303
819,Remington,214,Sheila,303
820,Arnold,213,Tracy,303
821,Chaim,213,Kenna,301
822,Darrius,213,Christian,299
823,Hassan,213,Kya,299
824,Tristian,213,Makena,298
825,Adriel,212,Johana,297
826,Adonis,211,Lacy,297
827,Ellis,211,Maliyah,296
828,Fredrick,211,Sandy,296
829,Simeon,211,Monserrat,294
830,Tylor,211,Savana,294
831,Andreas,210,Kacie,293
832,Perry,210,Kasandra,293
833,Dario,209,Rayna,293
834,Denzel,209,Yahaira,293
835,Houston,209,Katarina,292
836,Brenton,208,Litzy,292
837,Dimitri,208,Lizette,292
838,Jarrod,208,Aliza,291
839,Keanu,208,Damaris,291
840,Gonzalo,207,Dorothy,291
841,Tyshawn,207,Karley,291
842,Waylon,207,Maribel,291
843,Kevon,206,Areli,289
844,Shannon,206,Margarita,289
845,Barrett,205,Jacey,288
846,Rylee,205,Jaidyn,288
847,Shea,205,Jasmyn,288
848,Zaire,205,Madisen,287
849,Gaige,204,Arlene,285
850,Jarred,204,Aubrie,285
851,Maxim,204,Alysa,284
852,Augustus,203,Elissa,284
853,Kelton,203,Bria,283
854,Nick,203,Devyn,283
855,Marques,202,Marlee,283
856,Prince,202,Carli,282
857,Dexter,201,Jaycee,282
858,Dion,201,Berenice,281
859,Nikhil,201,Jaylene,281
860,Santino,201,Paloma,281
861,Antwan,200,Annabel,280
862,Dangelo,200,Carson,280
863,Gino,200,Ciera,280
864,Jamel,200,Miah,280
865,Raymundo,200,Ashly,279
866,Reagan,200,Amina,277
867,Earl,199,Estefania,277
868,Kian,199,Patience,277
869,Barry,198,Abagail,276
870,Konnor,198,Brianne,276
871,Darwin,197,Giana,276
872,Enzo,197,Kadence,276
873,Jahiem,196,Madalynn,276
874,Jaren,196,Reilly,276
875,Reilly,196,Susana,276
876,Winston,196,Alia,275
877,Cortez,195,Carol,275
878,Forrest,195,Graciela,275
879,Deonte,194,Mireya,275
880,Hugh,194,Amelie,274
881,Kylan,193,Destiney,274
882,Kent,192,Jaliyah,274
883,Luciano,192,Lexus,274
884,Cannon,191,Sky,273
885,Jan,191,Yoselin,273
886,London,191,Ashtyn,272
887,Malakai,191,Calista,271
888,Abdullah,190,Camilla,271
889,Jarvis,190,Luna,271
890,Nathen,190,Rocio,271
891,Nestor,189,Destini,270
892,Zain,189,Tierra,268
893,Dylon,188,Yareli,268
894,Josef,188,Belen,267
895,Layton,188,Nicolette,267
896,Shayne,188,Sydnie,266
897,Ethen,187,Christa,265
898,Jadyn,187,Jaime,265
899,Kamari,187,Jalynn,265
900,Heriberto,186,Rachelle,265
901,Kaeden,186,Reina,265
902,Marcelo,185,Joelle,264
903,Marquez,185,Journey,264
904,Savion,185,Katelin,264
905,Carlo,184,Lyndsey,264
906,Kale,184,Kallie,263
907,Treyton,184,Robyn,263
908,Bo,183,Amiyah,262
909,Darrion,183,Tamya,262
910,Efren,183,Christiana,261
911,Zack,183,Magdalena,261
912,Bradyn,182,Sherlyn,261
913,Deangelo,182,Campbell,260
914,Rex,182,Isabell,260
915,Stone,182,Jackeline,260
916,Thaddeus,182,Natalee,260
917,Jovanni,181,Sarahi,260
918,Jovanny,181,Marlen,259
919,Trever,180,Saige,259
920,Valentin,180,Candice,258
921,Isaak,179,Elyssa,257
922,Yosef,179,Armani,255
923,Elian,178,Libby,255
924,Jamir,177,Robin,255
925,Javen,177,Jailyn,254
926,Niko,177,Kellie,254
927,Syed,177,Kourtney,254
928,Terence,177,Lainey,254
929,Tre,177,Nyasia,254
930,Cael,176,Angeles,253
931,Cristobal,176,Kayden,253
932,Darrin,176,Makaila,253
933,Dwight,176,Aryana,252
934,Broderick,175,Beatriz,252
935,Cason,175,Dasia,252
936,Clifford,175,Diane,252
937,Daryl,175,Lucille,252
938,Giovani,175,Bridgette,251
939,Pierre,175,Karyme,251
940,Ryker,175,Lina,251
941,Austen,174,Hayleigh,250
942,Paxton,174,Shawna,250
943,Alexandre,173,Taya,250
944,Cordell,173,Myra,249
945,Guy,173,Bonnie,248
946,Rey,173,Delia,248
947,Clifton,172,Denisse,248
948,Khalid,172,Natalya,248
949,Latrell,172,Abril,246
950,Mathias,172,Arly,246
951,Sabastian,172,Fabiola,246
952,Bret,171,Jaylyn,246
953,Destin,171,Mandy,246
954,Stephon,171,Anita,245
955,Sullivan,171,Baby,245
956,Dontae,170,Janice,245
957,Eliezer,170,Rowan,245
958,Kennedy,170,Alexys,243
959,Kurtis,170,Brionna,243
960,Soren,170,Brook,243
961,Vernon,170,Keyla,243
962,Kory,169,Sariah,243
963,Mordechai,169,Tristen,243
964,Stuart,169,Christy,242
965,Fidel,168,Trisha,242
966,Amos,167,Saniya,241
967,Zavier,167,Citlali,240
968,Cash,166,Kaci,240
969,Glen,166,Roselyn,240
970,Mikel,166,Vanesa,240
971,Cristofer,165,Loren,239
972,Jase,165,Silvia,239
973,Menachem,165,Breonna,238
974,Bernardo,164,Miya,238
975,Campbell,164,Selina,238
976,Jamil,164,Sonya,238
977,Deshaun,163,Yaritza,238
978,Freddie,163,Asha,237
979,Trystan,163,Iyanna,237
980,Ervin,162,Mira,237
981,Nash,162,Phoenix,237
982,Rahul,162,Laisha,236
983,Benito,161,Bryana,235
984,Benny,161,Alani,234
985,Bridger,161,Jacklyn,234
986,Elvin,161,Kacey,234
987,Justyn,161,Kaydence,234
988,Kasey,161,Kinsey,234
989,Ryland,161,Rory,234
990,Yusuf,161,Amaris,233
991,Coy,160,Anais,233
992,Fletcher,160,Katerina,233
993,Kyree,160,Katy,233
994,Matthias,160,Kaylen,233
995,Rocky,160,Priscila,233
996,Trevion,160,Reanna,233
997,Yehuda,159,Alexandrea,232
998,Zaid,159,Caleigh,232
999,Zayne,159,Angeline,231
1000,Arnav,158,Anjali,231
