1,Michael,36614,Emily,26181
2,Jacob,36014,Hannah,21373
3,Matthew,31142,Samantha,20193
4,Joshua,28088,Sarah,19879
5,Christopher,27001,Ashley,19874
6,Nicholas,26634,Alexis,19778
7,Brandon,23829,Taylor,18572
8,Tyler,23711,Jessica,18235
9,Andrew,23654,Madison,17786
10,Austin,23477,Elizabeth,15186
11,Joseph,23178,Alyssa,13710
12,Daniel,23153,Kayla,13422
13,David,20881,Megan,13253
14,William,20831,Lauren,12907
15,John,20624,Rachel,12201
16,Zachary,20579,Victoria,12146
17,Ryan,20194,Brianna,12047
18,James,19686,Abigail,11099
19,Anthony,19630,Amanda,10912
20,Justin,17971,Jennifer,10689
21,Jonathan,17647,Olivia,10610
22,Alexander,17464,Emma,10437
23,Robert,15524,Morgan,10217
24,Kyle,15274,Nicole,9911
25,Dylan,14539,Brittany,9843
26,Christian,14512,Jasmine,9484
27,Jordan,14409,Alexandra,8606
28,Samuel,13907,Sydney,8550
29,Noah,13409,Stephanie,8490
30,Benjamin,13059,Rebecca,8419
31,Thomas,12886,Anna,8378
32,Kevin,12507,Julia,8327
33,Jose,12371,Katherine,8204
34,Nathan,11584,Destiny,8153
35,Cameron,11418,Kaitlyn,7936
36,Hunter,11078,Haley,7935
37,Aaron,10547,Amber,7929
38,Ethan,10533,Allison,7861
39,Eric,9963,Courtney,7554
40,Jason,9395,Natalie,7546
41,Brian,9144,Danielle,7368
42,Caleb,9028,Jordan,7112
43,Cody,8811,Maria,6817
44,Logan,8638,Savannah,6463
45,Adam,8357,Mary,6443
46,Steven,8113,Brooke,6344
47,Connor,7905,Gabrielle,6200
48,Charles,7847,Sara,6007
49,Timothy,7845,Shelby,5893
50,Sean,7713,Madeline,5869
51,Jared,7461,Sierra,5840
52,Juan,7360,Vanessa,5830
53,Luis,7198,Kimberly,5721
54,Gabriel,7066,Grace,5719
55,Richard,6954,Michelle,5559
56,Alex,6951,Kelsey,5550
57,Patrick,6733,Erin,5472
58,Trevor,6598,Katelyn,5367
59,Isaiah,6488,Melissa,5354
60,Nathaniel,6427,Bailey,5196
61,Jack,6374,Andrea,5131
62,Devin,6217,Mariah,5085
63,Evan,6083,Paige,4975
64,Mark,5892,Mackenzie,4890
65,Isaac,5857,Jenna,4864
66,Elijah,5662,Marissa,4720
67,Chase,5562,Tiffany,4612
68,Jeremy,5541,Sabrina,4607
69,Carlos,5476,Christina,4531
70,Jesse,5440,Hailey,4472
71,Adrian,5429,Makayla,4365
72,Dakota,5401,Cheyenne,4325
73,Ian,5351,Sophia,4306
74,Bryan,5308,Laura,4294
75,Luke,5284,Caroline,4275
76,Jesus,5216,Breanna,4250
77,Cole,5148,Autumn,4208
78,Stephen,5013,Caitlin,4175
79,Antonio,4943,Briana,4152
80,Garrett,4788,Miranda,4142
81,Angel,4772,Alexandria,4008
82,Tanner,4702,Mikayla,3858
83,Mason,4657,Diana,3853
84,Spencer,4619,Isabella,3849
85,Blake,4606,Cassandra,3814
86,Kenneth,4586,Kaylee,3806
87,Seth,4586,Chloe,3793
88,Dalton,4563,Katie,3730
89,Paul,4319,Kelly,3703
90,Miguel,4255,Kathryn,3702
91,Jeffrey,4188,Claire,3641
92,Tristan,4169,Erica,3624
93,Lucas,4091,Alexa,3622
94,Bryce,4053,Chelsea,3518
95,Alejandro,4043,Jacqueline,3500
96,Marcus,4011,Amy,3485
97,Victor,3996,Lindsey,3465
98,Travis,3924,Alicia,3407
99,Brendan,3878,Heather,3397
100,Jackson,3860,Angela,3369
101,Bradley,3796,Catherine,3347
102,Jake,3785,Kristen,3347
103,Mitchell,3623,Michaela,3341
104,Taylor,3581,Shannon,3277
105,Edward,3575,Monica,3229
106,Colton,3573,Faith,3217
107,Jorge,3463,Leah,3215
108,Dustin,3444,Molly,3190
109,Gregory,3429,Angelica,3182
110,Derek,3410,Crystal,3174
111,Peter,3386,Leslie,3079
112,Alec,3356,Jamie,3065
113,Shawn,3256,Cassidy,3045
114,Jeremiah,3222,Margaret,2962
115,Corey,3201,Caitlyn,2937
116,Gavin,3193,Gabriella,2924
117,Joel,3170,Kylie,2879
118,Shane,3166,Isabel,2826
119,Devon,3146,Jada,2711
120,Dominic,3098,Kaitlin,2701
121,Vincent,3098,Meghan,2696
122,Colin,3076,Zoe,2692
123,Scott,3062,Maya,2685
124,Julian,3053,Erika,2672
125,George,3044,Jade,2657
126,Ricardo,3044,Cynthia,2632
127,Grant,3014,Veronica,2632
128,Riley,3013,Jocelyn,2581
129,Oscar,3006,Gabriela,2577
130,Collin,2987,Mia,2566
131,Xavier,2931,Summer,2558
132,Nicolas,2920,Bethany,2489
133,Brett,2885,Esmeralda,2477
134,Dillon,2838,Adriana,2475
135,Henry,2792,Melanie,2460
136,Maxwell,2791,Daisy,2448
137,Wyatt,2722,Ariana,2424
138,Malik,2694,Angel,2384
139,Francisco,2692,Selena,2278
140,Erik,2676,Carly,2264
141,Raymond,2641,Ana,2259
142,Parker,2630,Mckenzie,2243
143,Johnathan,2591,Brittney,2239
144,Cristian,2565,Karina,2235
145,Eduardo,2485,Audrey,2202
146,Omar,2451,Dominique,2159
147,Manuel,2350,Ariel,2149
148,Alexis,2317,Valerie,2142
149,Javier,2308,Brenda,2133
150,Clayton,2265,Casey,2103
151,Mario,2261,Hayley,2084
152,Wesley,2242,Karen,2073
153,Ivan,2241,Lydia,2064
154,Bailey,2240,Kendra,2035
155,Liam,2209,Rebekah,2029
156,Kaleb,2194,Alejandra,2020
157,Andres,2177,Bianca,2019
158,Levi,2162,Jillian,2015
159,Max,2156,Desiree,1999
160,Hayden,2141,Hope,1951
161,Alan,2138,Lindsay,1938
162,Darius,2131,Madelyn,1928
163,Brady,2095,Holly,1921
164,Cory,2075,Diamond,1918
165,Martin,2067,Hanna,1898
166,Fernando,2056,Riley,1877
167,Edgar,2045,Arianna,1841
168,Cesar,2000,Julie,1805
169,Gage,1998,Lily,1751
170,Casey,1975,Rachael,1744
171,Sergio,1966,Kathleen,1737
172,Roberto,1960,Kiara,1734
173,Chandler,1952,Skylar,1731
174,Harrison,1903,Lillian,1717
175,Dawson,1895,Christine,1715
176,Preston,1891,Kara,1712
177,Phillip,1887,Jasmin,1710
178,Frank,1884,Evelyn,1707
179,Owen,1872,Claudia,1706
180,Donald,1861,Patricia,1704
181,Marco,1853,Cierra,1687
182,Ronald,1846,April,1662
183,Trenton,1830,Kennedy,1658
184,Troy,1821,Alexus,1654
185,Hector,1814,Raven,1652
186,Chad,1808,Allyson,1650
187,Diego,1807,Kendall,1644
188,Drew,1803,Alison,1641
189,Carter,1800,Tara,1637
190,Keith,1785,Naomi,1628
191,Jakob,1784,Adrianna,1614
192,Conner,1776,Kristina,1611
193,Andre,1766,Whitney,1611
194,Derrick,1755,Abby,1607
195,Jonathon,1737,Daniela,1595
196,Aidan,1703,Isabelle,1591
197,Edwin,1701,Jordyn,1582
198,Sebastian,1697,Cameron,1565
199,Micah,1691,Kyra,1565
200,Pedro,1672,Brooklyn,1558
201,Dante,1670,Ashlyn,1548
202,Landon,1643,Kirsten,1547
203,Calvin,1637,Alondra,1535
204,Jalen,1587,Mallory,1525
205,Ruben,1582,Natasha,1521
206,Erick,1577,Asia,1509
207,Damian,1567,Jazmin,1479
208,Abraham,1542,Nancy,1478
209,Chance,1542,Karla,1472
210,Donovan,1541,Katelynn,1457
211,Trey,1537,Kristin,1447
212,Josiah,1525,Mckenna,1439
213,Emmanuel,1504,Marisa,1433
214,Philip,1498,Tatiana,1428
215,Griffin,1491,Amelia,1424
216,Johnny,1481,Dana,1424
217,Gerardo,1473,Madeleine,1424
218,Carson,1471,Peyton,1417
219,Jonah,1465,Jazmine,1403
220,Colby,1456,Serena,1401
221,Peyton,1451,Delaney,1400
222,Mathew,1450,Aaliyah,1399
223,Andy,1441,Guadalupe,1383
224,Armando,1426,Mercedes,1376
225,Giovanni,1418,Tessa,1376
226,Curtis,1408,Kiana,1371
227,Douglas,1402,Payton,1368
228,Jerry,1397,Sandra,1366
229,Rafael,1387,Alexia,1365
230,Skyler,1384,Lisa,1363
231,Trent,1375,Nina,1348
232,Raul,1373,Sofia,1346
233,Nolan,1364,Tori,1332
234,Gary,1345,Kylee,1307
235,Zackary,1345,Katrina,1296
236,Marcos,1341,Cindy,1293
237,Enrique,1323,Bridget,1287
238,Dennis,1318,Mya,1284
239,Allen,1314,Priscilla,1283
240,Jaime,1294,Joanna,1281
241,Zachery,1291,Savanna,1277
242,Marc,1290,Giselle,1255
243,Israel,1278,Aubrey,1252
244,Randy,1276,Deanna,1246
245,Brenden,1267,Deja,1244
246,Alberto,1238,Avery,1242
247,Avery,1237,Dakota,1242
248,Larry,1208,Kassandra,1237
249,Brent,1202,Maggie,1237
250,Julio,1192,Ciara,1232
251,Braden,1190,Alissa,1231
252,Louis,1181,Celeste,1229
253,Miles,1181,Imani,1222
254,Cooper,1177,Alana,1218
255,Tony,1177,Sophie,1216
256,Josue,1175,Ruby,1207
257,Leonardo,1160,Brandi,1202
258,Nickolas,1156,Monique,1198
259,Albert,1155,Julianna,1192
260,Carl,1146,Yesenia,1185
261,Elias,1140,Genesis,1184
262,Ty,1138,Katlyn,1183
263,Kobe,1104,Meagan,1179
264,Dominick,1096,Kyla,1177
265,Jimmy,1088,Anastasia,1176
266,Zane,1074,Gianna,1176
267,Kristopher,1073,Ashlee,1172
268,Kameron,1072,Angelina,1167
269,Drake,1057,Makenzie,1158
270,Danny,1055,Natalia,1158
271,Micheal,1053,Sidney,1141
272,Damon,1052,Kate,1139
273,Quentin,1052,Elena,1137
274,Brennan,1051,Kira,1136
275,Jarod,1045,Anne,1134
276,Tristen,1041,Sadie,1123
277,Lawrence,1040,Rosa,1122
278,Ashton,1028,Carmen,1121
279,Brock,1027,Kailey,1114
280,Darren,1027,Meredith,1111
281,Ramon,1022,Tabitha,1110
282,Jarrett,1019,Krystal,1093
283,Brayden,1015,Camille,1071
284,Joe,1008,Brandy,1058
285,Dallas,1007,Cecilia,1053
286,Nikolas,1007,Shania,1049
287,Eli,1004,Brenna,1047
288,Deandre,994,Ashleigh,1040
289,Theodore,983,Juliana,1037
290,Arthur,982,Valeria,1032
291,Arturo,982,Tiana,1028
292,Ricky,970,Bryanna,1027
293,Jeffery,965,Elise,1026
294,Alfredo,955,Logan,1026
295,Lorenzo,955,Skyler,1022
296,Lane,954,Mikaela,1021
297,Morgan,951,Rose,1019
298,Russell,951,Gina,1015
299,Tommy,951,Carolina,1010
300,Damien,950,Callie,1009
301,Simon,947,Clarissa,1005
302,Terry,945,Kasey,1004
303,Angelo,944,Denise,999
304,Myles,931,Charlotte,997
305,Keegan,928,Hunter,997
306,Tucker,920,Shayla,993
307,Saul,916,Miriam,989
308,Payton,914,Destinee,983
309,Branden,910,Teresa,981
310,Pablo,902,Cassie,979
311,Bryant,896,Tatyana,977
312,Gustavo,896,Allie,972
313,Walter,896,Linda,971
314,Kyler,885,Tia,957
315,Craig,880,Cristina,951
316,Lance,880,Ashton,945
317,Fabian,871,Baylee,944
318,Brendon,868,Krista,944
319,Rodney,865,Nadia,943
320,Terrell,862,Tyra,943
321,Bryson,860,Lacey,941
322,Corbin,847,Marina,938
323,Marvin,840,Esther,935
324,Braxton,837,Annie,917
325,Bobby,835,Raquel,911
326,Jay,833,Vivian,911
327,Maurice,832,Carolyn,901
328,Jaden,827,Tiara,899
329,Jon,827,Cheyanne,894
330,Quinn,815,Nia,891
331,Salvador,814,Gillian,890
332,Billy,813,Julissa,889
333,Conor,811,Reagan,888
334,Kody,811,Gloria,885
335,Ernesto,807,Aliyah,878
336,Cade,806,Tamara,878
337,Quinton,804,Macy,872
338,Roman,803,Renee,870
339,Eddie,795,Wendy,867
340,Emilio,789,Mariana,865
341,Ross,789,Alisha,857
342,Justice,785,Ruth,850
343,Johnathon,783,Heidi,848
344,Trevon,779,Liliana,847
345,Zackery,775,Eva,845
346,Dean,771,Colleen,843
347,Isiah,768,Josephine,840
348,Roger,768,Chelsey,832
349,Jaylen,758,Helen,832
350,Brody,751,Ava,829
351,Ismael,744,Kelsie,828
352,Desmond,741,Harley,825
353,Marshall,740,Emilee,816
354,Willie,739,Paola,812
355,Reginald,736,Tyler,810
356,Oliver,734,Kaitlynn,809
357,Marquis,732,Haylee,808
358,Skylar,730,Heaven,808
359,Grayson,725,Cara,807
360,Jayson,725,Josie,800
361,Emanuel,724,Mayra,797
362,Frederick,720,Virginia,797
363,Esteban,717,Kayleigh,793
364,Keaton,717,Marie,790
365,Todd,703,Theresa,787
366,Malcolm,702,Kassidy,784
367,Kelvin,698,Camryn,782
368,Kendall,697,Jenny,778
369,Guillermo,693,Martha,774
370,Shaun,692,Mckayla,769
371,Moises,691,Clara,763
372,Jamal,689,Jacquelyn,759
373,Zachariah,687,Janet,759
374,Terrance,680,Francesca,755
375,Davis,676,Kierra,755
376,Gerald,671,Justine,754
377,Demetrius,670,Susan,752
378,Abel,668,Felicia,749
379,Jace,667,Jessie,744
380,Triston,656,Tamia,742
381,Roy,654,Precious,741
382,Tyson,654,Elisabeth,740
383,Bruce,652,Ivy,728
384,Randall,651,Rylee,724
385,Jessie,642,Marisol,723
386,Duncan,641,Eleanor,719
387,Darian,639,Jayla,715
388,Felix,637,Pamela,714
389,Franklin,636,Carley,712
390,Steve,635,Melody,708
391,Lukas,630,Jaclyn,703
392,Orlando,629,Lucy,700
393,Clay,623,Talia,697
394,Ali,622,Lesley,695
395,Jayden,621,Daniella,692
396,Jarrod,618,Larissa,692
397,Nelson,614,Sharon,691
398,Rene,613,Tatum,690
399,Tyrone,613,Alaina,689
400,Khalil,611,Carissa,686
401,Kristian,610,Kali,686
402,Ahmad,608,Madalyn,682
403,Jamie,607,Addison,679
404,Lee,607,Noelle,678
405,Graham,600,Kaylie,673
406,Nathanael,600,Carla,668
407,Tyree,600,Lexi,665
408,Chris,599,Abbey,661
409,Devan,592,Alyson,658
410,Francis,580,Julianne,657
411,Rodolfo,579,Ella,654
412,Jerome,578,Janelle,647
413,Malachi,577,Yasmine,647
414,Weston,577,Bailee,640
415,Melvin,575,Jane,638
416,Hugo,570,Toni,637
417,Holden,562,Ally,636
418,Kendrick,562,Sonia,635
419,Cedric,552,Lizbeth,633
420,Javon,552,Carrie,629
421,Tristin,551,Lauryn,628
422,Byron,549,Makenna,627
423,Reid,548,Kaleigh,625
424,Warren,546,Tayler,623
425,Jaquan,544,Tierra,623
426,Deshawn,543,Ellen,621
427,Jarred,542,Nichole,620
428,Walker,542,Georgia,619
429,Harley,540,Karissa,619
430,Jordon,539,Haleigh,617
431,Jermaine,537,Regan,615
432,Darrell,533,Sasha,615
433,Kaden,532,Ebony,614
434,Leo,527,Arielle,612
435,Damion,526,Justice,608
436,Wayne,525,Taryn,606
437,Reed,524,Ellie,603
438,Ronnie,524,Yasmin,597
439,Trace,524,Alice,594
440,Devonte,519,Adrienne,589
441,Alvin,518,Kaylin,586
442,Marquise,517,Joy,583
443,Amir,516,Kiera,582
444,Tariq,514,Tania,582
445,Rodrigo,511,Lorena,581
446,Santiago,507,Nathalie,581
447,Wade,507,Ayanna,574
448,Beau,499,Ashlynn,572
449,Ezekiel,499,Eliza,572
450,Gilberto,498,Kelli,572
451,Tyrell,498,Britney,571
452,Allan,497,Simone,571
453,Charlie,495,Iris,570
454,Noel,495,Barbara,569
455,Felipe,494,Chasity,569
456,Tomas,494,Celine,565
457,Keenan,492,Essence,565
458,Terrence,491,Paris,565
459,Sam,490,Kiersten,562
460,Neil,489,Breana,559
461,Camron,487,Devin,559
462,Eugene,487,Maddison,559
463,Caden,486,Micaela,557
464,Alfonso,485,Ann,555
465,Reece,485,Kaila,554
466,Dale,483,Rhiannon,554
467,Elliot,482,Deborah,553
468,Harry,479,Sylvia,552
469,Stanley,473,Carlie,549
470,Donte,472,Angelique,548
471,Leonard,471,Elisa,547
472,Mauricio,471,Frances,547
473,Noe,468,Annika,544
474,Ariel,467,Leticia,541
475,Issac,462,Aimee,540
476,Leon,460,Nora,540
477,Garret,458,Tianna,540
478,Kenny,458,Viviana,540
479,Dominique,457,Janae,536
480,Davon,456,Candace,534
481,Dane,455,Hallie,534
482,Karl,455,Nikki,530
483,Ezra,451,Christian,528
484,Rogelio,451,Robyn,526
485,Ernest,450,Aileen,525
486,Mohammad,450,Alma,524
487,Bennett,449,Perla,522
488,Julius,449,Irene,520
489,Ray,446,Shayna,520
490,Jaylon,445,Marilyn,517
491,Deven,444,Hailee,516
492,Colten,442,Lesly,516
493,Marlon,442,Skye,516
494,Ramiro,442,India,514
495,Glenn,440,Alina,512
496,River,435,Kacie,512
497,Rolando,435,Savanah,512
498,Blaine,434,Fatima,511
499,Solomon,431,Johanna,511
500,Elliott,430,Clare,510
501,Mohamed,430,Kaley,510
502,Sawyer,429,Luz,510
503,Moses,425,Regina,509
504,Tylor,425,Aurora,503
505,Sterling,424,Devon,503
506,Dorian,421,Brianne,501
507,Darryl,420,Alanna,497
508,Gilbert,420,Ciera,497
509,Dwayne,419,Laurel,497
510,Jonas,413,Kailee,496
511,Gunnar,412,Montana,496
512,Tate,411,Robin,496
513,Mateo,409,Amari,495
514,Harold,407,Shyanne,492
515,Osvaldo,406,Anahi,490
516,Uriel,406,Jewel,490
517,Joey,403,Stacy,490
518,Daquan,402,Lexus,489
519,Maximilian,402,Emilie,486
520,Sheldon,401,Fiona,485
521,Wilson,400,Kelsi,483
522,Rudy,398,Lena,481
523,Camden,396,Lexie,481
524,Juwan,395,Trinity,481
525,Alonzo,394,Cristal,480
526,Mohammed,394,Elaine,480
527,Brice,391,Zaria,479
528,Coleman,391,Zoey,478
529,Kade,391,Ryan,477
530,Stefan,390,Sienna,477
531,Cordell,387,Charity,476
532,Austen,384,Bria,475
533,Adan,383,Paulina,475
534,Brennen,378,Genevieve,471
535,Cullen,374,Kenya,471
536,Sidney,374,Cora,468
537,Nigel,373,Keely,466
538,Alfred,372,Kiley,466
539,Orion,372,Maia,466
540,Deonte,371,Antonia,465
541,Efrain,371,Kellie,465
542,Quintin,370,Brooklynn,462
543,Nathanial,369,Darian,462
544,Kurt,368,Jailene,460
545,Aiden,367,Moriah,457
546,Geoffrey,367,Paula,457
547,Reese,365,Judith,454
548,Kai,363,Ericka,452
549,Addison,362,Katharine,452
550,Kolby,361,Athena,451
551,Sage,360,Maritza,451
552,Ronaldo,359,Eileen,449
553,Cyrus,357,Carina,448
554,Antoine,356,Kamryn,448
555,Darnell,354,Kayley,446
556,Jaret,354,Shawna,445
557,Joaquin,354,Mollie,442
558,Dayton,353,Cayla,439
559,Lewis,353,Destiney,439
560,Ben,352,Stacey,439
561,Gianni,351,Mireya,438
562,Leonel,351,Noemi,438
563,Kane,350,Kaylyn,437
564,Ulises,350,Eden,435
565,Clarence,349,Mariela,435
566,Vicente,349,Jaime,434
567,Davion,344,Donna,433
568,Derick,344,Alayna,431
569,Alvaro,343,Tina,431
570,Rashad,343,Halle,430
571,Devante,342,Salma,430
572,Darien,341,Tess,430
573,Dashawn,341,Marlene,429
574,Quincy,341,Leanna,428
575,Toby,341,Graciela,427
576,Coby,340,Kourtney,426
577,Humberto,340,Maribel,424
578,Will,339,Madisyn,422
579,Brad,338,Nicolette,419
580,Demarcus,338,Alisa,418
581,Isaias,338,Blanca,416
582,Dandre,333,Micah,415
583,Everett,333,Meaghan,414
584,Ralph,332,Melinda,414
585,Tevin,331,Lilly,413
586,Howard,330,Chandler,412
587,Stephon,328,Emely,412
588,Jaylin,326,Katelin,412
589,Clinton,322,Edith,411
590,Ezequiel,321,Mara,411
591,Jaron,320,Aspen,409
592,Koby,320,Karlee,408
593,Tobias,315,Araceli,407
594,Ahmed,313,Candice,407
595,Kareem,313,Destini,407
596,Dillan,312,Karli,406
597,Pierce,312,Angie,404
598,August,311,Chyna,404
599,Stephan,310,Casandra,400
600,Earl,309,Corinne,400
601,Jamison,309,Karlie,400
602,Aron,307,Tanya,399
603,Romeo,307,Abbie,398
604,Adolfo,305,Aisha,398
605,Bret,305,Juliet,397
606,Kurtis,305,Phoebe,397
607,Salvatore,303,Katarina,396
608,Kolton,302,Macey,395
609,Rory,302,Margarita,394
610,Barry,301,Reyna,393
611,Jasper,301,Rosemary,393
612,Tyrese,300,Sage,393
613,Conrad,298,Abbigail,392
614,Darion,298,Christy,392
615,Deon,298,Carlee,391
616,Bernard,297,Desirae,391
617,Devyn,296,Sarai,391
618,Dexter,296,Kathy,386
619,Forrest,296,Celia,384
620,Denzel,295,Gracie,382
621,Fredrick,295,Yvette,382
622,Kory,295,Leann,381
623,Dangelo,294,Reilly,379
624,Perry,294,Thalia,377
625,Kieran,292,Isis,376
626,Mackenzie,292,Sydnee,376
627,Roderick,290,Lyndsey,372
628,Kasey,289,Madyson,371
629,Mike,289,Karly,370
630,Braydon,288,Lucia,370
631,Markus,286,Madelynn,370
632,Stone,285,Gisselle,368
633,Darrius,284,Christa,366
634,Deangelo,283,Miracle,366
635,Agustin,281,Jazmyn,365
636,Braeden,280,Kristine,365
637,Rhett,279,Lea,365
638,Leroy,278,Taya,364
639,Ignacio,277,Sandy,361
640,Freddy,276,Lyric,360
641,Gordon,275,Annabelle,359
642,Irvin,274,Maranda,359
643,Mitchel,274,Nikita,359
644,Travon,272,Beatriz,358
645,Norman,271,Diane,358
646,Shannon,271,Cortney,357
647,Tre,271,Kacey,357
648,Jovan,270,Maegan,357
649,Keon,270,Carli,355
650,Rigoberto,270,Chelsie,355
651,Aldo,268,Kailyn,355
652,Garrison,268,Elaina,354
653,Heath,268,Kianna,353
654,Clifford,267,Malia,353
655,Moshe,267,Randi,353
656,Austyn,265,Rylie,352
657,Jamar,265,Carol,351
658,Armani,262,Anita,350
659,Keshawn,262,Alivia,349
660,Cruz,261,Allyssa,349
661,Marcel,259,Kari,349
662,Rylan,259,Estrella,348
663,Stuart,259,Sheila,348
664,Marquez,258,Celina,347
665,Dion,257,Kyleigh,347
666,Gunner,256,Bridgette,346
667,Hudson,256,Halie,346
668,Raphael,256,Tracy,346
669,Dwight,255,Anissa,345
670,Easton,254,Juliette,345
671,Elisha,254,Alexandrea,344
672,Tristian,254,Shaina,344
673,Anton,253,Rocio,343
674,Dimitri,253,Tiffani,343
675,Hassan,253,Brook,342
676,Quinten,253,Brielle,341
677,Brenton,252,Stephany,340
678,Roland,252,Aleah,339
679,Amari,251,Helena,339
680,Lamar,251,Chantel,336
681,Silas,251,Selina,336
682,Frankie,250,Jayda,335
683,Raekwon,249,Maura,335
684,Estevan,248,Lizette,334
685,Sammy,248,Joyce,332
686,Asher,247,Darby,330
687,Carlton,246,Jazlyn,330
688,Brayan,244,Susana,330
689,Donavan,244,Rachelle,329
690,Jarvis,244,Yvonne,329
691,Jaxon,244,Sally,328
692,Davonte,243,Yadira,328
693,Tyrek,243,Dulce,327
694,Daryl,242,Chanel,325
695,Zion,242,Jaqueline,325
696,Clifton,240,Kasandra,324
697,Jorden,240,Calista,323
698,Kelly,240,Madisen,322
699,Zechariah,240,Janessa,319
700,Jameson,239,Esperanza,316
701,Shamar,238,Macie,316
702,Cornelius,237,Gwendolyn,315
703,Elvis,237,Shea,315
704,Korey,237,Damaris,314
705,Talon,237,Kenzie,314
706,Chaz,236,Loren,314
707,Justyn,236,Stefanie,314
708,Guadalupe,235,Eliana,313
709,Rashawn,235,Rebeca,313
710,Arnold,234,Dorothy,312
711,Courtney,234,Alize,311
712,Declan,234,Janice,311
713,Dylon,234,Karley,311
714,Shayne,233,Elissa,310
715,Trever,232,Jeanette,309
716,Cristopher,231,Katlin,309
717,Justus,231,Bonnie,308
718,Kirk,231,Lori,308
719,Reynaldo,230,Misty,307
720,Reuben,229,Norma,307
721,Antwan,228,Brynn,306
722,Kent,228,Ayana,305
723,Jefferson,227,Kallie,305
724,Maximillian,227,Kayli,305
725,Santos,227,Kristy,305
726,Houston,226,Arlene,304
727,Muhammad,226,Kaela,304
728,Nestor,226,Brittani,303
729,Baby,225,Anika,299
730,Remington,225,Carson,299
731,Savion,225,Juanita,299
732,Brooks,224,Michele,299
733,Deondre,223,Amani,298
734,Lamont,223,Caitlynn,297
735,Clark,222,Leila,297
736,Layne,221,Aylin,296
737,Raheem,221,Hana,296
738,Alonso,220,Leilani,296
739,Jairo,220,Mikala,296
740,Darrin,218,Christiana,295
741,Glen,218,Daria,294
742,Misael,218,Shirley,293
743,Jarett,217,Shyann,293
744,Kamron,217,Kaelyn,292
745,Milton,217,Mariam,291
746,Dallin,216,Nataly,291
747,Fred,216,Gretchen,290
748,Kole,215,Itzel,290
749,Vernon,215,Tea,290
750,Elmer,214,Ansley,289
751,Jamel,214,Yolanda,288
752,Ulysses,214,Devyn,287
753,Junior,213,Marley,287
754,Madison,213,Kori,286
755,Jadon,212,Antoinette,285
756,Ladarius,212,Dallas,285
757,Tyrique,212,Daphne,284
758,Josef,211,Giovanna,284
759,Brandan,210,Raegan,284
760,Colt,210,Alessandra,283
761,German,210,Elyse,283
762,Winston,210,Berenice,282
763,Cortez,209,Jaden,282
764,Jacoby,209,Quinn,282
765,Guy,208,Annette,281
766,Neal,208,Kaci,281
767,Don,207,Kaylynn,281
768,Zakary,207,Yasmeen,281
769,Duane,206,Alena,280
770,Dequan,204,Dasia,280
771,Nash,204,Alex,279
772,Tahj,204,Fabiola,279
773,Terence,204,Jenifer,279
774,Hugh,203,Alysa,277
775,Paris,203,Jacklyn,277
776,Tyriq,202,Joselyn,277
777,Bradly,201,Makala,277
778,Clint,201,Shelbie,277
779,Darin,201,Drew,276
780,Jackie,201,Erykah,276
781,Julien,200,Leanne,276
782,Tracy,200,Kelley,275
783,Alden,196,Sonya,275
784,Denver,196,Dejah,274
785,Titus,196,Yessenia,274
786,Rohan,195,Dalia,273
787,Demarco,194,Myah,273
788,Hakeem,194,Reanna,273
789,Lonnie,194,Trisha,273
790,Adonis,193,Breanne,272
791,Bernardo,193,Alysha,271
792,Brandyn,193,Jesse,271
793,Herbert,193,Liana,270
794,Asa,192,Melina,270
795,Axel,192,Princess,270
796,Gino,192,Ali,269
797,Greyson,192,Nadine,269
798,Kellen,192,Nayeli,269
799,Keyshawn,192,Silvia,266
800,Octavio,192,Elyssa,265
801,Chaim,191,Kalie,265
802,Destin,191,Katlynn,265
803,Jordy,191,Madilyn,265
804,Maverick,191,Tasia,265
805,Pierre,191,Cecelia,264
806,Jean,190,Dawn,264
807,Deshaun,188,Lilian,264
808,Myron,188,Bryana,263
809,Thaddeus,188,Jill,263
810,Khalid,187,Kaycee,263
811,Deion,186,Emerald,262
812,Donnie,185,Kalyn,262
813,Javonte,185,Magdalena,262
814,Keven,185,Shaylee,262
815,Kristofer,185,Camila,261
816,Raymundo,185,Kaylah,261
817,Ellis,183,Tatianna,261
818,Jaleel,183,Felicity,260
819,Kevon,183,Ireland,260
820,Turner,183,Sarina,260
821,Montana,182,Tamera,260
822,Tyreek,182,Katerina,259
823,Dontae,180,Myranda,259
824,Efren,180,Starr,259
825,Grady,180,Kristi,258
826,Jamari,180,Lara,258
827,Nehemiah,179,Blair,257
828,Nick,179,Gabriel,257
829,Aubrey,178,Haylie,257
830,Freddie,178,Katy,257
831,Ibrahim,177,Ashanti,256
832,Marques,177,Darlene,256
833,Antony,176,Roxanne,256
834,Bo,176,Valentina,256
835,Bradford,176,Kinsey,255
836,Davin,176,Suzanne,255
837,Aric,175,Hayden,254
838,Gerard,175,Joelle,254
839,Landen,175,Scarlett,254
840,Simeon,175,Shana,254
841,Kordell,174,Tammy,254
842,Tyquan,174,Demi,253
843,Dakotah,173,Serenity,253
844,Darrion,173,Skyla,253
845,Dillion,173,Anya,252
846,Marcelo,173,Daija,252
847,Emmett,172,Dianna,252
848,Heriberto,172,Patience,252
849,Kelton,172,Sydnie,252
850,Omari,172,Charlene,251
851,Prince,172,Tristan,251
852,Benny,171,Aubree,250
853,Izaiah,171,Keri,250
854,Jamarcus,171,Willow,250
855,Alexandro,170,Asha,249
856,Cale,170,Emilia,249
857,Trystan,170,Tanisha,249
858,Jaren,169,Jana,248
859,Kalen,169,Jasmyn,247
860,Mikel,169,Layla,247
861,Raven,169,Shakira,247
862,Tavian,169,Adrian,246
863,Arron,168,Delia,246
864,Dewayne,168,Rita,246
865,Jacquez,168,Unique,245
866,Tyron,168,Ashly,243
867,Dominik,167,Connie,243
868,Emerson,167,Hillary,243
869,Samir,167,Lucero,243
870,Vaughn,167,Noel,243
871,Anderson,166,Shauna,243
872,Ari,166,Delilah,242
873,Benito,166,Jacey,242
874,Bronson,166,Lillie,242
875,Garett,166,Rochelle,242
876,Josh,166,Jaida,241
877,Sonny,166,Octavia,241
878,Alton,165,Daisha,240
879,Auston,165,Jena,240
880,Brant,165,Kendal,240
881,Jayce,165,Maeve,240
882,Jimmie,165,Marianna,240
883,Lincoln,165,Sydni,240
884,Lloyd,165,Alysia,239
885,Nasir,165,Jocelyne,239
886,Rick,165,Jayden,238
887,Shelby,165,Savana,238
888,Kyree,164,Iliana,237
889,Nico,164,Lourdes,237
890,Seamus,164,Odalis,237
891,Tyshawn,164,Reina,237
892,Alessandro,163,Ingrid,236
893,Fidel,163,Joanne,236
894,Draven,162,Kirstin,236
895,Johnnie,162,Marcella,236
896,Tyrik,162,Ashlie,235
897,Abdullah,161,Cali,235
898,Brennon,161,Shelbi,235
899,Markel,161,Abigayle,234
900,Andreas,160,Baby,234
901,Blaise,160,Jaelyn,234
902,Gonzalo,160,Odalys,234
903,Jaylan,160,Stevie,234
904,Jordi,160,Violet,234
905,Rickey,160,Kelsea,233
906,Markell,159,Rhianna,233
907,Phoenix,159,Shianne,233
908,Reilly,159,Stella,233
909,Brannon,158,Jodi,232
910,Dario,158,Sade,232
911,Jerrod,158,Ayla,231
912,Robin,158,Lacy,231
913,Giancarlo,157,Maci,231
914,Jacques,157,America,230
915,Lionel,157,Amira,229
916,Jabari,156,Jazmyne,229
917,Paxton,156,Justina,229
918,Jalon,155,Maricela,228
919,Royce,155,Myra,228
920,Ryder,155,Cydney,227
921,Alexandre,154,Shae,227
922,Clyde,154,Alycia,226
923,Hernan,154,Armani,226
924,Mekhi,154,Eryn,226
925,Augustus,153,Haven,226
926,Reagan,153,Martina,226
927,Devonta,152,Mattie,225
928,Gregorio,152,Vanesa,225
929,Kennedy,152,Zoie,225
930,Shemar,152,Lila,224
931,Abram,151,Monika,224
932,Branson,151,Alia,223
933,Herman,151,Eve,223
934,Jelani,151,Breonna,222
935,Jerod,151,Beatrice,220
936,Matteo,151,Beverly,220
937,Darrian,150,Catalina,220
938,Domenic,150,Constance,220
939,Giovanny,150,Harmony,220
940,Hans,150,Katia,220
941,Johan,150,Brionna,219
942,Kerry,150,Elisha,219
943,Rex,150,Hazel,219
944,Dan,149,Kortney,219
945,Hamza,149,Marlee,219
946,Infant,149,Marlena,219
947,Najee,148,Corina,218
948,Niko,148,Lexis,217
949,Chauncey,147,Nautica,217
950,Keagan,147,Chase,216
951,Nathen,147,Destany,216
952,Ishmael,146,Kameron,216
953,Jamil,146,Alyssia,215
954,Nikhil,146,Breann,215
955,Rico,146,Caleigh,215
956,Taj,146,Deasia,215
957,Amos,145,Yazmin,215
958,Brycen,145,Abril,214
959,Isidro,145,Janette,214
960,Luciano,145,Melisa,214
961,Vincenzo,145,Serina,214
962,Bishop,144,Shanice,214
963,Isai,144,Chaya,213
964,Jovani,144,Jessika,213
965,Jovany,144,Fernanda,212
966,Rasheed,144,Hadley,212
967,Dejuan,143,Yajaira,212
968,Jensen,143,Kaylan,211
969,Nicklaus,143,Lia,211
970,Abdul,142,Lizeth,211
971,Broderick,142,Janie,210
972,Deontae,142,Kia,209
973,Keanu,142,Star,209
974,Kenton,142,Kerri,208
975,Loren,142,Audra,207
976,Rahul,142,Ivana,207
977,Babyboy,141,Jayme,207
978,Floyd,141,Kenia,207
979,Tarik,141,Paloma,207
980,Valentin,141,Ryann,207
981,Darrien,140,Bobbi,206
982,Genaro,140,Cori,206
983,Kenyon,140,Debra,206
984,Keyon,140,Leeann,206
985,Leland,140,Shantel,206
986,Miguelangel,140,Tayla,206
987,Rocky,140,Kaylen,205
988,Syed,140,Jensen,204
989,Christion,139,Judy,204
990,Francesco,139,Presley,204
991,Judah,139,Samara,204
992,Stewart,139,Alexys,203
993,Trevin,139,Eboni,203
994,Barrett,138,Jaycee,203
995,Carlo,138,Jayde,203
996,Mariano,138,Kennedi,203
997,Samson,138,Raina,201
998,Kale,137,Dina,200
999,Killian,137,Elsa,200
1000,Konnor,137,Hollie,200
