1,Jacob,30568,Emily,24463
2,Michael,28246,Madison,21773
3,Joshua,25986,Hannah,18819
4,Matthew,25151,Emma,16538
5,Ethan,22108,Alexis,15636
6,Andrew,22017,Ashley,15342
7,Joseph,21891,Abigail,15297
8,Christopher,21681,Sarah,14758
9,Nicholas,21389,Samantha,14662
10,Daniel,21315,Olivia,14630
11,William,20122,Elizabeth,14600
12,Anthony,19584,Alyssa,12844
13,David,18671,Lauren,12323
14,Tyler,18264,Isabella,12166
15,Alexander,17713,Grace,12056
16,Ryan,17659,Jessica,11913
17,John,17446,Brianna,11519
18,James,16957,Taylor,11467
19,Zachary,16622,Kayla,11310
20,Brandon,16274,Anna,10385
21,Jonathan,15509,Victoria,9782
22,Justin,14902,Megan,9209
23,Dylan,14819,Sydney,9034
24,Christian,14591,Rachel,8923
25,Samuel,14559,Chloe,8899
26,Austin,14537,Jasmine,8866
27,Benjamin,13478,Sophia,8664
28,Nathan,13220,Jennifer,8537
29,Logan,12971,Morgan,8432
30,Jose,12861,Natalie,8350
31,Noah,12066,Hailey,7991
32,Gabriel,12052,Kaitlyn,7980
33,Kevin,12043,Julia,7963
34,Robert,12024,Destiny,7801
35,Caleb,11657,Haley,7454
36,Thomas,11291,Katherine,7212
37,Jordan,11147,Nicole,6974
38,Hunter,11083,Alexandra,6936
39,Cameron,10336,Savannah,6580
40,Kyle,10062,Maria,6382
41,Elijah,10050,Mackenzie,6267
42,Jason,9954,Stephanie,6266
43,Aaron,9001,Mia,6257
44,Jack,8998,Allison,6240
45,Isaiah,8962,Jordan,6151
46,Luke,8692,Amanda,6133
47,Connor,8410,Jenna,5664
48,Isaac,8305,Faith,5524
49,Angel,8185,Makayla,5476
50,Jackson,8152,Paige,5467
51,Brian,8082,Mary,5460
52,Eric,7927,Brooke,5338
53,Mason,7878,Katelyn,5265
54,Juan,7817,Rebecca,5212
55,Adam,7749,Andrea,5117
56,Evan,7384,Madeline,5113
57,Luis,7377,Kaylee,4981
58,Charles,7207,Michelle,4949
59,Sean,7029,Sara,4938
60,Aidan,6952,Zoe,4886
61,Gavin,6951,Kylie,4832
62,Nathaniel,6812,Sierra,4805
63,Alex,6806,Kimberly,4789
64,Bryan,6615,Aaliyah,4778
65,Carlos,6586,Amber,4723
66,Jesus,6366,Gabrielle,4668
67,Ian,6361,Caroline,4655
68,Steven,6216,Vanessa,4453
69,Cole,6035,Alexa,4401
70,Timothy,6017,Trinity,4384
71,Cody,5934,Danielle,4204
72,Seth,5738,Erin,4144
73,Adrian,5681,Autumn,4103
74,Devin,5438,Angelina,3976
75,Lucas,5381,Shelby,3961
76,Blake,5357,Gabriella,3910
77,Richard,5317,Riley,3905
78,Julian,5223,Jada,3898
79,Patrick,5152,Lily,3834
80,Sebastian,5137,Melissa,3766
81,Trevor,5060,Jacqueline,3752
82,Chase,4858,Ava,3750
83,Dominic,4854,Angela,3711
84,Jared,4835,Bailey,3661
85,Antonio,4726,Isabel,3650
86,Jeremiah,4716,Jade,3630
87,Jaden,4648,Leah,3602
88,Xavier,4647,Courtney,3580
89,Miguel,4642,Ella,3560
90,Jesse,4430,Maya,3543
91,Garrett,4356,Leslie,3522
92,Alejandro,4355,Jocelyn,3521
93,Mark,4222,Ariana,3490
94,Owen,4188,Melanie,3483
95,Jeremy,4164,Claire,3405
96,Hayden,4141,Lillian,3396
97,Bryce,4067,Christina,3386
98,Diego,3977,Evelyn,3371
99,Riley,3959,Marissa,3318
100,Victor,3931,Audrey,3306
101,Jayden,3853,Catherine,3291
102,Jake,3790,Briana,3262
103,Tristan,3724,Katie,3225
104,Kenneth,3663,Breanna,3197
105,Carson,3599,Alexandria,3146
106,Marcus,3543,Laura,3143
107,Dakota,3485,Molly,3119
108,Carter,3480,Kathryn,3105
109,Jorge,3457,Angel,3097
110,Spencer,3448,Amy,3095
111,Kaleb,3446,Isabelle,3063
112,Tanner,3446,Sofia,3059
113,Liam,3381,Daniela,3026
114,Stephen,3347,Arianna,2964
115,Henry,3329,Ashanti,2945
116,Colin,3315,Gabriela,2915
117,Dalton,3282,Diana,2905
118,Paul,3257,Kelsey,2882
119,Edward,3242,Kelly,2852
120,Oscar,3233,Madelyn,2851
121,Wyatt,3232,Alicia,2818
122,Joel,3186,Lindsey,2815
123,Vincent,3186,Caitlin,2741
124,Brendan,3141,Mikayla,2738
125,Colby,3118,Jillian,2734
126,Parker,3097,Cassandra,2731
127,Grant,3076,Cheyenne,2711
128,Colton,3047,Alexia,2691
129,Maxwell,3036,Margaret,2674
130,Shane,3030,Mariah,2670
131,George,3016,Cassidy,2633
132,Jeffrey,2999,Avery,2588
133,Eduardo,2957,Lizbeth,2569
134,Peter,2867,Ana,2534
135,Aiden,2832,Sabrina,2530
136,Ivan,2811,Kennedy,2512
137,Nicolas,2810,Lydia,2500
138,Brayden,2809,Daisy,2456
139,Derek,2786,Amelia,2441
140,Gage,2746,Tiffany,2397
141,Francisco,2741,Skylar,2391
142,Landon,2723,Adriana,2383
143,Ricardo,2708,Mckenzie,2340
144,Travis,2702,Erica,2303
145,Jalen,2686,Mya,2281
146,Cristian,2685,Angelica,2273
147,Brady,2659,Miranda,2271
148,Collin,2656,Caitlyn,2266
149,Bradley,2644,Sophie,2245
150,Alan,2623,Karen,2222
151,Omar,2621,Summer,2213
152,Shawn,2615,Brooklyn,2209
153,Caden,2601,Gracie,2155
154,Josiah,2567,Crystal,2143
155,Preston,2515,Valerie,2104
156,Erik,2460,Kiara,2103
157,Andres,2438,Jordyn,2098
158,Javier,2435,Ashlyn,2077
159,Fernando,2423,Heather,2066
160,Devon,2394,Hope,2053
161,Alexis,2379,Kylee,2009
162,Cesar,2367,Alondra,1996
163,Damian,2345,Gianna,1984
164,Manuel,2325,Jamie,1969
165,Max,2319,Abby,1961
166,Jonah,2312,Erika,1959
167,Levi,2311,Karina,1959
168,Braden,2291,Naomi,1956
169,Gregory,2277,Bianca,1954
170,Mario,2263,Brittany,1936
171,Johnathan,2262,Juliana,1926
172,Nolan,2232,Veronica,1908
173,Micah,2224,Natalia,1882
174,Kaden,2220,Meghan,1862
175,Edgar,2195,Karla,1840
176,Raymond,2177,Cynthia,1831
177,Mitchell,2172,Mckenna,1795
178,Clayton,2160,Bethany,1792
179,Edwin,2145,Chelsea,1784
180,Trenton,2119,Monica,1778
181,Corey,2105,Delaney,1765
182,Erick,2052,Jasmin,1758
183,Wesley,2050,Payton,1758
184,Emmanuel,2032,Shannon,1757
185,Marco,2026,Julianna,1748
186,Scott,2026,Kristen,1715
187,Sergio,2020,Kyla,1705
188,Roberto,1993,Peyton,1702
189,Dustin,1982,Nevaeh,1698
190,Taylor,1964,Maggie,1697
191,Donovan,1963,Alejandra,1694
192,Martin,1959,Hayley,1670
193,Dawson,1953,Kate,1668
194,Hector,1941,Hanna,1652
195,Cooper,1931,Kendall,1642
196,Conner,1926,Aubrey,1641
197,Eli,1925,Valeria,1636
198,Brett,1867,Makenzie,1624
199,Harrison,1866,Reagan,1623
200,Ashton,1853,Ellie,1619
201,Dillon,1847,Rylee,1615
202,Giovanni,1841,Michaela,1614
203,Jakob,1836,Aliyah,1605
204,Abraham,1797,Charlotte,1602
205,Peyton,1764,Esmeralda,1598
206,Alec,1748,Carly,1590
207,Andy,1717,Diamond,1579
208,Cade,1715,Ruby,1579
209,Andre,1698,Jazmin,1573
210,Malachi,1672,Jayla,1570
211,Malik,1659,Rebekah,1570
212,Damien,1652,Sadie,1561
213,Trey,1610,Brenda,1550
214,Ty,1609,Desiree,1549
215,Jaylen,1598,Ariel,1548
216,Frank,1588,Nadia,1499
217,Drew,1575,Giselle,1478
218,Elias,1574,Julie,1468
219,Ruben,1571,Kaitlin,1456
220,Josue,1566,Addison,1455
221,Calvin,1560,Macy,1446
222,Skyler,1558,Adrianna,1445
223,Zane,1557,Kara,1402
224,Dominick,1555,Claudia,1396
225,Pedro,1554,Alana,1391
226,Phillip,1551,Kyra,1388
227,Ronald,1519,Kendra,1386
228,Griffin,1472,Genesis,1372
229,Bryson,1471,Jazmine,1364
230,Leonardo,1460,Holly,1362
231,Trent,1453,Nancy,1362
232,Rafael,1452,Alison,1360
233,Chance,1449,Elena,1358
234,Gerardo,1442,Allyson,1348
235,Johnny,1438,Britney,1345
236,Derrick,1437,Savanna,1345
237,Darius,1422,Raven,1339
238,Chandler,1417,Elise,1335
239,Miles,1416,Eva,1333
240,Raul,1406,Joanna,1333
241,Casey,1398,Jaden,1324
242,Simon,1397,Makenna,1323
243,Armando,1393,Nina,1319
244,Kobe,1392,Serena,1306
245,Avery,1387,Guadalupe,1296
246,Allen,1378,Fatima,1288
247,Marcos,1327,Selena,1288
248,Keith,1324,Haylee,1281
249,Troy,1301,Vivian,1275
250,Enrique,1300,Katelynn,1271
251,Israel,1297,Camryn,1269
252,Donald,1289,Cierra,1269
253,Keegan,1284,Mallory,1259
254,Zackary,1275,April,1252
255,Julio,1273,Lindsay,1241
256,Payton,1273,Mariana,1241
257,Dante,1268,Cameron,1236
258,Jaime,1262,Cindy,1219
259,Brenden,1240,Liliana,1211
260,Kameron,1233,Lucy,1210
261,Lance,1232,Kathleen,1208
262,Alberto,1229,Wendy,1208
263,Philip,1201,Nayeli,1206
264,Brock,1190,Josephine,1198
265,Gustavo,1177,Anastasia,1192
266,Drake,1169,Asia,1190
267,Jimmy,1169,Camille,1187
268,Oliver,1166,Zoey,1182
269,Jonathon,1161,Cecilia,1170
270,Danny,1157,Skyler,1162
271,Fabian,1150,Kassandra,1161
272,Louis,1142,Yesenia,1160
273,Mathew,1122,Kristina,1159
274,Brennan,1121,Sandra,1139
275,Cory,1119,Ashleigh,1138
276,Kai,1107,Heaven,1134
277,Kyler,1107,Kira,1126
278,Angelo,1085,Kirsten,1126
279,Brody,1083,Katrina,1115
280,Dennis,1081,Patricia,1113
281,Jace,1070,Josie,1109
282,Tony,1070,Miriam,1102
283,Marc,1069,Amaya,1099
284,Gary,1043,Kailey,1092
285,Roman,1041,Priscilla,1089
286,Camden,1039,Tori,1085
287,Jerry,1038,Tatiana,1078
288,Arturo,1032,Bridget,1075
289,Saul,1028,Carolina,1073
290,Damon,1027,Serenity,1073
291,Curtis,1024,Layla,1072
292,Corbin,1020,Madeleine,1069
293,Randy,1017,Mercedes,1068
294,Emanuel,1014,Tessa,1063
295,Pablo,1011,Tara,1061
296,Tucker,999,Esther,1046
297,Lorenzo,987,Melody,1045
298,Albert,983,Jayden,1044
299,Lane,981,Kiana,1042
300,Theodore,975,Rachael,1041
301,Myles,970,Alissa,1034
302,Darren,969,Casey,1031
303,Alfredo,958,Christine,1026
304,Bryant,952,Natasha,1026
305,Douglas,952,Clara,1024
306,Larry,952,Carmen,1019
307,Tyson,932,Lauryn,1013
308,Grayson,929,Celeste,1010
309,Chad,928,Alaina,1002
310,Jaxon,920,Paola,1000
311,Joe,917,Bryanna,979
312,Quinn,914,India,978
313,Maximus,912,Annie,974
314,Axel,910,Shayla,974
315,Melvin,904,Brittney,972
316,Tristen,902,Halle,971
317,Nickolas,891,Alexus,968
318,Lukas,889,Imani,966
319,Ali,869,Eleanor,961
320,Ramon,868,Nia,961
321,Santiago,863,Denise,956
322,Ayden,861,Heidi,954
323,Zachery,855,Dakota,950
324,Ernesto,853,Kayleigh,945
325,Bailey,851,Anne,940
326,Arthur,844,Sidney,939
327,Russell,838,Marisa,933
328,Kristopher,837,Brenna,924
329,Braxton,836,Logan,922
330,Jayson,833,Rose,922
331,Walter,833,Annabelle,917
332,Justice,832,Emilee,912
333,Zion,828,Lilly,911
334,Jay,825,Ciara,904
335,Esteban,817,Callie,903
336,Moises,817,Daniella,903
337,Emilio,815,Ruth,900
338,Ismael,809,Dana,893
339,Leo,809,Kassidy,888
340,Dallas,804,Helen,875
341,Ricky,801,Rosa,873
342,Tommy,801,Harley,871
343,Salvador,799,Clarissa,870
344,Marvin,797,Cristina,868
345,Lawrence,794,Kamryn,867
346,Ezekiel,791,Annika,858
347,Micheal,791,Fiona,858
348,Camron,785,Deanna,855
349,Carl,784,Ashlynn,851
350,Reece,780,Whitney,851
351,Quentin,777,Jadyn,848
352,Mauricio,775,Ashlee,843
353,Abel,774,Yasmin,843
354,Mateo,766,Jenny,840
355,Brayan,761,Hallie,836
356,Jaheim,752,Meredith,833
357,Isiah,746,Madalyn,832
358,Nikolas,744,Anahi,830
359,Amir,743,Eliza,830
360,Braeden,741,Lisa,830
361,Jeffery,734,Dominique,829
362,Brent,727,Kristin,829
363,Jamal,726,Elisabeth,824
364,Deandre,725,Eden,823
365,Jon,723,Carolyn,820
366,Kade,717,Paulina,820
367,Marshall,717,Sasha,810
368,Branden,714,Talia,810
369,Rodney,714,Hailee,801
370,Hugo,713,Virginia,801
371,Dean,711,Allie,800
372,Morgan,709,Laila,800
373,Orlando,708,Julissa,797
374,Jaiden,705,Tamara,797
375,Cayden,699,Kaylie,791
376,Jarrett,699,Teresa,787
377,Maurice,697,Tiana,785
378,Chris,688,Ashton,782
379,Craig,688,Georgia,782
380,Terry,686,Alayna,779
381,Weston,685,Gloria,779
382,Eddie,680,Iris,772
383,Skylar,680,Linda,769
384,Kolby,676,Marina,768
385,Roger,676,Angie,767
386,Conor,675,Aniya,763
387,Jaylin,675,Carla,763
388,Reese,675,Gillian,761
389,Keaton,670,Raquel,755
390,Davis,667,Jayda,754
391,Kody,664,Tabitha,754
392,Rodrigo,664,Tatum,752
393,Trevon,663,Eliana,745
394,Felix,661,Emely,745
395,Zachariah,660,Krystal,742
396,Kelvin,659,Marisol,739
397,Jessie,653,Genevieve,737
398,Jaylon,646,Regan,737
399,Bobby,644,Kaitlynn,731
400,Brendon,643,Kiley,730
401,Shaun,635,Noelle,727
402,Javon,627,Justice,725
403,Julius,627,Lexi,722
404,Ahmad,626,Ivy,721
405,Guillermo,626,Baylee,717
406,Walker,622,Lesly,717
407,Quinton,620,Francesca,715
408,Aldo,618,Alisha,710
409,Nelson,618,Monique,709
410,Zackery,618,America,704
411,Graham,617,Tania,702
412,Holden,614,Aniyah,700
413,Issac,614,Gina,700
414,Johnathon,609,Izabella,700
415,Jadon,604,Perla,700
416,Charlie,599,Martha,699
417,Clay,596,Jane,696
418,Osvaldo,595,Katlyn,694
419,Dorian,586,Renee,694
420,Rene,586,Carissa,691
421,Demetrius,584,Haleigh,691
422,Desmond,583,Madisyn,691
423,Khalil,583,Precious,689
424,Reginald,583,Deja,687
425,Billy,582,Marie,684
426,Malcolm,581,Sage,683
427,Frederick,580,Bella,682
428,Quincy,580,Malia,682
429,Damion,579,Cheyanne,681
430,Nasir,579,Alivia,677
431,Silas,579,Amari,677
432,Harley,577,Jessie,675
433,Blaine,576,Alina,670
434,Jonas,573,Kaleigh,670
435,Davion,572,Phoebe,665
436,Elliot,570,Tia,665
437,Willie,569,Aurora,664
438,Ezra,566,Jaqueline,664
439,Roy,564,Kyleigh,662
440,Terrance,563,Leilani,660
441,Declan,562,Rylie,660
442,Sam,558,Itzel,659
443,Adan,556,Madyson,659
444,Gerald,556,Alice,654
445,Bennett,555,Skye,648
446,Reid,551,Alyson,647
447,Jermaine,550,Viviana,647
448,Kenny,550,Piper,643
449,Noel,548,Gisselle,638
450,Uriel,548,Leila,638
451,Felipe,544,Mckayla,638
452,Steve,544,Meagan,638
453,Tyrese,543,Nyla,637
454,Nathanael,539,Ainsley,636
455,Tate,535,Camila,635
456,Dane,534,Fernanda,630
457,Kristian,533,Janet,630
458,Alvin,528,Emilie,624
459,Emiliano,528,Jacquelyn,621
460,Solomon,526,Karissa,621
461,Kendall,524,Yasmine,620
462,Tomas,523,Brooklynn,618
463,Noe,517,Paris,617
464,Triston,516,Reese,614
465,Aden,514,Johanna,612
466,Bruce,510,Cora,606
467,Moses,509,Taryn,605
468,Wilson,509,Shania,604
469,Todd,508,Susan,604
470,Franklin,507,Lacey,602
471,Cyrus,506,Abbey,600
472,Amari,505,Nora,600
473,Terrell,503,Ayanna,596
474,Rylan,500,Krista,595
475,Toby,500,Macie,594
476,Landen,497,Ellen,590
477,Allan,495,Joy,590
478,Darian,487,Kaylin,587
479,Rogelio,487,Kiersten,586
480,Hudson,483,Cara,584
481,Cedric,481,Janelle,584
482,Maximilian,481,Liberty,584
483,Asher,478,Kiera,583
484,Jasper,478,Abbigail,578
485,Jaquan,476,Anya,578
486,Byron,473,Tamia,578
487,Duncan,472,Araceli,573
488,Jerome,472,Carley,572
489,Stanley,472,Destinee,572
490,Tristin,472,Mikaela,571
491,Leon,471,Kasey,566
492,Kendrick,469,Alanna,565
493,Alfonso,468,Dulce,564
494,Reed,468,Kierra,564
495,Dale,466,Ryleigh,560
496,Joaquin,466,Brandy,559
497,Francis,464,Elisa,559
498,Dayton,463,Angelique,557
499,Sawyer,463,Stella,556
500,Coby,462,Maddison,554
501,Marquis,456,Litzy,551
502,Kayden,454,Mayra,551
503,Beau,452,Athena,549
504,Mohamed,452,Willow,545
505,Rodolfo,452,Charity,543
506,Ramiro,451,Kaley,543
507,Tyrone,451,Jaiden,541
508,Ahmed,448,Anika,538
509,Joey,448,Lorena,538
510,Deven,447,Larissa,536
511,Johan,447,Sharon,536
512,Marlon,447,Irene,534
513,Randall,443,Kailee,534
514,Ariel,441,Sylvia,532
515,Devan,441,Theresa,532
516,Braydon,439,Tiara,532
517,Lee,439,Pamela,530
518,Pierce,438,Sarai,528
519,Harry,437,Madelynn,527
520,Rohan,437,Miracle,527
521,Trace,437,Ann,525
522,Gilberto,434,Janae,524
523,Alonzo,433,Raegan,524
524,Jaydon,430,Lucia,523
525,Luca,430,Tyler,523
526,Kaiden,428,Brandi,522
527,Warren,427,Elaina,522
528,Jamie,425,Bailee,521
529,Ross,425,Jaclyn,521
530,Tobias,424,Sonia,519
531,Jude,423,Ryan,518
532,Mohammad,422,Abbie,514
533,Zander,420,Maia,512
534,Omarion,418,Rhiannon,511
535,Tyrell,418,Shakira,511
536,Elliott,417,Jaelyn,510
537,Rolando,417,Kelsie,510
538,Wayne,417,Marlene,509
539,Wade,414,Cassie,508
540,Easton,413,Alma,507
541,Jayce,409,Lena,507
542,Leonel,407,Emilia,506
543,Ulises,407,Marilyn,506
544,Xander,407,Aileen,505
545,Ben,406,Joselyn,505
546,Mekhi,406,Simone,503
547,Darrell,405,Colleen,500
548,Eugene,405,Kaya,499
549,Will,403,Felicity,498
550,Addison,401,Jimena,497
551,Isaias,401,Kali,495
552,Ronnie,401,Barbara,493
553,Jordon,400,Kenya,493
554,Coleman,399,Kaila,491
555,Jarod,399,Melina,489
556,Kieran,399,Lexie,487
557,Vicente,399,Aspen,482
558,Gunnar,398,Eve,478
559,Ezequiel,397,Deborah,474
560,Terrence,397,Nataly,474
561,Deshawn,396,Hunter,472
562,Leonard,396,Aimee,471
563,Colten,395,Carlie,471
564,Izaiah,394,Lesley,471
565,Rudy,393,Isis,470
566,Jamari,388,Maritza,468
567,Romeo,388,Chasity,466
568,Adolfo,386,Madilyn,466
569,Savion,386,Daphne,465
570,Kolton,385,Tanya,464
571,Mohammed,385,Edith,459
572,Garret,383,Hailie,456
573,Tyree,382,Adrienne,455
574,Neil,381,Julianne,455
575,Sage,380,Macey,454
576,Alvaro,378,Gwendolyn,453
577,Dominique,378,Arielle,452
578,Dominik,377,Felicia,452
579,Koby,377,Justine,452
580,Ray,376,Shyanne,449
581,Jaxson,373,Reyna,446
582,Efrain,372,Ally,444
583,Brennen,367,Haylie,444
584,Orion,367,Kaia,444
585,Jaron,365,Brynn,443
586,Maximiliano,365,Judith,441
587,Keenan,364,Zaria,440
588,Harold,363,Lilian,439
589,Sterling,357,Kailyn,438
590,Everett,354,Zoie,438
591,Ernest,352,Luz,437
592,Gilbert,351,Nathalie,437
593,Davon,350,Juliette,435
594,Lewis,349,Noemi,435
595,Humberto,348,Tianna,434
596,Mike,342,Annette,433
597,Salvatore,342,Clare,433
598,Rashad,341,Janiya,433
599,Titus,340,Helena,432
600,Agustin,339,Kaylyn,430
601,Donte,338,Savanah,429
602,Elisha,336,Juliet,428
603,Jett,335,Valentina,426
604,Yahir,334,Ximena,424
605,Brice,333,Chelsey,423
606,Darryl,332,Esperanza,423
607,Dashawn,331,Thalia,423
608,Julien,330,Mara,421
609,Karl,330,Tatyana,420
610,Lincoln,329,Hayden,418
611,River,329,Skyla,418
612,Darien,327,Violet,418
613,Kole,327,Elle,417
614,Grady,325,Tess,417
615,Dwayne,323,Nyah,416
616,Glenn,321,Frances,414
617,Phoenix,321,Lila,414
618,Jamar,320,Paula,414
619,Cullen,318,Breana,412
620,Jameson,318,Jolie,412
621,Kadin,318,Hana,411
622,Alonso,316,Jazlyn,411
623,Jairo,316,Teagan,411
624,Kareem,316,Lisbeth,409
625,Keon,316,Cristal,408
626,Antoine,315,Regina,408
627,Jair,315,Laney,407
628,Elvis,314,Aisha,406
629,Quintin,314,Jaida,405
630,Ralph,312,Alisa,404
631,Davin,311,Marley,404
632,Devonte,311,Amya,403
633,Junior,311,Rosemary,403
634,Moshe,311,Isabela,402
635,Nathanial,307,Lara,402
636,Cristopher,306,Haven,401
637,Gunner,305,Antonia,399
638,Ignacio,305,Elaine,399
639,Roderick,305,Karli,398
640,Kane,304,Keely,397
641,Cruz,302,Micah,397
642,Freddy,302,Nya,397
643,Aron,301,Alessandra,393
644,Keshawn,301,Yadira,393
645,Jamison,298,Carlee,392
646,Irvin,297,Leticia,391
647,Justus,297,Janessa,390
648,Judah,295,Toni,390
649,Talon,295,Kaelyn,389
650,Shamar,292,Nichole,389
651,Anton,290,Celia,388
652,Jagger,288,Kaiya,388
653,Markus,288,Lillie,388
654,Nehemiah,288,Carina,386
655,Kamron,286,Halie,386
656,Zechariah,285,Kenzie,386
657,Alfred,284,Mollie,386
658,Derick,284,Stacy,386
659,Ibrahim,284,Sydnee,386
660,Muhammad,284,Aracely,385
661,Garrison,283,Cayla,385
662,Stefan,283,Corinne,385
663,Marquise,282,Sienna,385
664,Anderson,281,Karlee,383
665,August,281,Lea,382
666,Devyn,281,Harmony,381
667,Nigel,280,Eileen,380
668,Daquan,279,Tina,380
669,Rhett,279,Anaya,379
670,Kurt,278,Lana,379
671,Asa,277,Mariam,377
672,Reynaldo,276,Stephany,376
673,Heath,275,Donna,375
674,Keyshawn,275,Laurel,375
675,Gordon,274,Amani,372
676,Josh,274,Tyra,372
677,Sidney,274,Ebony,371
678,Donavan,270,Leanna,371
679,Karson,270,Mariela,371
680,Kellen,270,Ansley,370
681,Raphael,270,Jewel,370
682,Caiden,269,Kelli,368
683,Jarred,267,Ayana,367
684,Alijah,266,Montana,366
685,Zakary,266,Taliyah,366
686,Howard,265,Lizeth,365
687,Sheldon,265,Melany,365
688,Octavio,264,Monserrat,365
689,Porter,264,Tayler,365
690,Rigoberto,264,Adeline,364
691,Layne,263,Giovanna,364
692,Clarence,262,Jazmyn,364
693,Darnell,262,Brisa,362
694,Deon,262,Kathy,362
695,Jean,261,Kianna,362
696,Milton,259,Presley,362
697,Misael,258,Desirae,359
698,Rory,258,Estefania,359
699,Omari,256,Arely,358
700,Dillan,255,Joyce,358
701,Emmett,255,Chaya,357
702,Jaylan,255,Bria,356
703,Brodie,254,Karlie,356
704,Demarcus,254,Estrella,355
705,Jabari,254,Kennedi,355
706,Greyson,253,Delilah,354
707,Jefferson,253,Jenifer,354
708,Kenyon,253,Shayna,354
709,Denzel,252,Aubree,352
710,Darion,249,Maeve,350
711,Gianni,249,Brielle,349
712,Keyon,249,Ciera,348
713,Alessandro,248,Tierra,348
714,Ari,248,Annabella,347
715,Jaeden,248,Blanca,347
716,Kevon,248,Lia,346
717,Nico,248,Penelope,346
718,Dandre,247,Destiney,344
719,Alexandro,246,Yvette,344
720,Amarion,246,Myah,342
721,Draven,246,Shyann,341
722,Gael,246,Ingrid,340
723,Ryder,246,Sheila,339
724,Clinton,245,Casandra,338
725,Isai,245,Damaris,336
726,Keagan,245,Quinn,336
727,Santos,245,Aleah,335
728,Gaven,243,Katarina,335
729,Gonzalo,242,Maci,334
730,Lamar,242,Maribel,334
731,Camren,241,Alena,333
732,Geoffrey,240,Annalise,333
733,Jarrod,240,Margarita,333
734,Korey,239,Kayley,332
735,Brycen,238,Shaniya,332
736,Roland,238,Aria,331
737,Dallin,237,Kasandra,331
738,Brooks,236,Sydni,331
739,Tariq,236,Candace,329
740,Jahiem,235,Cecelia,328
741,Dangelo,234,Lyric,328
742,Maximillian,234,Nikki,328
743,Shannon,234,Aliya,327
744,Thaddeus,233,Alize,326
745,Cale,232,Gia,326
746,Conrad,232,Abigayle,325
747,Frankie,232,Janice,325
748,Brad,231,Katelin,324
749,Quinten,231,Marianna,323
750,Xzavier,231,Iyana,321
751,Abdullah,230,Lola,321
752,Braiden,230,Micaela,321
753,Semaj,230,Yazmin,321
754,Austyn,228,Carrie,320
755,Perry,228,Greta,319
756,Stephan,228,Nicolette,319
757,Waylon,228,Susana,319
758,Baby,227,Amira,318
759,Hamza,227,Frida,318
760,Reuben,227,Salma,318
761,Bernard,226,Sandy,317
762,German,226,Arlene,316
763,Kelton,226,Evelin,316
764,Alexzander,225,Dayana,315
765,Hassan,225,Parker,315
766,Rocco,225,Elyse,314
767,Sincere,225,Hazel,314
768,Elmer,224,Mattie,314
769,Giancarlo,224,Stacey,314
770,Jacoby,224,Lexus,313
771,Ronaldo,224,Liana,313
772,Travon,224,Devin,311
773,Emerson,223,Christian,310
774,Guadalupe,223,Makena,306
775,Reagan,223,Calista,305
776,Armani,222,Reilly,305
777,Cael,222,Kellie,303
778,Jovan,222,Celine,302
779,Khalid,222,Anissa,301
780,Gideon,221,Kaliyah,301
781,Jaren,221,Kayli,301
782,Joan,221,Shaylee,301
783,Shea,221,Destini,300
784,Antony,220,Kaylynn,300
785,Bruno,220,Lilliana,300
786,Darin,220,Maura,300
787,Darrius,219,Aiyana,299
788,Dimitri,219,Elissa,299
789,Tristian,219,Kacie,299
790,Deonte,218,Amara,297
791,Jamel,218,Ayla,297
792,Jorden,218,Jaylin,297
793,Winston,218,Karly,297
794,Blaze,217,Dasia,296
795,Javion,217,Kendal,295
796,Matteo,217,Catalina,294
797,Estevan,216,Iliana,294
798,Jovani,216,Joslyn,294
799,Maverick,216,Shea,294
800,Tre,216,Carson,293
801,Seamus,215,Taniya,293
802,Blaise,214,Belen,292
803,Isaak,214,Jacey,292
804,Leroy,214,Lizette,291
805,Finn,213,Rocio,291
806,Heriberto,213,Scarlett,290
807,Keanu,212,Fabiola,288
808,Clark,211,Alysa,286
809,Milo,210,Jamya,286
810,Destin,209,Katharine,286
811,Jordy,209,Kenna,286
812,Sonny,209,Rayna,286
813,Chaz,208,Aryanna,285
814,Norman,208,Christy,285
815,Ulysses,208,Gretchen,285
816,Elian,206,Aliza,284
817,Korbin,206,Annabel,284
818,Austen,205,Cali,284
819,Deangelo,205,Celina,284
820,Dexter,205,Jaliyah,284
821,Rowan,205,Raina,284
822,Braedon,204,Ashly,283
823,Reilly,204,Elsa,283
824,Ronan,203,Ericka,283
825,Trevion,203,Jalyn,283
826,Justyn,202,Jaycee,283
827,Treyton,202,Tracy,283
828,Earl,201,Diane,282
829,Stone,201,Robyn,282
830,Yosef,201,Emmalee,281
831,Adrien,200,Kenia,281
832,Dion,200,Devon,280
833,Fredrick,200,Emerson,280
834,Nick,200,Miah,280
835,Sammy,200,Denisse,279
836,Tylor,200,Jasmyn,278
837,Brenton,199,London,278
838,Kurtis,199,Savana,278
839,Keven,198,Danna,277
840,Samir,198,Abigale,276
841,Abram,197,Jaidyn,275
842,Augustus,197,Madisen,275
843,Clifford,197,Berenice,274
844,Lawson,197,Bryana,274
845,Paxton,197,Carol,273
846,Vance,197,Essence,273
847,Nestor,196,Kaylah,272
848,Bernardo,195,Kourtney,272
849,Colt,195,Moriah,271
850,Dario,195,Rianna,271
851,Jakobe,195,Robin,271
852,Josef,195,Vanesa,271
853,Kennedy,195,Christa,270
854,Marcel,195,Jaime,270
855,Deshaun,194,Makaila,270
856,Forrest,194,Alia,269
857,Nathen,194,Christiana,269
858,Tavion,194,Keyla,269
859,Barry,193,Meadow,269
860,Kian,193,Princess,268
861,Benny,192,Roxana,268
862,Cornelius,192,Mireya,267
863,Domenic,192,Anita,266
864,Gavyn,192,Brianne,265
865,Shayne,192,Giana,265
866,Hugh,191,Jaylynn,265
867,Aditya,190,Beatriz,263
868,Adonis,189,Dorothy,263
869,Bret,189,Joana,263
870,Cordell,189,Patience,263
871,Stuart,189,Tristan,263
872,Aryan,188,Sally,262
873,Jadyn,188,Selina,262
874,Marcelo,188,Carli,261
875,Irving,187,Hadley,261
876,Kylan,187,Rebeca,261
877,Lamont,187,Sarahi,261
878,London,187,Shirley,259
879,Nash,187,Jailyn,258
880,Trever,187,Noelia,257
881,Fred,186,Priscila,257
882,Houston,186,Abagail,256
883,Latrell,186,Dylan,256
884,Kelly,185,Maleah,256
885,Remington,185,Alexandrea,255
886,Oswaldo,184,Shreya,255
887,Tyshawn,184,Jana,254
888,Chaim,183,Kallie,254
889,Efren,183,Elyssa,253
890,Samson,183,Sarina,253
891,Jaheem,182,Ashtyn,252
892,Nikhil,182,Lyndsey,252
893,Zaire,182,Sky,252
894,Daryl,181,Kya,251
895,Glen,181,Dalia,250
896,Layton,181,Darlene,250
897,Pranav,181,Shawna,250
898,Arnold,180,Jakayla,249
899,Malakai,180,Jayde,249
900,Darwin,179,Madalynn,249
901,Fidel,179,Maliyah,249
902,Javen,179,Reanna,249
903,Kale,179,Saige,249
904,Lisandro,179,Yuliana,249
905,Alden,178,Armani,248
906,Duane,178,Maegan,248
907,Lonnie,178,Sonya,248
908,Santino,178,Samira,247
909,Stephon,178,Alexys,245
910,Dylon,177,Devyn,245
911,Ellis,177,Jalynn,245
912,Adriel,176,Kelsi,245
913,Ethen,176,Myra,245
914,Raymundo,176,Sade,245
915,Carlton,175,Sydnie,245
916,Gino,175,Joelle,244
917,Giovanny,175,Marlee,244
918,Jan,175,Rita,244
919,Rey,175,Isabell,243
920,Haden,174,Rachelle,243
921,Marquez,174,Unique,243
922,Vernon,174,Yessenia,243
923,Zain,174,Akira,242
924,Barrett,173,Candice,242
925,Luciano,173,Kalyn,242
926,Mitchel,173,Meaghan,242
927,Turner,173,Melinda,242
928,Zavier,173,Norma,242
929,Aubrey,172,Samara,242
930,Gaige,172,Taya,242
931,Guy,172,Graciela,241
932,Kasey,172,Paloma,241
933,Luc,172,Galilea,240
934,Maximo,172,Kaela,240
935,Rickey,172,Journey,239
936,Rylee,172,Katy,239
937,Vaughn,172,Yvonne,239
938,Antwan,171,Anjali,238
939,Cason,171,Aylin,238
940,Eliseo,171,Breonna,238
941,Jamil,171,Keira,238
942,Rahul,171,Mandy,238
943,Darrin,170,Ryann,238
944,Darrion,170,Amina,237
945,Mustafa,170,Baby,237
946,Jamir,169,Janie,237
947,Jevon,169,Jaylene,237
948,Mikel,169,Luisa,236
949,Neal,169,Mina,236
950,Pierre,169,Miya,236
951,Trystan,169,Dania,235
952,Bilal,168,Darby,235
953,Kent,168,Odalys,235
954,Kyree,168,Deasia,234
955,Maxim,168,Riya,234
956,Sabastian,168,Iyanna,233
957,Syed,168,Karley,233
958,Eddy,167,Cadence,232
959,Gannon,167,Estefany,232
960,Jaquez,167,Alysha,231
961,Arjun,166,Chana,231
962,Jarvis,166,Citlali,231
963,Jovany,166,Kiya,231
964,Bradyn,165,Allyssa,230
965,Carlo,165,Ireland,230
966,Dontae,165,Marcella,230
967,Jase,165,Alycia,229
968,Zayne,164,Jaylyn,229
969,Amos,163,Trista,229
970,Clifton,163,Dianna,228
971,Cortez,163,Jena,228
972,Shemar,163,Nyasia,228
973,Dwight,162,Yolanda,228
974,Kory,162,Aja,227
975,Devante,161,Jaquelin,227
976,Herbert,161,Kari,227
977,Immanuel,161,Alex,226
978,Jeff,161,Aubrie,226
979,Kirk,161,Libby,226
980,Osbaldo,161,Abril,225
981,Prince,161,Brionna,225
982,Trevin,161,Magdalena,225
983,Zack,161,Sheridan,225
984,Freddie,160,Lina,224
985,Garett,160,Loren,224
986,Kristofer,160,Chandler,223
987,Ryley,160,Estefani,223
988,Bo,159,Keeley,223
989,Cristobal,159,Maryam,223
990,Eliezer,159,Jackeline,222
991,Giovani,159,Jazmyne,222
992,Raven,159,Jeanette,222
993,Sullivan,159,Kristine,222
994,Lloyd,158,Yareli,222
995,Niko,158,Emerald,221
996,Ean,157,Johana,221
997,Jovanni,157,Juana,221
998,Alton,156,Juanita,221
999,Gerard,156,Katerina,221
1000,Keandre,156,Amiya,220
