1,Jacob,25830,Emily,23937
2,Michael,23812,Emma,20339
3,Joshua,23248,Madison,19566
4,Matthew,21467,Abigail,15749
5,Ethan,21309,Olivia,15691
6,Andrew,20727,Isabella,15183
7,Daniel,20208,Hannah,14845
8,Anthony,19378,Samantha,13636
9,Joseph,19210,Ava,13605
10,Christopher,19165,Ashley,13274
11,William,19050,Elizabeth,12729
12,Alexander,18117,Sophia,12671
13,David,18114,Alexis,11971
14,Ryan,17982,Grace,11861
15,Nicholas,17070,Sarah,11532
16,Tyler,16985,Alyssa,10889
17,James,16133,Mia,10843
18,John,15765,Natalie,10733
19,Jonathan,14436,Chloe,9593
20,Nathan,14356,Brianna,9362
21,Samuel,14251,Lauren,9247
22,Christian,14202,Anna,9101
23,Noah,13892,Ella,9062
24,Dylan,13773,Taylor,8671
25,Benjamin,13572,Kayla,8614
26,Logan,13468,Hailey,8589
27,Brandon,12943,Jessica,8111
28,Gabriel,12754,Victoria,7955
29,Zachary,12283,Jasmine,7866
30,Jose,12063,Sydney,7376
31,Elijah,11605,Julia,7085
32,Angel,10984,Destiny,6886
33,Kevin,10909,Morgan,6748
34,Jack,10903,Kaitlyn,6521
35,Caleb,10891,Savannah,6480
36,Justin,10510,Katherine,6390
37,Robert,10159,Alexandra,6317
38,Austin,10111,Rachel,6213
39,Evan,10105,Lily,6088
40,Thomas,10037,Kaylee,5865
41,Luke,10004,Megan,5856
42,Mason,9767,Jennifer,5836
43,Aidan,9758,Angelina,5809
44,Jackson,9579,Makayla,5723
45,Isaiah,9519,Allison,5634
46,Jordan,9394,Maria,5593
47,Gavin,9337,Brooke,5565
48,Connor,9319,Trinity,5449
49,Isaac,9120,Faith,5248
50,Aiden,9081,Lillian,5212
51,Jason,8611,Mackenzie,5193
52,Cameron,8570,Sofia,5161
53,Hunter,8509,Haley,5125
54,Jayden,8257,Riley,5124
55,Juan,8228,Gabrielle,5016
56,Charles,7926,Nicole,4987
57,Aaron,7802,Kylie,4965
58,Lucas,7574,Zoe,4960
59,Luis,7462,Katelyn,4927
60,Owen,7167,Paige,4904
61,Landon,7107,Gabriella,4820
62,Diego,6937,Jenna,4793
63,Brian,6916,Kimberly,4750
64,Adam,6840,Stephanie,4700
65,Adrian,6721,Andrea,4667
66,Eric,6695,Alexa,4663
67,Ian,6684,Avery,4652
68,Kyle,6683,Leah,4596
69,Nathaniel,6682,Nevaeh,4554
70,Carlos,6561,Madeline,4528
71,Alex,6482,Evelyn,4486
72,Bryan,6454,Mary,4454
73,Jesus,6375,Maya,4428
74,Julian,6112,Michelle,4310
75,Sean,5993,Sara,4278
76,Hayden,5916,Jada,4262
77,Carter,5899,Audrey,4135
78,Jeremiah,5841,Brooklyn,4129
79,Cole,5586,Vanessa,4093
80,Brayden,5509,Amanda,4089
81,Wyatt,5354,Rebecca,4007
82,Chase,5198,Ariana,3977
83,Steven,5074,Caroline,3973
84,Timothy,5024,Amelia,3907
85,Dominic,4991,Mariah,3841
86,Sebastian,4952,Jordan,3693
87,Xavier,4874,Jocelyn,3681
88,Jaden,4847,Arianna,3671
89,Jesse,4744,Isabel,3610
90,Devin,4712,Autumn,3597
91,Seth,4711,Marissa,3592
92,Antonio,4692,Melanie,3495
93,Miguel,4674,Aaliyah,3456
94,Richard,4666,Gracie,3370
95,Colin,4531,Claire,3293
96,Cody,4526,Isabelle,3283
97,Alejandro,4478,Molly,3214
98,Caden,4438,Mya,3204
99,Blake,4416,Katie,3164
100,Kaden,4364,Diana,3156
101,Carson,4353,Amber,3140
102,Henry,4174,Danielle,3134
103,Jake,4152,Leslie,3122
104,Liam,4150,Melissa,3084
105,Victor,4138,Sierra,3047
106,Riley,4110,Addison,3023
107,Ashton,4065,Madelyn,3019
108,Patrick,4042,Bailey,2990
109,Bryce,3903,Catherine,2983
110,Brady,3781,Gianna,2962
111,Vincent,3745,Amy,2954
112,Trevor,3681,Erin,2906
113,Tristan,3590,Jade,2897
114,Mark,3527,Angela,2893
115,Jeremy,3484,Gabriela,2864
116,Marcus,3469,Jacqueline,2849
117,Oscar,3459,Shelby,2839
118,Jorge,3440,Kennedy,2826
119,Parker,3403,Lydia,2770
120,Kaleb,3393,Alondra,2721
121,Cooper,3392,Adriana,2704
122,Kenneth,3368,Daniela,2652
123,Joel,3271,Natalia,2652
124,Garrett,3262,Breanna,2638
125,Josiah,3258,Kathryn,2571
126,Ivan,3236,Briana,2542
127,Conner,3205,Ashlyn,2539
128,Alan,3204,Rylee,2521
129,Eduardo,3179,Eva,2473
130,Paul,3141,Ruby,2470
131,Tanner,3073,Peyton,2462
132,Alexis,3049,Kendall,2456
133,Braden,3046,Alexandria,2453
134,Edward,2970,Christina,2452
135,Omar,2966,Charlotte,2443
136,Nicolas,2962,Sophie,2440
137,Jared,2922,Valeria,2429
138,Peyton,2842,Reagan,2425
139,George,2823,Naomi,2417
140,Maxwell,2809,Summer,2410
141,Levi,2746,Kate,2404
142,Cristian,2744,Mikayla,2394
143,Stephen,2741,Angel,2386
144,Francisco,2740,Layla,2383
145,Collin,2732,Miranda,2357
146,Preston,2728,Ana,2354
147,Ayden,2722,Laura,2348
148,Dakota,2718,Alicia,2342
149,Nolan,2717,Ciara,2322
150,Micah,2710,Daisy,2322
151,Gage,2702,Margaret,2311
152,Eli,2684,Zoey,2274
153,Manuel,2662,Aubrey,2263
154,Grant,2658,Skylar,2240
155,Colton,2657,Genesis,2224
156,Damian,2628,Kylee,2197
157,Ricardo,2626,Courtney,2195
158,Giovanni,2600,Payton,2184
159,Emmanuel,2574,Kiara,2149
160,Andres,2573,Alexia,2125
161,Peter,2551,Jillian,2121
162,Malachi,2549,Lindsey,2094
163,Cesar,2519,Mckenzie,2077
164,Javier,2499,Karen,2063
165,Max,2494,Mariana,2061
166,Shane,2459,Giselle,2057
167,Hector,2458,Valerie,2033
168,Edgar,2453,Serenity,1985
169,Ty,2448,Sabrina,1979
170,Fernando,2440,Alana,1973
171,Jeffrey,2424,Cheyenne,1965
172,Derek,2418,Lucy,1963
173,Bradley,2408,Kelsey,1960
174,Shawn,2366,Sadie,1952
175,Travis,2365,Kelly,1951
176,Brendan,2360,Juliana,1948
177,Spencer,2315,Bianca,1923
178,Edwin,2303,Nadia,1920
179,Mario,2298,Kyra,1912
180,Dalton,2255,Lilly,1906
181,Erick,2243,Jasmin,1905
182,Johnathan,2242,Caitlyn,1897
183,Erik,2228,Ellie,1889
184,Jonah,2222,Hope,1887
185,Donovan,2183,Cassandra,1866
186,Leonardo,2144,Jazmin,1864
187,Elias,2116,Crystal,1855
188,Marco,2115,Jordyn,1844
189,Wesley,2112,Cassidy,1833
190,Trenton,2102,Delaney,1828
191,Devon,2097,Liliana,1795
192,Abraham,2045,Angelica,1788
193,Brody,2034,Caitlin,1777
194,Jaylen,1997,Kyla,1770
195,Bryson,1978,Adrianna,1768
196,Raymond,1961,Jayla,1765
197,Josue,1951,Tiffany,1765
198,Drew,1949,Abby,1753
199,Sergio,1948,Carly,1748
200,Damien,1936,Chelsea,1734
201,Andy,1920,Camila,1718
202,Gregory,1901,Erica,1717
203,Dillon,1897,Karla,1716
204,Roberto,1877,Makenzie,1713
205,Roman,1862,Paris,1693
206,Martin,1835,Veronica,1680
207,Andre,1826,Cadence,1668
208,Jace,1796,Bella,1663
209,Oliver,1792,Brenda,1660
210,Miles,1755,Mckenna,1657
211,Harrison,1717,Maggie,1656
212,Jalen,1707,Karina,1630
213,Corey,1703,Julianna,1618
214,Dominick,1689,Makenna,1618
215,Avery,1662,Esmeralda,1617
216,Clayton,1661,Erika,1616
217,Israel,1654,Elena,1603
218,Pedro,1645,Jamie,1598
219,Calvin,1617,Mallory,1585
220,Colby,1602,Alejandra,1583
221,Dawson,1600,Cynthia,1572
222,Taylor,1576,Ariel,1566
223,Cayden,1572,Vivian,1559
224,Jaiden,1565,Jayden,1519
225,Landen,1536,Amaya,1513
226,Troy,1525,Dakota,1513
227,Julio,1515,Bethany,1503
228,Rafael,1491,Elise,1494
229,Trey,1490,Josephine,1489
230,Jaxon,1488,Haylee,1482
231,Frank,1480,Aniyah,1481
232,Dustin,1476,Keira,1467
233,Scott,1474,Aliyah,1461
234,Ruben,1464,Laila,1452
235,Camden,1463,Camryn,1442
236,Mitchell,1446,Fatima,1422
237,Zane,1434,Reese,1413
238,Payton,1428,Monica,1409
239,Kai,1412,Annabelle,1405
240,Skyler,1402,Lindsay,1398
241,Johnny,1393,Kira,1389
242,Keegan,1390,Selena,1378
243,Brett,1389,Macy,1368
244,Griffin,1374,Hanna,1342
245,Derrick,1372,Heaven,1334
246,Marcos,1360,Katrina,1327
247,Drake,1336,Clara,1325
248,Raul,1332,Jadyn,1312
249,Braxton,1316,Jazmine,1311
250,Kaiden,1315,Stella,1308
251,Gerardo,1312,Kailey,1298
252,Simon,1311,Nina,1287
253,Armando,1310,Alaina,1282
254,Grayson,1308,Allie,1280
255,Ronald,1301,Rebekah,1280
256,Kayden,1298,Guadalupe,1272
257,Angelo,1294,Allyson,1271
258,Chance,1274,Savanna,1269
259,Leo,1272,Piper,1261
260,Brock,1259,Alison,1256
261,Enrique,1258,Aniya,1246
262,Lukas,1257,Kendra,1242
263,Jaime,1255,Cameron,1241
264,Lance,1255,Eleanor,1237
265,Malik,1252,Hayley,1234
266,Dante,1240,Kayleigh,1233
267,Tyson,1237,Carmen,1227
268,Phillip,1233,Kara,1227
269,Emanuel,1229,Tessa,1222
270,Fabian,1229,Ashlee,1219
271,Trent,1225,Meghan,1218
272,Allen,1223,Celeste,1202
273,Tucker,1222,Kamryn,1200
274,Emilio,1216,Brooklynn,1198
275,Jakob,1214,Nora,1197
276,Hudson,1209,Brittany,1193
277,Maddox,1206,Lizbeth,1192
278,Santiago,1203,Julissa,1190
279,Xander,1202,Cecilia,1188
280,Aden,1199,Esther,1187
281,Rylan,1180,Jaden,1187
282,Kameron,1175,Miriam,1183
283,Kyler,1175,Julie,1181
284,Pablo,1169,Joanna,1167
285,Keith,1165,Asia,1161
286,Cade,1162,Desiree,1161
287,Asher,1156,Michaela,1153
288,Adan,1155,Alayna,1149
289,Donald,1150,Alivia,1141
290,Alberto,1137,Camille,1139
291,Darius,1132,Carolina,1132
292,Alec,1127,Anastasia,1126
293,Zion,1118,Tatiana,1124
294,Gustavo,1114,Katelynn,1112
295,Saul,1112,Ashlynn,1107
296,Ryder,1109,Estrella,1105
297,Casey,1101,Kaylie,1101
298,Gael,1100,Emely,1079
299,Theodore,1095,Sienna,1075
300,Arturo,1093,Heather,1067
301,Mathew,1092,Diamond,1057
302,Mateo,1087,April,1054
303,Jimmy,1085,Shannon,1053
304,Quinn,1085,Eliana,1051
305,Jude,1083,Ivy,1045
306,Randy,1082,Jayda,1045
307,Sawyer,1069,Eliza,1044
308,Corbin,1066,Leila,1041
309,Ezekiel,1066,Holly,1040
310,Zackary,1066,Paola,1040
311,Myles,1064,Melody,1037
312,Brennan,1054,Natasha,1028
313,Danny,1050,Claudia,1021
314,Axel,1047,Daniella,1021
315,Jerry,1041,Skyler,1018
316,Lane,1038,Josie,1017
317,Dennis,1036,Sandra,1017
318,Tony,1029,Nancy,1014
319,Lorenzo,1028,Georgia,1007
320,Esteban,1022,Callie,1004
321,Damon,1007,Kaitlin,1002
322,Braeden,1004,Kirsten,1002
323,Brenden,1002,Eden,1000
324,Louis,1001,Heidi,994
325,Philip,993,Cindy,986
326,Brayan,978,Kristen,984
327,Curtis,959,Annika,979
328,Nickolas,939,Itzel,975
329,Charlie,934,Bridget,971
330,Jayson,923,Madeleine,968
331,Jonathon,920,Rose,966
332,Quentin,912,Yasmin,963
333,Zander,911,Helen,960
334,Morgan,901,Emilee,954
335,Ismael,898,Leilani,953
336,Nikolas,897,Aurora,950
337,Emiliano,885,Kiera,942
338,Gary,877,Rylie,940
339,Amir,872,Kathleen,933
340,Chandler,870,Marisol,928
341,Tristen,869,Tara,927
342,Albert,868,Denise,917
343,Darren,864,Tatum,915
344,Mekhi,861,Kadence,910
345,Salvador,861,Dayanara,909
346,Abel,855,Priscilla,906
347,Ezra,850,Ruth,906
348,Caiden,849,Raven,903
349,Jay,849,Kristina,902
350,Joaquin,846,Ryleigh,899
351,Alfredo,844,Wendy,899
352,Declan,842,Anahi,893
353,Julius,842,Ximena,890
354,Camron,839,Talia,887
355,Moises,835,Brenna,885
356,Arthur,830,Patricia,879
357,Holden,830,Iris,878
358,Larry,828,Madalyn,875
359,Douglas,821,Kaydence,873
360,Braylon,816,Kassandra,869
361,Bryant,814,Lexi,868
362,Dallas,814,Sage,868
363,Orlando,813,Nyla,867
364,Ramon,812,Serena,866
365,Marvin,808,Perla,865
366,Keaton,807,Lucia,852
367,Mauricio,807,Meredith,852
368,Ernesto,804,Alissa,849
369,Walker,803,Violet,846
370,Hugo,795,Janiya,845
371,Joe,795,Nayeli,844
372,Reece,779,Fiona,843
373,Cory,772,Lola,843
374,Walter,770,Sasha,843
375,Felix,769,Harley,841
376,Ricky,768,Angie,836
377,Chad,767,Annie,836
378,Maximus,766,Sidney,834
379,Yahir,762,Izabella,829
380,Marc,759,Samara,823
381,Tate,759,Madisyn,819
382,Ali,758,Kiana,817
383,Dean,755,Mercedes,817
384,Jonas,754,Dulce,815
385,Braydon,752,Kiley,814
386,Elliot,750,Shayla,814
387,Isiah,742,Jimena,811
388,Weston,742,Litzy,810
389,Jaxson,738,Alina,808
390,Bennett,734,Kyleigh,808
391,Easton,734,Marisa,800
392,Davis,730,Rachael,797
393,Rodrigo,730,Fernanda,795
394,Russell,730,Genevieve,795
395,Lawrence,725,Tori,794
396,Shaun,722,Christine,792
397,Chris,721,Dana,791
398,Nasir,714,Harmony,788
399,Eddie,706,Paulina,788
400,Luca,706,Yesenia,786
401,Uriel,706,Lesly,783
402,Kristopher,704,Nia,781
403,Javon,703,Maritza,780
404,Reese,699,Hailee,779
405,Issac,698,Johanna,777
406,Terry,692,Lauryn,777
407,Micheal,684,Rosa,775
408,Graham,670,Casey,769
409,Zachariah,667,Joselyn,761
410,Amari,666,Marina,759
411,Maurice,661,Logan,758
412,Silas,659,Imani,757
413,Elliott,658,Cierra,756
414,Kade,656,Alice,753
415,Carl,653,Kaylin,750
416,Beau,645,Linda,749
417,Roger,644,Hayden,746
418,Jamarion,640,Malia,741
419,Marshall,640,Clarissa,737
420,Omarion,639,Brynn,735
421,Jadon,637,Halle,735
422,Leonel,633,Kassidy,733
423,Jamari,631,Scarlett,733
424,Reid,627,Skye,733
425,Zachery,626,Phoebe,730
426,Tommy,625,Viviana,722
427,Dorian,623,America,719
428,Davion,621,Krystal,719
429,Melvin,621,Britney,717
430,Noe,619,Rubi,716
431,Cohen,618,Gloria,715
432,Jon,618,Francesca,714
433,Kelvin,617,Amya,712
434,Guillermo,615,Emilia,711
435,Jaylin,609,Anne,709
436,Jeffery,607,Shania,707
437,Rowan,602,Lana,705
438,Jaydon,600,Lacey,696
439,Deandre,599,Elaina,693
440,Justice,598,Ainsley,691
441,Nelson,593,Haylie,686
442,Noel,591,Emerson,683
443,Jessie,590,Madyson,683
444,Branden,588,Elisabeth,682
445,Felipe,582,Virginia,681
446,Kristian,580,Anya,680
447,Rodney,578,Bryanna,680
448,Nathanael,575,Lila,680
449,Jermaine,572,Maddison,679
450,Frederick,569,Ryan,676
451,Franklin,567,Kaleigh,675
452,Khalil,566,Cora,672
453,Skylar,563,Teresa,671
454,Brent,562,Tiana,669
455,Terrance,562,Nataly,667
456,Billy,560,Taryn,666
457,Dane,560,Alessandra,664
458,Jayce,560,Macie,664
459,Quinton,559,Miracle,662
460,Sam,556,Kiersten,661
461,Kenny,555,Athena,659
462,Allan,554,Valentina,657
463,Jamal,553,Brielle,656
464,Rogelio,548,Sarai,655
465,Quincy,547,Hallie,654
466,Nehemiah,545,Jaiden,653
467,Ahmad,542,Regan,653
468,Solomon,535,Alyson,652
469,Izaiah,534,Noelle,652
470,Brendon,531,Whitney,652
471,Desmond,530,Jane,651
472,Reed,530,Marley,651
473,Roy,530,Lena,650
474,Jaylon,528,Lilian,650
475,Kody,526,Raquel,648
476,Phoenix,526,Kaitlynn,646
477,Toby,526,Tania,645
478,Rene,524,Deanna,639
479,Mohamed,523,Janiyah,639
480,Osvaldo,522,Laney,635
481,Terrell,519,Teagan,635
482,Tobias,516,Anaya,634
483,Wilson,516,Amari,633
484,Conor,514,Aileen,632
485,Alvin,512,Tabitha,630
486,Jameson,512,Carley,628
487,Cyrus,509,Cristina,627
488,Triston,509,Ayanna,626
489,Tomas,508,Carolyn,625
490,Bobby,504,Emilie,624
491,Byron,503,Alisha,622
492,Craig,503,Liberty,622
493,Trevon,503,Raegan,619
494,Will,503,Alanna,618
495,Pierce,502,Lisa,618
496,Lincoln,501,Anika,613
497,Maximilian,497,India,612
498,Demetrius,496,Jenny,612
499,Rodolfo,496,Madilyn,610
500,Anderson,495,Baylee,606
501,Reginald,494,Jaelyn,606
502,Zackery,493,Abbigail,601
503,Rohan,492,Lillie,598
504,Bruce,489,Elle,594
505,Jett,486,Yadira,593
506,Wade,486,Martha,592
507,Damion,484,Marie,590
508,Harley,484,Natalee,590
509,Adolfo,483,Carla,584
510,Joey,482,Kailyn,583
511,Judah,481,Joy,582
512,Willie,481,Presley,581
513,Marlon,478,Tamia,581
514,Bailey,477,Laci,576
515,Cruz,477,Hazel,575
516,River,476,Mckayla,575
517,Isaias,475,Janelle,571
518,Steve,475,Destinee,566
519,Moses,474,Ashleigh,565
520,Gerald,472,Haleigh,562
521,Kellen,471,Kaelyn,562
522,Marquis,471,Isis,561
523,Kendall,470,Maia,558
524,Leon,469,Norah,558
525,Blaine,467,Jaqueline,556
526,Francis,463,Kali,553
527,Grady,462,Danna,548
528,Harry,459,Alexus,546
529,Finn,458,Sylvia,546
530,Gilberto,457,Larissa,544
531,Dayton,456,Dominique,543
532,Deven,456,Willow,542
533,Johnathon,456,Elisa,541
534,Alfonso,455,Isabela,539
535,Everett,455,Kristin,539
536,Alonzo,452,London,538
537,Titus,452,Marlene,537
538,Jasper,451,Melany,537
539,Gunnar,450,Justice,536
540,Malcolm,448,Macey,536
541,Talan,446,Carlie,532
542,Ben,445,Helena,529
543,Trace,445,Renee,529
544,Kobe,443,Precious,528
545,Rocco,442,Yasmine,528
546,Johan,439,Aspen,525
547,Ariel,438,Judith,525
548,Ulises,438,Madelynn,524
549,Ezequiel,437,Brittney,523
550,Jamie,435,Simone,522
551,Warren,434,Cara,521
552,Kendrick,433,Adeline,520
553,Abram,432,Daphne,520
554,Jamison,432,Tia,520
555,Rolando,431,Ellen,516
556,Jerome,429,Lia,516
557,Tristin,429,Monique,515
558,Orion,427,Kaley,513
559,Jairo,425,Penelope,513
560,Ahmed,424,Dayana,512
561,Devan,423,Janet,512
562,Damarion,422,Marilyn,511
563,Ray,420,Melina,510
564,Vicente,420,Kierra,508
565,Gianni,418,Skyla,508
566,Greyson,418,Gwendolyn,507
567,Kadin,413,Jessie,507
568,Ronnie,412,Mikaela,507
569,Stanley,410,Nathalie,503
570,Jase,409,Zoie,502
571,Kieran,408,Amara,501
572,Ramiro,408,Sharon,500
573,Brodie,407,Aubree,499
574,Porter,405,Kailee,499
575,Colten,404,Kenzie,499
576,Tyrone,404,Maci,499
577,Terrence,403,Jaida,498
578,Darrell,402,Carissa,497
579,Jarrett,398,Lilliana,495
580,Alvaro,395,Lexie,490
581,Addison,393,Irene,489
582,Braiden,391,Janessa,488
583,Todd,390,Lorena,488
584,Emerson,387,Sonia,488
585,Kolby,387,Delilah,487
586,Rudy,386,Tiara,487
587,Ibrahim,385,Araceli,486
588,Davin,384,Juliet,484
589,Lee,384,Krista,482
590,Leonard,384,Kimora,481
591,Cedric,381,Susan,481
592,Deshawn,381,Amira,480
593,Keenan,381,Alma,477
594,Emmett,380,Luna,477
595,Alijah,379,Regina,476
596,Neil,379,Gina,475
597,Quintin,379,Jazmyn,475
598,Gilbert,378,Karissa,474
599,Karson,378,Maribel,474
600,Elisha,376,Kasey,473
601,Kole,376,Lea,473
602,Randall,374,Reyna,473
603,Aldo,373,Patience,472
604,Darian,373,Luz,471
605,Davon,372,Shaniya,470
606,Ronan,372,Elaine,469
607,Cristopher,371,Saniya,469
608,Leland,371,Dylan,468
609,Junior,369,Jaidyn,467
610,Romeo,369,Kenya,465
611,Antoine,368,Danica,464
612,Efrain,366,Arely,462
613,Jaquan,366,Tess,461
614,Waylon,365,Carlee,459
615,Irvin,364,Cristal,459
616,Coleman,363,Mariam,459
617,Camren,359,Janae,458
618,Dominik,359,Jolie,457
619,Duncan,359,Katlyn,457
620,Gunner,358,Pamela,457
621,Aron,356,Abbey,452
622,Alexzander,355,Arielle,451
623,Jabari,355,Haven,451
624,Kolton,355,Cali,450
625,Talon,355,Hadley,450
626,Mohammed,354,Kayden,450
627,Harold,349,Edith,446
628,Amarion,348,Abbie,445
629,Asa,348,Juliette,444
630,Jefferson,348,Karlee,444
631,Amare,347,Kennedi,444
632,Brice,347,Mayra,443
633,Misael,346,Noemi,443
634,Kasey,345,Monserrat,441
635,Mohammad,344,Cheyanne,440
636,August,343,Emmalee,439
637,Julien,341,Theresa,439
638,Brycen,340,Kayley,437
639,Draven,340,Tamara,437
640,Eugene,340,Jamya,435
641,Kamron,340,Kaya,435
642,Maximiliano,340,Ann,433
643,Brooks,339,Jazlyn,433
644,Dwayne,339,Amani,430
645,Moshe,338,Damaris,430
646,Sage,338,Ingrid,429
647,Zechariah,338,Tyra,429
648,Dashawn,336,Yazmin,428
649,Tyrell,334,Bailee,427
650,Ernest,333,Jaylin,426
651,Freddy,333,Stacy,426
652,Aydan,331,Deborah,425
653,Maverick,331,Jacquelyn,425
654,Clay,330,Ally,424
655,Alonso,329,Charity,422
656,Donte,328,Ansley,421
657,Keagan,327,Gisselle,421
658,Lewis,327,Annalise,420
659,Brennen,326,Catalina,420
660,Layne,325,Cecelia,420
661,Sincere,325,Gillian,420
662,Dale,323,Meagan,420
663,Kenyon,322,Kaylyn,419
664,Omari,322,Eve,417
665,Octavio,321,Kendal,417
666,Tyree,320,Angelique,416
667,Raphael,316,Ayla,416
668,Wayne,316,Hana,416
669,Demarion,315,Paula,416
670,Alessandro,314,Lizeth,415
671,Jair,314,Mariela,415
672,Ross,313,Mara,414
673,Ignacio,312,Clare,412
674,Oswaldo,312,Thalia,412
675,Bradyn,311,Jaylynn,411
676,Agustin,310,Kaylynn,411
677,Davian,309,Celia,410
678,Jordon,309,Lainey,410
679,Cash,308,Taniya,409
680,Xzavier,308,Giovanna,408
681,Aryan,307,Quinn,407
682,Matteo,305,Savanah,407
683,Dominique,304,Brisa,406
684,Gideon,304,Greta,405
685,London,304,Lyric,404
686,Lamar,303,Aimee,403
687,Boston,302,Annabella,403
688,Humberto,301,Felicity,402
689,Mike,300,Alena,401
690,Garret,299,Kaia,401
691,Muhammad,299,Karlie,400
692,Reagan,299,Tanya,400
693,Rhett,298,Barbara,398
694,Jadyn,297,Karli,398
695,Lawson,297,Maeve,398
696,Adrien,296,Ashanti,397
697,Clarence,296,Aliya,396
698,Tyrese,296,Evelin,396
699,Salvatore,295,Ashly,395
700,Kareem,294,Iliana,393
701,Kyan,293,Jaclyn,393
702,Semaj,293,Roselyn,392
703,Javion,292,Campbell,389
704,Ryland,292,Marianna,388
705,Derick,291,Jakayla,387
706,Jamar,290,Aryanna,386
707,Gavyn,289,Elyse,386
708,Markus,289,Aylin,385
709,Darnell,288,Stephany,385
710,Kian,288,Amiyah,384
711,Arjun,287,Aria,384
712,Ari,286,Parker,384
713,Barrett,286,Liana,383
714,Jaron,286,Ayana,382
715,Nathanial,286,Cassie,382
716,Landyn,285,Lesley,382
717,Frankie,283,Ryann,381
718,Rory,283,Eileen,380
719,Ryker,283,Makena,380
720,Armani,282,Sydnee,379
721,Giancarlo,282,Tianna,379
722,Kane,282,Brandy,378
723,Malakai,282,Kaila,378
724,Milo,282,Zaria,378
725,Alfred,280,Sherlyn,377
726,Clinton,279,Chaya,373
727,Hamza,279,Gia,372
728,Cullen,278,Joslyn,372
729,Jaylan,277,Adrienne,371
730,Aditya,276,Aisha,371
731,Jovani,276,Princess,371
732,Justus,276,Myah,370
733,Kamari,276,Belinda,369
734,Nigel,276,Giana,368
735,Roland,276,Aracely,367
736,Keshawn,275,Aubrie,367
737,Devyn,274,Aleah,366
738,Isai,274,Taliyah,366
739,Johnpaul,273,Aiyana,365
740,Rigoberto,273,Mollie,365
741,Dillan,272,Carina,363
742,Nico,272,Harper,363
743,Sterling,272,Rhiannon,362
744,Keon,271,Trista,362
745,Marques,271,Esperanza,361
746,Giovanny,270,Rosemary,361
747,Jorden,270,Saige,361
748,Donavan,269,Deja,358
749,Anton,268,Salma,358
750,Enzo,267,Tyler,357
751,Josh,265,Alisa,356
752,Konner,265,Leanna,356
753,Kale,264,Frances,355
754,Karl,264,Abigayle,354
755,Demarcus,263,Addyson,354
756,Jaeden,263,Tatyana,354
757,Cale,262,Frida,352
758,Estevan,262,Carol,351
759,Yair,262,Julianne,351
760,Braedon,261,Kelsie,351
761,Glenn,261,Elsa,350
762,Vance,261,Gretchen,349
763,Darryl,260,Hailie,348
764,Bo,259,Shea,348
765,Darien,259,Miah,347
766,Rylee,259,Rowan,347
767,Santos,259,Kaiya,346
768,Alden,258,Aliza,345
769,Gaven,258,Amiya,345
770,Hassan,258,Shyanne,345
771,Ralph,258,Xiomara,344
772,Cannon,257,Mattie,342
773,Sheldon,257,Journey,341
774,Coby,256,Annette,340
775,Augustus,255,Colleen,340
776,Seamus,254,Annabel,338
777,Vaughn,254,Yareli,337
778,Nathen,253,Ashton,334
779,Yosef,253,Brandi,333
780,German,251,Gracelyn,333
781,Layton,251,Desirae,332
782,Luciano,250,Laurel,332
783,Roderick,249,Libby,332
784,Antony,248,Jacey,331
785,Braulio,248,Leticia,331
786,Elvis,247,Marlee,331
787,Jovanni,247,Tina,331
788,Samir,247,Destini,330
789,Deangelo,246,Johana,329
790,Ellis,246,Karly,329
791,Atticus,245,Corinne,328
792,Clark,245,Jaycee,328
793,Malaki,245,Jaylene,328
794,Winston,244,Saniyah,327
795,Jamir,243,Ada,326
796,Adriel,242,Arabella,326
797,Heath,242,Rebeca,326
798,Jean,242,Chelsey,325
799,Sonny,241,Joyce,324
800,Stefan,241,Jaliyah,323
801,Deacon,240,Justine,323
802,Bruno,239,Sarahi,323
803,Chaim,239,Ciera,322
804,Korbin,239,Lucille,322
805,Alexandro,238,Abril,321
806,Marcel,238,Mikalah,321
807,Marquise,238,Kayli,320
808,Rex,237,Lorelei,320
809,Shamar,235,Chasity,319
810,Santino,234,Lara,319
811,Kylan,233,Magdalena,319
812,Mathias,233,Dalia,318
813,Cason,232,Emery,318
814,Nick,232,Keely,318
815,Reynaldo,232,Madalynn,318
816,Jovanny,231,Maura,318
817,Prince,231,Karley,316
818,Quinten,231,Karol,316
819,Makai,230,Raina,316
820,Milton,230,Arleth,314
821,Adonis,229,Blanca,313
822,Garrison,229,Sanaa,312
823,Howard,229,Toni,312
824,Brad,228,Alize,311
825,Remington,228,Yahaira,311
826,Konnor,227,Jewel,310
827,Jovany,226,Amelie,309
828,Nestor,226,Kaylah,309
829,Deon,225,Kaylen,308
830,Elmer,224,Jaylee,307
831,Kaeden,224,Antonia,306
832,Bernard,223,Arlene,306
833,Cortez,223,Cayla,306
834,Braylen,222,Donna,305
835,Carlo,222,Carrie,304
836,Conrad,222,Makaila,304
837,Sidney,222,Kaliyah,303
838,Savion,221,Yvette,303
839,Devonte,220,Alysa,302
840,Ean,220,Paloma,302
841,Jordy,219,Shayna,302
842,Rashad,219,Katharine,301
843,Dangelo,218,Moriah,301
844,Houston,218,Kianna,300
845,Josef,218,Lacie,299
846,Lucian,217,Shaylee,299
847,Pranav,217,Breana,298
848,Antwan,216,Danika,298
849,Aydin,216,Jenifer,298
850,Gonzalo,216,Karma,298
851,Keyon,216,Micaela,297
852,Simeon,216,Bria,296
853,Cael,215,Kenia,296
854,Dario,215,Yaritza,296
855,Marcelo,215,Maliyah,295
856,Tristian,215,Meadow,295
857,Zain,215,Micah,295
858,Blaze,214,Rayna,295
859,Jan,214,Selina,295
860,Kadyn,214,Abigale,294
861,Sammy,214,Aleena,294
862,Domenic,213,Stacey,294
863,Elian,213,Jaelynn,293
864,Kamden,213,Kenna,293
865,Reuben,213,Lyla,293
866,Darwin,212,Siena,293
867,Haden,212,Susana,293
868,Luka,212,Nicolette,292
869,Matias,212,Sandy,292
870,Leandro,211,Yoselin,292
871,Paxton,211,Riya,291
872,Zaire,211,Savana,291
873,Dexter,210,Camilla,290
874,Giovani,210,Devyn,290
875,Jovan,209,Halie,290
876,Nikhil,209,Lizette,290
877,Gordon,208,Aryana,289
878,Teagan,208,Galilea,289
879,Bronson,207,Iyana,289
880,Franco,207,Sariah,289
881,Jamel,207,Abagail,288
882,Korey,207,Amina,286
883,Aedan,206,Hillary,285
884,Andreas,206,Kallie,285
885,Abdullah,205,Kya,285
886,Carmine,205,Phoenix,285
887,Matthias,205,Janiah,284
888,Finnegan,204,Kathy,284
889,Kason,203,Shirley,284
890,Soren,203,Anabelle,283
891,Travon,203,Keyla,283
892,Jacoby,202,Naima,283
893,Kanye,202,Nichole,282
894,Karter,202,Isabell,281
895,Zakary,202,Mina,281
896,Chaz,201,Nyasia,281
897,Denzel,201,Tayler,281
898,Ronaldo,201,Miya,280
899,Vincenzo,201,Charlize,279
900,Damari,200,Joana,279
901,Darrius,199,Adelaide,278
902,Rey,199,Graciela,278
903,Carmelo,198,Jaylyn,278
904,Messiah,198,Shyann,278
905,Stephan,198,Devin,277
906,Zavier,197,Jalyn,277
907,Broderick,196,Flor,276
908,Gaige,195,Mira,276
909,Norman,195,Nya,275
910,Tyshawn,195,Elissa,274
911,Royce,194,Jasmyn,274
912,Shannon,194,Mireya,273
913,Maximo,193,Taniyah,273
914,Yehuda,193,Anneliese,272
915,Gannon,192,Chanel,272
916,Jeramiah,192,Citlali,272
917,Thaddeus,192,Destiney,271
918,Ethen,191,Yuliana,271
919,Fredrick,191,Alani,270
920,Fredy,191,Elsie,270
921,Immanuel,191,Mandy,270
922,Maximillian,191,Zara,270
923,Perry,191,Angeline,269
924,Clifford,190,Candace,269
925,Keven,190,Elliana,269
926,Makhi,190,Estefania,269
927,Sullivan,190,Margarita,269
928,Cristofer,189,Essence,268
929,Jordyn,188,Maleah,268
930,Kamren,188,Unique,268
931,Nash,188,Jalynn,267
932,Zack,188,Livia,266
933,Brenton,187,Maren,266
934,Darin,187,Reina,266
935,Destin,187,Areli,265
936,Campbell,186,Jailyn,265
937,Colt,186,Astrid,264
938,Dandre,186,Nathaly,264
939,Deshaun,186,Zariah,264
940,Dimitri,186,Celine,263
941,Jarvis,186,Cloe,263
942,Tayshaun,186,Anais,262
943,Baby,185,Selah,262
944,Daryl,185,Delia,261
945,Jaidyn,185,Karis,261
946,Stone,185,Kasandra,261
947,Austen,184,Kinsley,261
948,Darion,184,Lacy,261
949,Leroy,184,Shreya,261
950,Marquez,184,Fabiola,260
951,Rishi,184,Katarina,260
952,Valentin,184,Sky,260
953,Earl,183,Chana,259
954,Guadalupe,183,Brylee,258
955,Jaydin,183,Jolette,258
956,Shea,183,Natalya,258
957,Yusuf,183,Tatianna,258
958,Bernardo,182,Armani,257
959,Elvin,182,Charlie,257
960,Hugh,182,Diya,257
961,Kelton,182,Ebony,257
962,Kurt,182,Jayleen,257
963,Mariano,182,Myla,256
964,Gauge,181,Anjali,255
965,Menachem,181,Devon,255
966,Branson,180,Marin,255
967,Camryn,180,Lucero,254
968,Carlton,180,Yuridia,254
969,Dion,180,Alia,252
970,Mikel,180,Drew,252
971,Rocky,180,Hayleigh,252
972,Arnav,179,Jana,252
973,Dallin,179,Roxana,252
974,Fidel,179,Samira,252
975,Keanu,179,Addie,251
976,Efren,178,Dania,251
977,Jaren,178,Nikki,251
978,Reilly,178,Valery,251
979,Shayne,178,Denisse,250
980,Dylon,177,Kinsey,250
981,Maxim,177,Lina,250
982,Rhys,177,Amaris,249
983,Ulysses,177,Katelin,249
984,Irving,176,Averie,248
985,Keyshawn,176,Celina,248
986,Markell,176,Finley,248
987,Cornelius,175,Silvia,248
988,Cristobal,175,Zion,248
989,Daquan,175,Belen,247
990,Geoffrey,174,Felicia,247
991,Jax,174,Maryjane,247
992,Van,174,Elyssa,246
993,Eliseo,173,Lilianna,246
994,Isaak,173,Brianne,245
995,Joan,173,Christiana,245
996,Kennedy,173,Iyanna,245
997,Adin,172,Kaci,245
998,Blaise,172,Leyla,245
999,Fisher,172,Azaria,244
1000,Jaheim,172,Estefani,244
