1,Jacob,24273,Emily,19355
2,Michael,21987,Isabella,19137
3,Ethan,21027,Emma,18372
4,Joshua,20649,Ava,18047
5,Daniel,20250,Madison,17958
6,Christopher,20012,Sophia,17021
7,Anthony,19627,Olivia,16580
8,William,18881,Abigail,15468
9,Matthew,18734,Hannah,13304
10,Andrew,18446,Elizabeth,13050
11,Alexander,18133,Addison,11946
12,David,17537,Samantha,11877
13,Joseph,17333,Ashley,11425
14,Noah,16590,Alyssa,11263
15,James,15957,Mia,10915
16,Ryan,15709,Chloe,10747
17,Logan,15324,Natalie,10437
18,Jayden,15240,Sarah,9989
19,John,14430,Alexis,9909
20,Nicholas,14354,Grace,9762
21,Tyler,14086,Ella,9544
22,Christian,14052,Brianna,8850
23,Jonathan,13792,Hailey,8433
24,Nathan,13589,Taylor,7960
25,Samuel,13352,Anna,7888
26,Benjamin,13275,Kayla,7575
27,Aiden,13101,Lily,7496
28,Gabriel,12900,Lauren,7435
29,Dylan,12809,Victoria,7431
30,Elijah,12405,Savannah,7046
31,Brandon,12135,Nevaeh,6807
32,Gavin,11859,Jasmine,6765
33,Jackson,11660,Lillian,6547
34,Angel,11368,Julia,6130
35,Jose,11249,Sofia,6045
36,Caleb,10943,Kaylee,6043
37,Mason,10766,Sydney,6029
38,Jack,10670,Gabriella,5837
39,Kevin,10531,Katherine,5816
40,Evan,10289,Alexa,5784
41,Isaac,10258,Destiny,5732
42,Zachary,10212,Jessica,5708
43,Isaiah,10109,Morgan,5662
44,Jordan,10046,Kaitlyn,5548
45,Justin,10045,Brooke,5507
46,Luke,9603,Allison,5453
47,Robert,9376,Makayla,5422
48,Austin,9189,Avery,5382
49,Landon,9096,Alexandra,5351
50,Cameron,8978,Jocelyn,5291
51,Aaron,8935,Audrey,5249
52,Thomas,8927,Riley,5208
53,Lucas,8753,Maria,5122
54,Aidan,8420,Kimberly,5101
55,Connor,8322,Evelyn,5052
56,Owen,8246,Zoe,4934
57,Diego,8215,Brooklyn,4884
58,Hunter,8204,Angelina,4856
59,Jason,8118,Rachel,4825
60,Luis,8049,Andrea,4798
61,Adrian,7733,Madeline,4703
62,Charles,7450,Maya,4699
63,Juan,7417,Kylie,4658
64,Brayden,7221,Jennifer,4648
65,Adam,6786,Mackenzie,4623
66,Julian,6776,Claire,4612
67,Jeremiah,6619,Leah,4547
68,Xavier,6556,Gabrielle,4542
69,Wyatt,6521,Aubrey,4505
70,Carlos,6412,Arianna,4480
71,Alex,6271,Vanessa,4443
72,Hayden,6271,Trinity,4371
73,Sebastian,6270,Ariana,4324
74,Jaden,6254,Faith,4299
75,Ian,6249,Katelyn,4253
76,Sean,6238,Haley,4198
77,Jesus,6218,Amelia,4193
78,Bryan,6178,Megan,4121
79,Chase,6152,Isabelle,4104
80,Carter,6100,Sara,4019
81,Brian,6074,Melanie,3998
82,Nathaniel,6059,Sophie,3985
83,Eric,5954,Aaliyah,3956
84,Cole,5702,Bailey,3930
85,Dominic,5414,Layla,3900
86,Kyle,5354,Nicole,3868
87,Tristan,5334,Isabel,3863
88,Blake,5270,Stephanie,3808
89,Liam,5138,Paige,3792
90,Carson,5119,Autumn,3713
91,Henry,5112,Gianna,3713
92,Caden,5048,Mariah,3704
93,Brady,4951,Mary,3679
94,Miguel,4902,Michelle,3592
95,Antonio,4636,Jada,3570
96,Cooper,4619,Gracie,3475
97,Steven,4548,Molly,3413
98,Kaden,4520,Valeria,3411
99,Timothy,4434,Caroline,3406
100,Richard,4420,Charlotte,3329
101,Devin,4416,Jordan,3327
102,Ayden,4319,Mya,3321
103,Alejandro,4278,Jenna,3301
104,Victor,4269,Madelyn,3214
105,Brody,4219,Rebecca,3213
106,Josiah,4219,Diana,3181
107,Jesse,4125,Sadie,3175
108,Parker,4074,Daniela,3076
109,Riley,3969,Natalia,3070
110,Vincent,3957,Kennedy,3053
111,Bryce,3937,Amanda,3041
112,Jake,3880,Jade,3033
113,Kaleb,3814,Zoey,3033
114,Preston,3791,Katie,2993
115,Seth,3768,Adriana,2926
116,Patrick,3733,Ruby,2895
117,Marcus,3663,Eva,2893
118,Colton,3657,Gabriela,2857
119,Colin,3608,Amy,2829
120,Cody,3557,Briana,2824
121,Oscar,3546,Naomi,2780
122,Jeremy,3428,Peyton,2774
123,Joel,3419,Danielle,2772
124,Ashton,3379,Lydia,2766
125,Peyton,3372,Angela,2754
126,Micah,3305,Serenity,2733
127,Ivan,3272,Leslie,2690
128,Jorge,3269,Keira,2675
129,Alan,3249,Camila,2663
130,Eli,3236,Rylee,2627
131,Omar,3214,Jayla,2625
132,Levi,3199,Marissa,2621
133,Nolan,3170,Jacqueline,2620
134,Giovanni,3111,Giselle,2596
135,Kenneth,3104,Lucy,2569
136,Trevor,3058,Kate,2550
137,Damian,2987,Melissa,2503
138,Mark,2971,Breanna,2491
139,Cristian,2917,Jordyn,2488
140,Oliver,2910,Genesis,2485
141,Max,2879,Erin,2476
142,Derek,2853,Catherine,2470
143,Eduardo,2844,Alana,2459
144,Nicolas,2833,Valerie,2424
145,Edward,2822,Amber,2404
146,Ricardo,2779,Lilly,2400
147,Paul,2765,Cheyenne,2364
148,George,2758,Laila,2363
149,Gage,2738,Shelby,2350
150,Tanner,2729,Reese,2345
151,Francisco,2725,Liliana,2317
152,Andres,2719,Angel,2294
153,Maxwell,2713,Payton,2282
154,Emmanuel,2711,Miranda,2270
155,Malachi,2706,Ashlyn,2261
156,Braden,2688,Reagan,2259
157,Fernando,2686,Kylee,2254
158,Alexis,2656,Bella,2253
159,Conner,2629,Summer,2251
160,Jared,2600,Mckenzie,2230
161,Grant,2568,Ana,2224
162,Garrett,2560,Juliana,2224
163,Javier,2547,Kathryn,2211
164,Leonardo,2526,Alexandria,2197
165,Jonah,2509,Karen,2171
166,Erick,2432,Kendall,2165
167,Cesar,2425,Daisy,2158
168,Edgar,2420,Sierra,2110
169,Manuel,2413,Adrianna,2077
170,Travis,2402,Sienna,2075
171,Edwin,2393,Skylar,2056
172,Stephen,2370,Jayden,2043
173,Spencer,2365,Margaret,2025
174,Elias,2360,Christina,2018
175,Shawn,2348,Ellie,2010
176,Cayden,2339,Bianca,1976
177,Peter,2336,Mariana,1974
178,Trenton,2333,Alicia,1948
179,Bryson,2322,Alexia,1941
180,Mario,2286,Makenzie,1938
181,Josue,2272,Maggie,1872
182,Damien,2259,Mikayla,1852
183,Hector,2241,Laura,1840
184,Shane,2237,Alondra,1836
185,Collin,2226,Jazmin,1832
186,Kayden,2195,Jillian,1786
187,Johnathan,2147,Julianna,1785
188,Abraham,2141,Ariel,1779
189,Miles,2133,Kyra,1758
190,Jaxon,2130,Tessa,1753
191,Jeffrey,2126,Esmeralda,1743
192,Jaiden,2120,Elena,1741
193,Jaylen,2085,Brooklynn,1738
194,Bradley,2075,Alina,1735
195,Wesley,2061,Hayden,1734
196,Sergio,2044,Annabelle,1727
197,Donovan,2042,Sabrina,1725
198,Jace,2032,Nadia,1721
199,Erik,2028,Cadence,1707
200,Santiago,1967,Kendra,1700
201,Dakota,1958,Amaya,1698
202,Raymond,1953,Kelsey,1698
203,Landen,1952,Delaney,1689
204,Israel,1935,Jasmin,1686
205,Brendan,1926,Aniyah,1685
206,Hudson,1895,Hope,1683
207,Roman,1887,Cassidy,1654
208,Martin,1881,Alivia,1647
209,Marco,1866,Chelsea,1643
210,Devon,1858,Vivian,1639
211,Grayson,1852,Tiffany,1621
212,Dalton,1833,Kiara,1619
213,Andre,1830,Caitlyn,1611
214,Drew,1830,Aliyah,1610
215,Andy,1828,Crystal,1596
216,Braxton,1772,Camryn,1595
217,Ryder,1753,Karina,1588
218,Camden,1748,Scarlett,1582
219,Kaiden,1747,Karla,1580
220,Roberto,1747,Abby,1577
221,Avery,1742,Joselyn,1577
222,Keegan,1706,Kelly,1568
223,Gregory,1679,Josephine,1562
224,Lincoln,1655,Elise,1557
225,Harrison,1653,Lindsey,1555
226,Dominick,1630,Mckenna,1554
227,Maddox,1628,Clara,1549
228,Rafael,1622,Alaina,1538
229,Calvin,1617,Violet,1537
230,Pedro,1609,Caitlin,1528
231,Troy,1602,Kyla,1528
232,Zane,1597,Courtney,1514
233,Asher,1578,Angelica,1513
234,Dillon,1549,Fatima,1512
235,Zion,1549,Julissa,1500
236,Lukas,1547,Izabella,1496
237,Ty,1534,Haylee,1494
238,Leo,1530,Allie,1487
239,Drake,1521,Dakota,1485
240,Sawyer,1510,Piper,1482
241,Johnny,1504,Veronica,1477
242,Griffin,1485,Nora,1474
243,Ruben,1477,Stella,1461
244,Chance,1472,Makenna,1459
245,Tucker,1464,Jazmine,1436
246,Corbin,1463,Savanna,1412
247,Clayton,1444,Mallory,1405
248,Ezekiel,1439,Eliana,1399
249,Taylor,1430,Kayleigh,1394
250,Dawson,1408,Jamie,1392
251,Corey,1402,Leila,1392
252,Kai,1399,Joanna,1390
253,Fabian,1396,Addyson,1381
254,Marcos,1388,Alejandra,1373
255,Raul,1387,Eden,1365
256,Emanuel,1383,Erica,1364
257,Rylan,1375,Ciara,1362
258,Simon,1350,Callie,1357
259,Angelo,1337,Lila,1356
260,Kameron,1336,Cassandra,1327
261,Gerardo,1335,Carly,1322
262,Frank,1328,Jayda,1304
263,Brock,1326,Heaven,1297
264,Quinn,1320,Dulce,1284
265,Aden,1314,Erika,1279
266,Julio,1305,Aniya,1270
267,Derrick,1295,Nina,1270
268,Jalen,1281,Eleanor,1269
269,Tyson,1270,Kira,1266
270,Dante,1268,Allyson,1261
271,Skyler,1262,Lola,1261
272,Dustin,1259,Esther,1251
273,Malik,1254,Ashlynn,1247
274,Scott,1249,Alayna,1246
275,Emilio,1246,Carmen,1242
276,Armando,1244,Cecilia,1242
277,Enrique,1241,Kamryn,1236
278,Kyler,1233,Miley,1233
279,Payton,1230,Cynthia,1232
280,Jaime,1227,Brenda,1230
281,Mateo,1227,Macy,1224
282,Xander,1227,Guadalupe,1220
283,Colby,1219,Katelynn,1205
284,Caiden,1213,London,1196
285,Trey,1210,Monica,1190
286,Brennan,1207,Leilani,1188
287,Axel,1196,Kailey,1178
288,Allen,1194,Daniella,1171
289,Trent,1181,Alison,1170
290,Joaquin,1180,Kara,1170
291,Rodrigo,1177,Bethany,1166
292,Phillip,1175,Madeleine,1162
293,Ronald,1174,Kiera,1147
294,Cade,1172,Miriam,1145
295,Lorenzo,1172,Melody,1143
296,Gael,1166,Georgia,1142
297,Jude,1159,Delilah,1136
298,Keith,1155,Lizbeth,1132
299,Myles,1139,Josie,1129
300,Gustavo,1136,Kaylie,1128
301,Theodore,1136,Ivy,1126
302,Julius,1120,Ryleigh,1124
303,Jakob,1108,Heidi,1121
304,Mitchell,1106,Julie,1119
305,Pablo,1095,Camille,1118
306,Darius,1087,Hayley,1109
307,Adan,1080,Danica,1108
308,Saul,1070,Rebekah,1103
309,Danny,1063,Cameron,1101
310,Brayan,1059,April,1093
311,Jaxson,1057,Lucia,1089
312,Luca,1056,Emerson,1080
313,Zander,1053,Harmony,1077
314,Alberto,1040,Anastasia,1072
315,Leland,1027,Aurora,1066
316,Lane,1016,Iris,1066
317,Amir,1011,Lindsay,1066
318,Randy,1004,Jadyn,1063
319,Brenden,1003,Aubree,1056
320,Tony,1001,Selena,1056
321,Donald,998,Tatiana,1044
322,Maximus,995,Hanna,1035
323,Jerry,992,Asia,1028
324,Casey,985,Emely,1025
325,Braeden,979,Shayla,1024
326,Ismael,978,Kaydence,1023
327,Arturo,972,Paola,1021
328,Jonas,972,Desiree,1020
329,Cash,969,Carolina,1019
330,Dennis,963,Anahi,1017
331,Larry,962,Angie,1014
332,Jimmy,961,Alissa,1011
333,Brett,958,Eliza,1007
334,Charlie,953,Lexi,1003
335,Curtis,951,Jaden,994
336,Emiliano,950,Tatum,990
337,Zackary,950,Phoebe,988
338,Dane,949,Kaelyn,986
339,Ezra,949,Holly,976
340,Dallas,948,Presley,970
341,Grady,944,Michaela,969
342,Tristen,942,Rylie,968
343,Abel,940,Kyleigh,965
344,Silas,938,Genevieve,963
345,Louis,937,Ruth,958
346,Anderson,926,Meredith,952
347,Mathew,925,Alice,950
348,Declan,923,Rose,940
349,Alfredo,908,Helen,931
350,Dean,905,Brynn,925
351,Chris,904,Sasha,924
352,Easton,903,Fiona,918
353,Jayson,897,Cora,917
354,Esteban,893,Brittany,915
355,Kingston,893,Celeste,913
356,Elliot,882,Diamond,911
357,Marvin,882,Bridget,908
358,Philip,881,Hazel,908
359,Keaton,880,Madyson,905
360,Amari,877,Yasmin,905
361,Nehemiah,876,Jaelyn,904
362,Darren,875,Nancy,900
363,Alec,872,Kimora,898
364,Braydon,870,Anya,895
365,Rowan,869,Itzel,892
366,Moises,861,Janiya,889
367,Orlando,859,Lyla,887
368,Weston,852,Brenna,885
369,Nickolas,841,Kiley,885
370,Albert,830,Ximena,884
371,Bennett,826,Denise,881
372,Lance,826,Madalyn,881
373,Ricky,821,Meghan,878
374,Arthur,818,Priscilla,876
375,Braylon,818,Skyler,874
376,Quentin,817,Annika,873
377,Ramon,812,Maddison,870
378,Holden,811,Nayeli,869
379,Walter,810,Kaylin,867
380,Felix,809,Paris,865
381,Everett,804,Wendy,864
382,Graham,797,Ayla,862
383,Elliott,793,Madilyn,859
384,Issac,793,Alessandra,857
385,Mauricio,792,Kadence,856
386,Finn,783,Madisyn,850
387,Ali,781,Natasha,848
388,Gary,779,Imani,844
389,Jameson,778,Adeline,839
390,Cohen,774,Marley,839
391,Camron,772,Talia,839
392,Lawrence,771,Lacey,838
393,Shaun,770,Rachael,834
394,Davis,756,Valentina,829
395,Douglas,756,Baylee,828
396,Jay,749,Estrella,821
397,Justice,742,Cindy,820
398,Nikolas,741,Sarai,818
399,Uriel,741,Janelle,817
400,Hugo,740,Malia,817
401,Yahir,738,Nia,816
402,Joe,732,Raegan,816
403,Ernesto,730,Claudia,813
404,Morgan,729,Lana,813
405,Salvador,718,Serena,810
406,Javon,714,Perla,803
407,Bryant,712,Sandra,800
408,Jonathon,712,Teagan,796
409,Russell,712,Heather,795
410,Jayce,711,Penelope,794
411,Marshall,711,Marisol,793
412,Tate,711,Emilee,792
413,Maurice,707,Brielle,791
414,Cory,706,Nataly,789
415,Jaydon,706,Rihanna,789
416,Eddie,704,Johanna,785
417,Greyson,702,Lilliana,785
418,Jamari,695,Lilian,784
419,Phoenix,694,Annie,781
420,Kristopher,693,Emilia,780
421,Beau,691,Kaitlin,779
422,Judah,691,Kathleen,779
423,Jadon,684,Melany,776
424,Reid,679,Jane,774
425,Desmond,676,Angelique,769
426,Reece,676,Haylie,769
427,Chandler,674,Kristen,768
428,Damon,674,Willow,768
429,Cruz,672,Lesly,766
430,Aldo,666,Elaina,763
431,Chad,658,Jaiden,759
432,Kade,656,Janiyah,756
433,Nasir,656,Jazlyn,755
434,Davion,648,Ashlee,749
435,Micheal,647,Kiana,742
436,Talon,640,Rosa,741
437,Zachariah,639,Shannon,741
438,Rodney,637,Abril,737
439,Bruce,636,Athena,727
440,Noel,635,Dana,727
441,Izaiah,634,Harper,727
442,Noe,634,Hailee,726
443,Marc,632,Kirsten,726
444,Melvin,629,Patricia,725
445,Rocco,627,Kristina,724
446,Isiah,626,Nyla,718
447,Carl,625,Macie,717
448,Kelvin,623,Miracle,715
449,Mekhi,621,Bryanna,714
450,Reed,617,Gloria,713
451,Jamarion,615,Lena,713
452,Solomon,614,Rowan,711
453,Sam,612,Luna,710
454,Guillermo,608,Danika,709
455,Terry,608,Logan,708
456,Moses,605,Ryan,706
457,Deandre,603,Samara,706
458,Reese,603,Ainsley,703
459,Brodie,602,Evangeline,701
460,Jaylin,600,America,700
461,Walker,600,Fernanda,699
462,Nathanael,596,Marina,698
463,Mohamed,590,Casey,696
464,Cyrus,586,Anaya,694
465,Colten,585,Taryn,693
466,Jasper,585,Alanna,691
467,Roger,582,Dayanara,690
468,Nelson,580,Norah,688
469,Franklin,578,Hadley,687
470,Cristopher,576,Sage,683
471,Kobe,572,Francesca,680
472,Tobias,570,Madelynn,680
473,Terrance,569,Skye,680
474,Porter,566,Yesenia,679
475,Kristian,565,Yoselin,677
476,Felipe,564,Elle,676
477,Jermaine,563,Lauryn,674
478,Skylar,563,Melina,674
479,Quinton,559,Amari,673
480,Landyn,557,Kassidy,673
481,Branden,555,Tori,673
482,Khalil,555,Amya,671
483,Leonel,554,Cheyanne,670
484,Jeffery,553,Lillie,669
485,Osvaldo,551,Harley,668
486,Billy,546,Sidney,668
487,Pierce,544,Viviana,668
488,Tommy,543,Kali,667
489,Dorian,542,Mercedes,664
490,Leon,542,Cali,663
491,Demetrius,541,Kailyn,663
492,Emerson,537,Linda,660
493,Jon,537,Paulina,657
494,Quincy,536,Saniya,654
495,Titus,535,Abbigail,652
496,Roy,534,Kenzie,651
497,Jessie,533,Kaitlynn,649
498,Johan,529,Noelle,649
499,Conor,528,Raquel,649
500,Romeo,528,Kassandra,646
501,Gunner,524,Aileen,645
502,Maximiliano,524,Clarissa,644
503,Jamison,523,Lexie,637
504,Kenny,522,Isabela,634
505,Ariel,521,Aubrie,633
506,Bobby,521,Raven,631
507,Brent,521,Bailee,630
508,Terrell,521,Elisabeth,628
509,Isaias,519,Kayden,627
510,Kellen,519,Jaqueline,626
511,Alvin,515,Christine,617
512,Dayton,515,Halle,617
513,Warren,514,Krystal,617
514,Maximilian,512,Jenny,616
515,Rohan,511,Anika,614
516,Kody,507,Marisa,612
517,Rene,507,Juliet,609
518,Allan,506,Tania,609
519,Rogelio,506,Anne,608
520,Waylon,502,Amira,603
521,Alfonso,499,Joy,602
522,Byron,496,Marilyn,598
523,Trevon,496,Hallie,597
524,Reginald,493,Alyson,595
525,Keagan,492,Jimena,595
526,Tomas,489,Simone,592
527,Ezequiel,487,Tamia,591
528,Wade,486,Maritza,590
529,Gideon,485,Marlene,590
530,Brendon,484,Ayanna,589
531,Frederick,484,Lia,589
532,Jamal,482,Laney,588
533,Braiden,481,Sylvia,587
534,Triston,481,Kenya,586
535,Brooks,479,Helena,584
536,Jett,479,Jaida,584
537,Ryker,479,Cristina,582
538,Kendall,477,Tara,581
539,Milo,475,Cara,579
540,Tristin,474,Carla,579
541,Karson,473,Dayana,576
542,Wilson,473,Kaleigh,571
543,Craig,471,Virginia,571
544,Damion,471,Jaylynn,569
545,Gerald,471,Amiyah,568
546,Kendrick,471,Teresa,563
547,Joey,470,Carley,562
548,Orion,469,Regan,558
549,Willie,469,Deanna,557
550,Alijah,468,Lyric,555
551,Marlon,467,Alisha,553
552,Ronan,465,Elisa,553
553,Gunnar,464,Isis,553
554,River,464,Arely,552
555,Abram,463,Marie,550
556,Ari,463,Tabitha,550
557,Ahmad,462,Janessa,547
558,Zachery,462,Kennedi,545
559,Blaine,461,Mylee,542
560,Toby,461,Tiana,541
561,Jase,459,Jaylin,539
562,Jaylon,458,Jaidyn,538
563,Ulises,457,Annabella,533
564,Will,457,Whitney,533
565,Paxton,456,Britney,531
566,Maverick,455,Aria,530
567,Talan,454,Saniyah,527
568,Malcolm,453,Shania,527
569,Marquis,452,Zoie,527
570,Rolando,452,Justice,525
571,Kieran,450,Lilah,525
572,Terrence,449,Nathalie,525
573,Deshawn,448,Lisa,524
574,Emmett,448,Zion,524
575,Ahmed,447,Quinn,523
576,Steve,447,Amara,521
577,Harry,445,Martha,521
578,Darian,444,Emery,520
579,Gianni,443,Regina,520
580,Davin,441,Jolie,518
581,Jairo,441,Haven,515
582,Moshe,440,Pamela,514
583,Brycen,439,Ellen,513
584,Rashad,439,Daphne,512
585,Trace,437,Kailee,512
586,Kolton,436,Jordin,511
587,Ibrahim,435,Juliette,511
588,Alonzo,432,Emilie,509
589,Julien,432,Kiersten,507
590,Ramiro,431,Larissa,506
591,Zayden,430,Yazmin,506
592,Cedric,429,Parker,505
593,Colt,428,Aylin,504
594,Rodolfo,426,Katrina,504
595,Gilberto,424,Yareli,504
596,Johnathon,424,Jaelynn,503
597,Jaeden,422,Yadira,503
598,Vicente,421,Reyna,502
599,Kamari,419,Jaslene,501
600,Dominik,418,Kaylynn,501
601,Jefferson,417,Precious,500
602,Jerome,417,Angeline,498
603,Camren,416,Luz,497
604,Harley,416,Jessie,496
605,Darrell,415,Zariah,496
606,Tyrone,415,Carolyn,495
607,Aydan,414,Rhianna,495
608,Zackery,414,Kasey,494
609,August,413,Arielle,492
610,Ben,409,Aspen,492
611,Devan,409,Maia,492
612,Alvaro,408,Addisyn,491
613,Aryan,405,Paisley,491
614,Valentin,404,Myah,488
615,Aron,402,Aryanna,487
616,Francis,402,Aleena,485
617,Junior,401,Eve,484
618,Javion,399,Carlie,482
619,Asa,398,Maeve,480
620,Stanley,398,Natalee,480
621,Sincere,397,Shyanne,479
622,Ryland,395,Mckayla,478
623,Jacoby,394,Carissa,477
624,Matteo,392,Haleigh,477
625,Jabari,391,Ingrid,477
626,Xzavier,391,Barbara,476
627,Boston,388,Sherlyn,476
628,Mohammad,388,Alexus,475
629,Deacon,386,Clare,473
630,Alexzander,385,Skyla,473
631,Clark,385,Belinda,472
632,Bradyn,384,Destinee,472
633,Ronnie,383,Liberty,469
634,Kale,382,Abbie,468
635,Korbin,382,Aiyana,468
636,Ray,382,Irene,467
637,Kole,381,Kaia,465
638,Lee,381,Giana,463
639,Armani,380,Aleah,462
640,Efrain,380,Susan,462
641,Kane,380,Ada,461
642,Davian,378,Cherish,461
643,Kolby,378,Kaylyn,461
644,Gavyn,377,Noemi,461
645,Adriel,376,Karlee,460
646,Amare,376,Sonia,460
647,Omari,376,Danna,458
648,Adolfo,375,Adyson,457
649,Damarion,375,Amani,456
650,Tyree,375,Arabella,456
651,Tyrese,375,Gwendolyn,455
652,Draven,371,Paula,455
653,Lawson,371,Judith,453
654,Brennen,366,Macey,453
655,Finnegan,366,Patience,453
656,Enzo,365,Iliana,452
657,Elisha,364,Siena,452
658,Keenan,364,Gia,449
659,London,364,Gisselle,449
660,Alonso,363,Janet,449
661,Zechariah,363,Karissa,449
662,Barrett,362,Brylee,448
663,Jamie,362,Khloe,446
664,Beckett,361,Kierra,446
665,Davon,360,Mikaela,446
666,Dwayne,360,Carlee,444
667,Kadin,360,Jazmyn,442
668,Layne,360,Madalynn,442
669,Deven,359,Lainey,440
670,Kason,359,Sanaa,438
671,Kian,357,Araceli,437
672,Leonard,356,Charity,436
673,Bailey,355,Jacquelyn,436
674,Elvis,355,Annalise,434
675,Teagan,352,Greta,434
676,Wayne,352,Janae,434
677,Eugene,351,Corinne,433
678,Misael,351,Alena,432
679,Quintin,351,Deja,432
680,Harold,350,Lea,432
681,Antoine,349,Damaris,431
682,Coleman,349,India,430
683,Nico,348,Lorelei,430
684,Gilbert,347,Kaya,428
685,Atticus,346,Liana,427
686,Frankie,345,Shaniya,427
687,Giovani,345,Yasmine,427
688,Krish,345,Cristal,425
689,Markus,345,Mariam,423
690,Mohammed,345,Journey,422
691,Derick,343,Kaliyah,421
692,Addison,341,Stacy,421
693,Jorden,340,Dylan,420
694,Lamar,338,Joslyn,420
695,Lewis,338,Kallie,419
696,Braylen,336,Aisha,418
697,Jadyn,335,Ally,418
698,Randall,335,Maci,418
699,Freddy,333,Savanah,418
700,Isai,333,Tamara,416
701,Raphael,333,Brisa,415
702,Rhett,332,Jakayla,415
703,Rudy,332,Sharon,415
704,Kaeden,331,Zaria,415
705,Muhammad,330,Ansley,414
706,Santino,330,Mayra,414
707,Jaron,329,Alma,413
708,Nash,327,Kaley,413
709,Alessandro,326,Audrina,412
710,Kasey,326,Felicity,412
711,Todd,326,Catalina,411
712,Aydin,325,Adelaide,410
713,Darnell,325,Chaya,409
714,Cale,323,Phoenix,409
715,Giancarlo,323,Renee,409
716,Jarrett,323,Rubi,409
717,Malakai,323,Zara,408
718,Messiah,322,Cierra,407
719,Sage,322,Elliana,407
720,King,321,Elaine,406
721,Vance,318,Azul,405
722,Cason,317,Rosemary,404
723,Hamza,317,Scarlet,404
724,Brice,316,Adison,401
725,Irvin,316,Evelin,401
726,Josh,316,Jaliyah,401
727,Tristian,316,Lilyana,401
728,Cannon,315,Edith,400
729,Arjun,314,Taliyah,400
730,Donte,314,Camilla,399
731,Kareem,314,Keely,399
732,Sullivan,314,Jamya,397
733,Agustin,310,Kelsie,397
734,Giovanny,310,Anabelle,396
735,Kamden,309,Eileen,396
736,Semaj,309,Sariah,396
737,Luciano,308,Aliya,395
738,Vaughn,306,Tia,395
739,Yandel,306,Laci,394
740,Jordon,305,Kamila,393
741,Neil,305,Tiara,393
742,Nigel,303,Campbell,392
743,Alfred,301,Elsa,392
744,Jamarcus,301,Giovanna,392
745,Roland,301,Kaila,392
746,Justus,300,Leanna,391
747,Kamron,300,Marely,391
748,Jamar,299,Amiya,389
749,Luka,298,Ashleigh,389
750,Soren,297,Elyse,389
751,Aditya,296,Jaylene,389
752,Seamus,295,Mara,389
753,Yair,295,Marianna,389
754,Mike,292,Adrienne,388
755,Tyrell,292,Joselin,387
756,Jaydin,291,Tianna,387
757,Clinton,290,Kinsley,386
758,Oswaldo,290,Dominique,385
759,Adonis,289,Lorena,385
760,Ean,289,Mila,385
761,Ernest,289,Amelie,384
762,Ignacio,289,Maliyah,384
763,Jaquan,289,Jaycee,383
764,Demarcus,288,Karlie,381
765,Duncan,288,Lucille,380
766,Jovani,287,Meadow,380
767,Bo,286,Aryana,379
768,Cullen,286,Ashly,378
769,Humberto,286,Micah,378
770,Layton,286,Theresa,378
771,Jordyn,285,Jaylyn,376
772,Dale,284,Maleah,374
773,Darien,284,Monique,374
774,Aedan,283,Jayleen,373
775,Clay,281,Mollie,373
776,Dashawn,281,Monserrat,373
777,Jair,281,Deborah,372
778,Lucian,281,Emmalee,372
779,Mathias,281,Celia,370
780,Kylan,280,Mariela,370
781,Ace,279,Hana,369
782,Gaige,279,Ann,368
783,Malaki,278,Cecelia,367
784,Yusuf,276,Charlie,367
785,Alden,275,Leyla,367
786,Chaim,275,Shiloh,367
787,Deon,275,Taniya,367
788,Dominique,275,Gillian,366
789,Prince,273,Cassie,365
790,Santos,273,Jewel,365
791,Augustus,272,Yuliana,365
792,Finley,272,Marlee,364
793,Marcelo,272,Mattie,364
794,Maxim,272,Isabell,363
795,Remington,272,Ryann,362
796,Kenyon,271,Annabel,361
797,Konner,271,Stephany,361
798,Memphis,271,Miah,360
799,Matias,269,Ayana,359
800,Sterling,269,Nathaly,359
801,Rylee,268,Brittney,358
802,Zaire,268,Amina,357
803,Karter,267,Dahlia,356
804,Madden,266,Litzy,356
805,Antony,265,Madilynn,356
806,Braedon,265,Shaylee,356
807,Darion,265,Evie,355
808,Bruno,263,Gracelyn,355
809,Nathanial,263,Krista,355
810,Salvatore,263,Gina,354
811,Ellis,262,Tanya,354
812,Hassan,262,Braelyn,353
813,Jax,262,Kaiya,353
814,Kasen,262,Kristin,353
815,Matthias,262,Finley,352
816,Rhys,262,Jaylee,352
817,Van,262,Lesley,352
818,Conrad,261,Esperanza,351
819,Cristofer,261,Thalia,351
820,Darwin,261,Shyla,350
821,Jeramiah,261,Abbey,349
822,Nikhil,261,Saige,349
823,Ross,261,Salma,349
824,Yosef,261,Hailie,348
825,Aidyn,260,Luciana,348
826,Glenn,260,Averie,347
827,Haiden,260,Chelsey,347
828,Rory,260,Frances,347
829,Keshawn,259,Frida,347
830,Omarion,259,Princess,347
831,Savion,259,Jaeda,346
832,Dexter,257,Aracely,345
833,Samir,257,Selah,344
834,Houston,256,Aimee,343
835,Zavier,256,Aliza,343
836,Killian,255,Kenna,343
837,Roderick,255,Valery,343
838,Demarion,254,Joyce,341
839,Dillan,254,Xiomara,341
840,Jamir,254,Jazlynn,338
841,Sidney,254,Londyn,338
842,Deangelo,253,Julianne,337
843,Keon,253,Kayley,337
844,Anton,251,Akira,336
845,Devyn,250,Giada,336
846,Jaylan,250,Shyann,336
847,Adrien,249,Adelyn,335
848,Dario,249,Kaylen,335
849,Jaidyn,249,Meagan,335
850,Clarence,248,Carina,334
851,Jovanni,248,Jocelynn,333
852,Marcel,248,Belen,331
853,Reagan,247,Lilianna,331
854,Antwan,246,Rayna,331
855,Marques,245,Sydnee,331
856,Slade,245,Jacey,330
857,Octavio,243,Paloma,329
858,Darryl,242,Shayna,328
859,Carmelo,241,Keyla,327
860,Elmer,241,Mylie,327
861,Jean,241,Lizeth,326
862,Karl,241,Kinley,325
863,Reynaldo,241,Karma,324
864,Howard,240,Magdalena,324
865,Jasiah,240,Marin,324
866,Sonny,240,Libby,323
867,Jovan,239,Myla,322
868,Quinten,239,Lorelai,321
869,Ralph,239,Alisa,320
870,Winston,239,Annette,320
871,Leandro,238,Chasity,320
872,Rigoberto,238,Jaylen,320
873,Zain,238,Alani,319
874,Coby,236,Ireland,319
875,Rex,236,Kianna,319
876,Blaze,235,Noelia,319
877,Vincenzo,234,Tyler,319
878,Makai,233,Adalyn,318
879,Harper,231,Chanel,318
880,Broderick,229,Miya,318
881,Elian,229,Moriah,318
882,Kadyn,229,Elsie,317
883,Kellan,228,Gretchen,316
884,Landin,228,Briley,315
885,Pranav,228,Abigayle,314
886,Thaddeus,228,Abagail,313
887,Royce,227,Taniyah,313
888,Chaz,226,Brandy,312
889,Nathen,226,Charlize,312
890,Carlo,225,Dania,312
891,Garrison,225,Janiah,312
892,Nick,225,Tess,311
893,Samson,225,Bria,309
894,Stone,225,Makaila,309
895,Abdullah,224,Neveah,309
896,Lamont,224,Beatrice,308
897,Gaven,223,Breana,308
898,Jaydan,223,Lilia,308
899,Estevan,222,Sarahi,308
900,Milton,222,Aliana,307
901,Nery,222,Galilea,305
902,Heath,221,Giuliana,305
903,Zack,221,Karley,305
904,Keyon,220,Naima,305
905,Rayan,220,Anais,303
906,Alexandro,219,Makena,303
907,Jarvis,219,Maribel,303
908,Reuben,219,Nyasia,303
909,Dangelo,218,Dalia,302
910,Donavan,218,Jalynn,302
911,Reilly,218,Kendal,298
912,Branson,217,Mariyah,298
913,Joan,217,Ashanti,297
914,Jovany,217,Destini,297
915,Niko,217,Azaria,296
916,Camryn,216,Johana,296
917,Marquise,216,Areli,295
918,Rocky,216,Dixie,295
919,Cristobal,215,Natalya,295
920,German,215,Yaretzi,295
921,Hezekiah,215,Kathy,294
922,Rey,215,Maryam,294
923,Simeon,215,Justine,293
924,Cael,214,Roselyn,293
925,Dereon,214,Shea,293
926,Elvin,214,Desirae,292
927,Izayah,214,Tatyana,292
928,Maximo,214,Maryjane,291
929,Fredrick,213,Selina,291
930,Amarion,212,Zaniyah,291
931,Bernard,212,Lara,290
932,Carmine,212,Toni,290
933,Dax,212,Karli,289
934,Fisher,212,Montana,289
935,Mariano,212,Yuridia,289
936,Ronaldo,212,Devyn,288
937,Stefan,212,Kaylah,288
938,Yael,212,Laurel,288
939,Case,211,Leia,288
940,Garret,211,Raina,288
941,Kelton,211,Reina,288
942,Konnor,211,Rhiannon,288
943,Ethen,210,Essence,287
944,Raiden,210,Kenia,287
945,Turner,210,Mina,287
946,Nestor,209,Shirley,287
947,Shamar,209,Jaclyn,286
948,Eliezer,208,Janice,286
949,Jayvon,208,Rayne,286
950,Jovanny,208,Tyra,286
951,Nikolai,208,Abigale,285
952,Haden,207,Adamaris,285
953,Lyric,207,Anabel,285
954,Brad,206,Kinsey,285
955,Jaren,206,Blanca,284
956,Sheldon,206,Jasmyn,284
957,Yurem,206,Lucero,284
958,Arnav,205,Rebeca,284
959,Cortez,205,Emmy,283
960,Devonte,205,Jaylah,283
961,Eliseo,205,Hillary,282
962,Gonzalo,205,Yamilet,280
963,Rishi,205,Yaritza,280
964,Amos,204,Amaris,279
965,Emery,204,Lina,279
966,Jamel,204,Alyvia,278
967,Menachem,204,Jailyn,278
968,Andreas,203,Flor,277
969,Bernardo,202,Iyana,277
970,Edison,202,Joseline,277
971,Fletcher,202,Kelis,277
972,Immanuel,202,Lillianna,277
973,Jagger,202,Cailyn,276
974,Tegan,202,Cloe,276
975,Truman,202,Maren,276
976,Efren,201,Armani,275
977,Kamryn,201,Graciela,275
978,Kelan,201,Katlyn,275
979,Keven,201,Brandi,274
980,Zayne,201,Joana,274
981,Cornelius,200,Mira,274
982,Hugh,200,Charlee,273
983,Jayvion,200,Alannah,272
984,Ronin,200,Antonia,272
985,Tyshawn,200,Hayleigh,272
986,Javen,199,Allyssa,271
987,Gauge,198,Delia,271
988,Treyvon,198,Sheila,271
989,Adin,197,Sky,271
990,Blaise,197,Olive,270
991,Deshaun,197,Diya,269
992,Talen,197,Leticia,269
993,Vince,197,Pearl,269
994,Gordon,196,Carrie,268
995,Bentley,195,Izabelle,268
996,Daxton,195,Kylah,268
997,Dimitri,195,Celine,267
998,Isaak,195,Hadassah,267
999,Brenton,194,Susana,267
1000,Leroy,194,Kya,265
